"indicator","income","region_var","n","n_countries","r2_income","r2_region","r2_both","adj_r2_income","adj_r2_region","adj_r2_both","cv_r2_income","cv_r2_region","cv_r2_both","lmg_income","lmg_region","share_income","share_income_adj","spec"
"happy","log_gdp_ppp","region",337,112,0.145169361170421,0.299496820604428,0.367172983964116,0.142617627920183,0.291057023262312,0.35761366348019,0.124430803008835,0.259847206318375,0.323896418294,0.106422762265055,0.260750221699061,0.289843662014783,0.292458439790079,"wvs"
"very_happy","log_gdp_ppp","region",337,112,5.44338257046917e-05,0.330539341486317,0.330719543880499,-0.00293047831212911,0.322473550419887,0.320609567201956,-0.0265984619679527,0.270881778164194,0.263229822437525,0.000117318109943088,0.330602225770556,0.000354735945044358,-0.00747710302581196,"wvs"
"very_unhappy","log_gdp_ppp","region",337,112,0.0719783184105132,0.144826237007125,0.164641461596119,0.0692081044356192,0.134522938657814,0.152022752556786,0.0561864426299996,0.100263023506454,0.113157784727129,0.0458967714997535,0.118744690096366,0.278768003240536,0.285180727477629,"wvs"
"very_happy_minus_very_unhappy","log_gdp_ppp","region",337,112,0.00383931169707052,0.326372363948432,0.326656535635706,0.000865697702136292,0.318256368333353,0.316485184210263,-0.0217064866613701,0.268822398120895,0.261059308021966,0.00206174169217183,0.324594793943534,0.00631164990518091,-0.00143053524482275,"wvs"
"happiness_mean","log_gdp_ppp","region",337,112,0.0454464685024525,0.330928319765738,0.347732150049951,0.0425970549755942,0.322867215184602,0.33787916138001,0.0220583250714173,0.285048542105532,0.294297490221445,0.0311251493933327,0.316607000656618,0.0895089780707985,0.0852508940410947,"wvs"
"satisfied_mean","log_gdp_ppp","region",337,112,0.234101696128982,0.415005942920954,0.502397509436287,0.231815432535337,0.407957821751327,0.49488085550028,0.213801951855203,0.377731880103817,0.462209730699982,0.160746631322158,0.34165087811413,0.319959052946984,0.322035559409622,"wvs"
"satisfied","log_gdp_ppp","region",337,112,0.317239571532451,0.395476069270876,0.532376911587574,0.315201480701205,0.388192648418718,0.525313118711253,0.30028656135356,0.36063832394141,0.50005053508608,0.227070206924575,0.305306704662999,0.426521515081186,0.430526037597746,"wvs"
"happiness_layard","log_gdp_ppp","region",335,112,0.276064517490557,0.387894972260673,0.508711957990236,0.2738905370626,0.380475517378984,0.501245574373067,0.257778203389288,0.351427677221847,0.473527839575338,0.19844075161006,0.310271206380176,0.390084700178934,0.393679878919934,"wvs"
"low_satisfaction","log_gdp_ppp","region",337,112,0.25858101249265,0.336606624238637,0.416828919126823,0.256367821485165,0.328613932964404,0.408019688297923,0.239994853613587,0.296422428405788,0.373680041302114,0.169401653690418,0.247427265436405,0.40640571207315,0.411467370875389,"wvs"
"happy","log_gdp","region",337,112,0.196789188524132,0.299496820604428,0.368776501638394,0.194391544310772,0.291057023262312,0.359241403475832,0.176940651662197,0.259847206318375,0.327028845731415,0.133034434779049,0.235742066859345,0.360745422194761,0.365458883613837,"wvs"
"very_happy","log_gdp","region",337,112,0.00378813613323614,0.330539341486317,0.331910557191928,0.000814369375424895,0.322473550419887,0.32181857165102,-0.024210222611581,0.270881778164194,0.264979090542122,0.00257967591942332,0.329330881272504,0.00777220206928103,0.000247640472922643,"wvs"
"very_unhappy","log_gdp","region",337,112,0.100729513585861,0.144826237007125,0.175225357460124,0.0980451240741774,0.134522938657814,0.162766526001818,0.0848073820415222,0.100263023506454,0.127630159178626,0.0655643170194299,0.109661040440694,0.374171398305467,0.387944359692149,"wvs"
"very_happy_minus_very_unhappy","log_gdp","region",337,112,0.0146666108962844,0.326372363948432,0.326378188331461,0.0117253171974674,0.318256368333353,0.31620263226396,-0.012222659849435,0.268822398120895,0.261545084493669,0.00733621763965642,0.319041970691805,0.0224776590530184,0.0152933279821668,"wvs"
"happiness_mean","log_gdp","region",337,112,0.0777566598851188,0.330928319765738,0.345810546589508,0.0750036946907461,0.322867215184602,0.335928530676962,0.0538493388734635,0.285048542105532,0.29335784372991,0.0463194433544443,0.299491103235063,0.133944565344409,0.131077003203089,"wvs"
"satisfied_mean","log_gdp","region",337,112,0.290284980164839,0.415005942920954,0.507020928242242,0.288166427866823,0.407957821751327,0.499574114469466,0.271171505671364,0.377731880103817,0.467769159763985,0.191149982743063,0.315870945499179,0.377006099937036,0.380106484288404,"wvs"
"satisfied","log_gdp","region",337,112,0.379744116962979,0.395476069270876,0.537121215730287,0.377892606864361,0.388192648418718,0.530129089079687,0.36536070541121,0.36063832394141,0.507618134884817,0.260694631711195,0.276426584019092,0.485355305425324,0.490285345808662,"wvs"
"happiness_layard","log_gdp","region",335,112,0.345196528867234,0.387894972260673,0.513545501181332,0.343230152077046,0.380475517378984,0.506152575667371,0.328873454840231,0.351427677221847,0.480648663450809,0.235423528893947,0.278121972287386,0.458427789460508,0.463207373534719,"wvs"
"low_satisfaction","log_gdp","region",337,112,0.315131640135325,0.336606624238637,0.431579406693301,0.31308725697155,0.328613932964404,0.422992992897127,0.298487542987757,0.296422428405788,0.392404082725975,0.205052211294995,0.226527195398307,0.47512047172518,0.481646651063284,"wvs"
"happy","group_gdp_ppp","region",337,112,0.206042208759224,0.299496820604428,0.385497182332692,0.194048888649847,0.291057023262312,0.368584260745518,0.157558469874812,0.259847206318375,0.318415647712606,0.146021285243744,0.239475897088948,0.378786906716545,0.368404399015504,"wvs"
"very_happy","group_gdp_ppp","region",337,112,0.0321883694306586,0.330539341486317,0.344500951391816,0.017568858394868,0.322473550419887,0.326459693173242,-0.0358726137429515,0.270881778164194,0.248340876792736,0.0230749896680787,0.321425961723737,0.0669809171058994,0.0330132656480568,"wvs"
"very_unhappy","group_gdp_ppp","region",337,112,0.116729489907575,0.144826237007125,0.208197408366804,0.103387035072342,0.134522938657814,0.186404676486991,0.0717566704449943,0.100263023506454,0.131480462231755,0.0900503306336266,0.118147077733177,0.432523782788762,0.41648304062896,"wvs"
"very_happy_minus_very_unhappy","group_gdp_ppp","region",337,112,0.041563107459098,0.326372363948432,0.346133816453308,0.0270852087802324,0.318256368333353,0.328137499474959,-0.0243325367155731,0.268822398120895,0.252812872814627,0.0306622799819868,0.315471536471321,0.088585045795787,0.0563275151133082,"wvs"
"happiness_mean","group_gdp_ppp","region",337,112,0.097296300851772,0.330928319765738,0.365272695230157,0.0836602933117686,0.322867215184602,0.34780313638328,0.0387230427052256,0.285048542105532,0.28544562994724,0.0658203381580954,0.299452357072061,0.180195068006992,0.156117359434582,"wvs"
"satisfied_mean","group_gdp_ppp","region",337,112,0.228334185981432,0.415005942920954,0.498463670607848,0.216677602688101,0.407957821751327,0.484659918422742,0.174779025378859,0.377731880103817,0.435173128587254,0.155895956834163,0.342567713773685,0.312752896603391,0.302665527112577,"wvs"
"satisfied","group_gdp_ppp","region",337,112,0.32171747114752,0.395476069270876,0.53290814193547,0.311471511497181,0.388192648418718,0.520052402722685,0.280098560290568,0.36063832394141,0.482423927760534,0.229574771906057,0.303333370029413,0.430796142600232,0.426237109452941,"wvs"
"happiness_layard","group_gdp_ppp","region",335,112,0.304869080558121,0.387894972260673,0.517942517288984,0.294304780870555,0.380475517378984,0.504593233152371,0.260987507760814,0.351427677221847,0.462901418365495,0.217458312793216,0.300484204495768,0.419850283640426,0.414613662206595,"wvs"
"low_satisfaction","group_gdp_ppp","region",337,112,0.283801143938846,0.336606624238637,0.438887540863941,0.272982430101064,0.328613932964404,0.423444078685885,0.243604749921942,0.296422428405788,0.381571985087641,0.193041030282075,0.245846510581866,0.439841673113066,0.434310685089769,"wvs"
"happy","cluster5_gdp_ppp","region",337,112,0.185782244793866,0.299496820604428,0.369499809345241,0.175972392321502,0.291057023262312,0.354121755914637,0.144261296552259,0.259847206318375,0.306265076522983,0.127892616767339,0.241607192577901,0.346123633985,0.337506974622943,"wvs"
"very_happy","cluster5_gdp_ppp","region",337,112,0.0313898607769686,0.330539341486317,0.342456055648322,0.0197198590995826,0.322473550419887,0.326418398469013,-0.0276485658484225,0.270881778164194,0.252372337906996,0.0216532874694868,0.320802768178835,0.0632293899095865,0.0362490399740058,"wvs"
"very_unhappy","cluster5_gdp_ppp","region",337,112,0.10507026270663,0.144826237007125,0.203169941652169,0.0942879767151433,0.134522938657814,0.18373506218027,0.0724150618373298,0.100263023506454,0.136991031995521,0.0817069836758365,0.121462957976332,0.402160787227672,0.390508209306305,"wvs"
"very_happy_minus_very_unhappy","cluster5_gdp_ppp","region",337,112,0.0346094168070186,0.326372363948432,0.337760625737521,0.0229782049613201,0.318256368333353,0.321608445877461,-0.0224166355787658,0.268822398120895,0.249132987771996,0.0229988392980537,0.314761786439468,0.0680921266291307,0.0409353094468483,"wvs"
"happiness_mean","cluster5_gdp_ppp","region",337,112,0.0790896030664827,0.330928319765738,0.351253876107141,0.0679942970793319,0.322867215184602,0.335430799914632,0.0280551472432425,0.285048542105532,0.275217893454477,0.049707579703943,0.301546296403198,0.141514679509988,0.120081223653082,"wvs"
"satisfied_mean","cluster5_gdp_ppp","region",337,112,0.205499557316533,0.415005942920954,0.490944261421202,0.195927262826371,0.407957821751327,0.478528267797328,0.156984633427109,0.377731880103817,0.430209675555074,0.14071893790839,0.350225323512811,0.286629153177252,0.278455555090888,"wvs"
"satisfied","cluster5_gdp_ppp","region",337,112,0.295666505708718,0.395476069270876,0.521637369974455,0.287180559994366,0.388192648418718,0.50996998875432,0.256794043624954,0.36063832394141,0.471413551059991,0.210913903206149,0.310723466768306,0.404330508790959,0.400962712853859,"wvs"
"happiness_layard","cluster5_gdp_ppp","region",335,112,0.277698506036476,0.387894972260673,0.501753659823631,0.268943336412676,0.380475517378984,0.489526755770224,0.238946933832627,0.351427677221847,0.448372239403909,0.195778596799717,0.305975063023914,0.390188677185801,0.386081629194279,"wvs"
"low_satisfaction","cluster5_gdp_ppp","region",337,112,0.25989580534563,0.336606624238637,0.42885049471295,0.250978887337745,0.328613932964404,0.414920018974242,0.219300656936537,0.296422428405788,0.366470540262029,0.176069837909971,0.252780656802979,0.410562282381937,0.406445770176881,"wvs"
"happy","cluster6_gdp_ppp","region",337,112,0.19703998993264,0.299496820604428,0.385180461546847,0.184910684644614,0.291057023262312,0.368258822873824,0.150827084877712,0.259847206318375,0.320015899188525,0.14136181543753,0.243818646109317,0.367001521494197,0.355880793582416,"wvs"
"very_happy","cluster6_gdp_ppp","region",337,112,0.0361025056074484,0.330539341486317,0.353303458926459,0.0215421204957784,0.322473550419887,0.335504471557463,-0.0246178534579014,0.270881778164194,0.26789271348698,0.0294333115237952,0.323870147402664,0.0833088688495456,0.0515239654971817,"wvs"
"very_unhappy","cluster6_gdp_ppp","region",337,112,0.131812120511986,0.144826237007125,0.224167495609009,0.118697499975913,0.134522938657814,0.202814307414762,0.0936196779004766,0.100263023506454,0.157041348346539,0.105576689556935,0.118590806052075,0.470972338206787,0.460985398703808,"wvs"
"very_happy_minus_very_unhappy","cluster6_gdp_ppp","region",337,112,0.0412197362913057,0.326372363948432,0.350195129022603,0.0267366507367938,0.318256368333353,0.33231059128928,-0.0181580728997337,0.268822398120895,0.265747904539958,0.032521250682738,0.317673878339865,0.0928660851837232,0.061374621757408,"wvs"
"happiness_mean","cluster6_gdp_ppp","region",337,112,0.0905703148840139,0.330928319765738,0.368052082612757,0.0768327063475186,0.322867215184602,0.350659020666319,0.0370276626830203,0.285048542105532,0.294754105570289,0.0638470388655165,0.30420504374724,0.173472836812318,0.149182689825616,"wvs"
"satisfied_mean","cluster6_gdp_ppp","region",337,112,0.222672438587151,0.415005942920954,0.496392387312052,0.21093033040871,0.407957821751327,0.482531627329815,0.168770029629674,0.377731880103817,0.4325371581678,0.152029441489125,0.344362945822927,0.306268680533879,0.295839816311204,"wvs"
"satisfied","cluster6_gdp_ppp","region",337,112,0.315911998061694,0.395476069270876,0.533622884134691,0.30557834244329,0.388192648418718,0.520786816725554,0.273585457196231,0.36063832394141,0.480952564013857,0.227029406462755,0.306593477671937,0.425449157471759,0.420683182328938,"wvs"
"happiness_layard","cluster6_gdp_ppp","region",335,112,0.296239976843046,0.387894972260673,0.518319037922339,0.285544535761634,0.380475517378984,0.504980180510957,0.253877348432346,0.351427677221847,0.463405498420465,0.213332021252356,0.304987016669983,0.411584382675753,0.406005240125171,"wvs"
"low_satisfaction","cluster6_gdp_ppp","region",337,112,0.300153259288018,0.336606624238637,0.453585401147357,0.289581556256115,0.328613932964404,0.438546467233981,0.249567581373188,0.296422428405788,0.3856430144692,0.208566018098369,0.245019383048988,0.459816426125699,0.4554980148917,"wvs"
"happy","cluster7_gdp_ppp","region",337,112,0.204736605965875,0.299496820604428,0.386674890530729,0.190277271528891,0.291057023262312,0.367861236866027,0.157197735467209,0.259847206318375,0.320411077739843,0.145957337946088,0.240717552584641,0.377467845780612,0.36301933768286,"wvs"
"very_happy","cluster7_gdp_ppp","region",337,112,0.0445576732882007,0.330539341486317,0.356509611342114,0.0271859946207135,0.322473550419887,0.336770642364878,-0.019724794961449,0.270881778164194,0.268409366337537,0.0352639715719986,0.321245639770115,0.098914504546579,0.0615895231757745,"wvs"
"very_unhappy","cluster7_gdp_ppp","region",337,112,0.132568043269867,0.144826237007125,0.224432047620624,0.116796553147501,0.134522938657814,0.200641619633526,0.0935332553238963,0.100263023506454,0.156256433226606,0.106086926941683,0.118345120678941,0.472690634276128,0.455825751549729,"wvs"
"very_happy_minus_very_unhappy","cluster7_gdp_ppp","region",337,112,0.0492895218336128,0.326372363948432,0.353598529143531,0.0320038767760421,0.318256368333353,0.333770263166339,-0.0131638958694078,0.268822398120895,0.266855423619206,0.0382578435143558,0.315340685629176,0.108195708865142,0.0711833510245139,"wvs"
"happiness_mean","cluster7_gdp_ppp","region",337,112,0.0998535688413229,0.330928319765738,0.370982924939953,0.0834872700929833,0.322867215184602,0.351687922637498,0.0441493164677841,0.285048542105532,0.296168233172129,0.0699540870077691,0.301028837932184,0.188564169143612,0.159669937914872,"wvs"
"satisfied_mean","cluster7_gdp_ppp","region",337,112,0.231221459018193,0.415005942920954,0.499936867605069,0.217243667363979,0.407957821751327,0.484597507715653,0.174627845546527,0.377731880103817,0.434266195290718,0.158076191851154,0.341860675753915,0.31619230765759,0.303224169180774,"wvs"
"satisfied","cluster7_gdp_ppp","region",337,112,0.322957699429091,0.395476069270876,0.536275275368726,0.310647839418711,0.388192648418718,0.522050590564086,0.278584886701027,0.36063832394141,0.48238782460789,0.231878452763471,0.304396822605255,0.432386991184776,0.425730560982396,"wvs"
"happiness_layard","cluster7_gdp_ppp","region",335,112,0.304688579518637,0.387894972260673,0.52075543213092,0.291969468168368,0.380475517378984,0.505963933122615,0.260607092049659,0.351427677221847,0.464824160938159,0.218774519694442,0.301980912436478,0.420109913782793,0.412537195423801,"wvs"
"low_satisfaction","cluster7_gdp_ppp","region",337,112,0.303316032285676,0.336606624238637,0.455901419219785,0.290649051054506,0.328613932964404,0.439211278705055,0.250791556471844,0.296422428405788,0.386080101287215,0.211305413633412,0.244596005586373,0.463489264839388,0.456780615901041,"wvs"
"happy","cluster7_gdp","region",337,112,0.232540255324294,0.299496820604428,0.376825950091955,0.218586441784735,0.291057023262312,0.357710181689868,0.184494825910559,0.259847206318375,0.30630719411144,0.154934692405911,0.221891257686045,0.411157173140816,0.398702098532369,"wvs"
"very_happy","cluster7_gdp","region",337,112,0.0422289030119114,0.330539341486317,0.356336983490916,0.0248148830666735,0.322473550419887,0.336592719180821,-0.0381847614884665,0.270881778164194,0.25293381103304,0.034013272508255,0.322323710982661,0.0954525465615109,0.0578355525965664,"wvs"
"very_unhappy","cluster7_gdp","region",337,112,0.144782035065899,0.144826237007125,0.218300882886798,0.129232617521643,0.134522938657814,0.194322382361853,0.098621623605832,0.100263023506454,0.141831361703242,0.109128340472786,0.109172542414012,0.49989875913317,0.486387772031531,"wvs"
"very_happy_minus_very_unhappy","cluster7_gdp","region",337,112,0.0521197631629318,0.326372363948432,0.348265865222151,0.0348855770386215,0.318256368333353,0.328274020597064,-0.0250123020989566,0.268822398120895,0.247255074886968,0.0370066322183251,0.311259233003826,0.106259716825016,0.0683929072740235,"wvs"
"happiness_mean","cluster7_gdp","region",337,112,0.111826084454314,0.330928319765738,0.35463553202914,0.0956774678080283,0.322867215184602,0.334839075956414,0.0481107773140136,0.285048542105532,0.26861825046265,0.0677666483588577,0.286868883670282,0.191088151745859,0.160747858164937,"wvs"
"satisfied_mean","cluster7_gdp","region",337,112,0.289480656438607,0.415005942920954,0.507603538448535,0.276562122919309,0.407957821751327,0.492499352511374,0.23156093910081,0.377731880103817,0.439547248434277,0.191039125983094,0.316564412465441,0.376354992652328,0.366603176063075,"wvs"
"satisfied","cluster7_gdp","region",337,112,0.381162699729538,0.395476069270876,0.540418870581517,0.369911112451893,0.388192648418718,0.526321289924508,0.338260125236096,0.36063832394141,0.486688104885651,0.26305275052009,0.277366120061427,0.48675715234931,0.482632722334445,"wvs"
"happiness_layard","cluster7_gdp","region",335,112,0.351165329458363,0.387894972260673,0.515349717345434,0.339296402558211,0.380475517378984,0.500391375288194,0.308142854450794,0.351427677221847,0.457439152066711,0.239310037271562,0.276039680073872,0.46436435146263,0.458853092944441,"wvs"
"low_satisfaction","cluster7_gdp","region",337,112,0.341211005645471,0.336606624238637,0.454798882076664,0.329233023929934,0.328613932964404,0.438074921404169,0.284662487620549,0.296422428405788,0.379667718476542,0.229701631741749,0.225097250334915,0.505061997278676,0.500706603979458,"wvs"
"happy","log_gdp_ppp","region",25,21,0.13063152807894,0.464047156982702,0.541174968775046,0.0928328988649814,0.356856588379242,0.420431539505321,NA,NA,NA,0.103879669935642,0.437295298839404,0.191952096695778,0.186008702124357,"wvs_waves12"
"very_happy","log_gdp_ppp","region",25,21,0.0359244860859644,0.684107320230817,0.723851504052202,-0.00599184060595026,0.62092878427698,0.651180847223834,NA,NA,NA,0.0378343349536745,0.686017169098527,0.0522680891617599,0.0186278684672093,"wvs_waves12"
"very_unhappy","log_gdp_ppp","region",25,21,0.187152926907658,0.58210395871449,0.652505233485663,0.151811749816687,0.498524750457388,0.56105924229768,NA,NA,NA,0.128777100839416,0.523728132646248,0.197357958573746,0.191019259195496,"wvs_waves12"
"very_happy_minus_very_unhappy","log_gdp_ppp","region",25,21,0.0117079520673284,0.697217771040138,0.718855645489976,-0.0312612674080051,0.636661325248166,0.64487028903997,NA,NA,NA,0.0166729132585835,0.702182732231393,0.0231936875827401,-0.0178735972241168,"wvs_waves12"
"happiness_mean","log_gdp_ppp","region",25,21,0.0254738643876025,0.675028724324541,0.682732176620045,-0.0168968371607625,0.610034469189449,0.599240644151636,NA,NA,NA,0.0165886583415532,0.666143518278492,0.0242974608633176,-0.0231047930984209,"wvs_waves12"
"satisfied_mean","log_gdp_ppp","region",26,21,0.0477170872604288,0.519345589806535,0.520056178957102,0.00803863256294657,0.427792368817303,0.400070223696378,NA,NA,NA,0.0242138382054981,0.495842340751604,0.0465600432900451,-0.0246000719275189,"wvs_waves12"
"satisfied","log_gdp_ppp","region",26,21,0.0627867189354014,0.462098881270111,0.483904624193554,0.0237361655577099,0.359641525321561,0.354880780241942,NA,NA,NA,0.0422962309294218,0.441608393264132,0.0874061309083585,0.0267349227325779,"wvs_waves12"
"happiness_layard","log_gdp_ppp","region",25,21,0.0885415553903433,0.519330362175376,0.567807149978883,0.0489129273638365,0.423196434610451,0.454072189447011,NA,NA,NA,0.0685091715969252,0.499297978381958,0.12065570431699,0.0878590277655695,"wvs_waves12"
"happy","log_gdp","region",25,21,0.263720294129716,0.464047156982702,0.544761060156322,0.231708133004921,0.356856588379242,0.424961339144828,NA,NA,NA,0.172217098651668,0.372543961504654,0.316133276123388,0.352753128524393,"wvs_waves12"
"very_happy","log_gdp","region",25,21,0.00100644444177989,0.684107320230817,0.714609447142702,-0.0424280579737948,0.62092878427698,0.639506670074993,NA,NA,NA,0.0157542856768327,0.69885516146587,0.0220460081234927,-0.0186473208895428,"wvs_waves12"
"very_unhappy","log_gdp","region",25,21,0.309581961207512,0.58210395871449,0.659042156270373,0.279563785607839,0.498524750457388,0.569316407920471,NA,NA,NA,0.193260079381698,0.465782076888676,0.293243880596937,0.30769835384743,"wvs_waves12"
"very_happy_minus_very_unhappy","log_gdp","region",25,21,0.00446477952944735,0.697217771040138,0.711854019827371,-0.0388193604910114,0.636661325248166,0.636026130308258,NA,NA,NA,0.0095505141583403,0.702303505669031,0.0134163942217484,-0.0310164579337302,"wvs_waves12"
"happiness_mean","log_gdp","region",25,21,0.120428135694226,0.675028724324541,0.686237119597417,0.0821858807244095,0.610034469189449,0.603667940544106,NA,NA,NA,0.0658182654835509,0.620418854113866,0.0959118409714755,0.0627988890802513,"wvs_waves12"
"satisfied_mean","log_gdp","region",26,21,0.132905050351822,0.519345589806535,0.528489059842759,0.0967760941164814,0.427792368817303,0.410611324803448,NA,NA,NA,0.0710242601940231,0.457464799648736,0.134391164530738,0.0969226191468626,"wvs_waves12"
"satisfied","log_gdp","region",26,21,0.181850661656674,0.462098881270111,0.509177544693397,0.147761105892369,0.359641525321561,0.386471930866746,NA,NA,NA,0.11446466253998,0.394712882153417,0.224803045092857,0.225878644079008,"wvs_waves12"
"happiness_layard","log_gdp","region",25,21,0.248870726729789,0.519330362175376,0.593457629153782,0.21621293223978,0.423196434610451,0.486472794720567,NA,NA,NA,0.161498996854098,0.431958632299685,0.272132312266978,0.287260968530045,"wvs_waves12"
"happy","group_gdp_ppp","region",25,21,0.409665987701392,0.464047156982702,0.628389586839064,0.254314931833337,0.356856588379242,0.405423338942503,NA,NA,NA,0.287004208778877,0.341385378060187,0.456729733894176,0.373537551126962,"wvs_waves12"
"very_happy","group_gdp_ppp","region",25,21,0.28199389045042,0.684107320230817,0.772721804398572,0.0930449142531625,0.62092878427698,0.636354887037716,NA,NA,NA,0.185304187309088,0.587417617089485,0.23980711590417,0.0852283994539898,"wvs_waves12"
"very_unhappy","group_gdp_ppp","region",25,21,0.464505327677933,0.58210395871449,0.773842162881313,0.323585677066863,0.498524750457388,0.638147460610101,NA,NA,NA,0.328121765922378,0.445720396958935,0.424016397220661,0.362932093137788,"wvs_waves12"
"very_happy_minus_very_unhappy","group_gdp_ppp","region",25,21,0.248245503530571,0.697217771040138,0.758938313433593,0.0504153728807208,0.636661325248166,0.614301301493749,NA,NA,NA,0.154983022962013,0.60395529047158,0.204210303022966,0.0228351698572704,"wvs_waves12"
"happiness_mean","group_gdp_ppp","region",25,21,0.306259043701287,0.675028724324541,0.732295897432978,0.123695634148995,0.610034469189449,0.571673435892764,NA,NA,NA,0.181763108404862,0.550532789028116,0.248209923122637,0.0746357933520606,"wvs_waves12"
"satisfied_mean","group_gdp_ppp","region",26,21,0.31784555500515,0.519345589806535,0.652748677882226,0.147306943756437,0.427792368817303,0.457419809190978,NA,NA,NA,0.22562432154042,0.427124356341805,0.345652667229346,0.193404811701366,"wvs_waves12"
"satisfied","group_gdp_ppp","region",26,21,0.351116541758413,0.462098881270111,0.678134145165639,0.188895677198017,0.359641525321561,0.49708460182131,NA,NA,NA,0.28357590282697,0.394558242338668,0.418170807130948,0.32825272851147,"wvs_waves12"
"happiness_layard","group_gdp_ppp","region",25,21,0.411435143368846,0.519330362175376,0.707407697648435,0.256549654781701,0.423196434610451,0.531852316237496,NA,NA,NA,0.299756239420953,0.407651458227482,0.42373901276082,0.343333595867677,"wvs_waves12"
"happy","cluster5_gdp_ppp","region",25,21,0.154296210491746,0.464047156982702,0.5488617835505,-0.0148445474099048,0.356856588379242,0.323292675325751,NA,NA,NA,0.119555418529772,0.429306365020728,0.217824272180852,-0.0748678583803668,"wvs_waves12"
"very_happy","cluster5_gdp_ppp","region",25,21,0.159539990678589,0.684107320230817,0.773577706349642,-0.00855201118569293,0.62092878427698,0.660366559524463,NA,NA,NA,0.124505188398707,0.649072517950935,0.16094722918816,0.0233853180603444,"wvs_waves12"
"very_unhappy","cluster5_gdp_ppp","region",25,21,0.497178217479937,0.58210395871449,0.697964842950434,0.396613860975925,0.498524750457388,0.54694726442565,NA,NA,NA,0.30651955085794,0.391445292092493,0.439161877498331,0.406836640285165,"wvs_waves12"
"very_happy_minus_very_unhappy","cluster5_gdp_ppp","region",25,21,0.109424047522924,0.697217771040138,0.76290749026052,-0.0686911429724915,0.636661325248166,0.644361235390779,NA,NA,NA,0.0875568833716526,0.675350606888867,0.11476736627891,-0.0473268948223499,"wvs_waves12"
"happiness_mean","cluster5_gdp_ppp","region",25,21,0.0832005393206985,0.675028724324541,0.683155355117905,-0.100159352815162,0.610034469189449,0.524733032676858,NA,NA,NA,0.0456635850570315,0.637491770060874,0.0668421680587579,-0.176719186499131,"wvs_waves12"
"satisfied_mean","cluster5_gdp_ppp","region",26,21,0.1737075887062,0.519345589806535,0.64682091148967,0.0163185579835708,0.427792368817303,0.480618987484809,NA,NA,NA,0.150591455194668,0.496229456295003,0.232817851927276,0.0719334633582934,"wvs_waves12"
"satisfied","cluster5_gdp_ppp","region",26,21,0.196637813582601,0.462098881270111,0.622701086252336,0.0436164447411913,0.359641525321561,0.445148656253435,NA,NA,NA,0.178620009282412,0.444081076969923,0.286847113688879,0.14503421930982,"wvs_waves12"
"happiness_layard","cluster5_gdp_ppp","region",25,21,0.129104550515385,0.519330362175376,0.582816963106886,-0.0450745393815375,0.423196434610451,0.374225444660328,NA,NA,NA,0.0962955757234474,0.486521387383438,0.165224387447672,-0.125653574167067,"wvs_waves12"
"happy","cluster6_gdp_ppp","region",25,21,0.193207928417121,0.464047156982702,0.547535256904223,-0.0191057746310048,0.356856588379242,0.276056411046757,NA,NA,NA,0.138348014169321,0.409187242734902,0.252674165589891,-0.180952059009721,"wvs_waves12"
"very_happy","cluster6_gdp_ppp","region",25,21,0.256152680405384,0.684107320230817,0.803374977554916,0.0604033857752212,0.62092878427698,0.685399964087866,NA,NA,NA,0.187710168864742,0.615664808690175,0.233651998268654,0.091096127902699,"wvs_waves12"
"very_unhappy","cluster6_gdp_ppp","region",25,21,0.502044661786641,0.58210395871449,0.719638490508662,0.371003783309441,0.498524750457388,0.551421584813859,NA,NA,NA,0.319789596790406,0.399848893718255,0.444375337072882,0.384370715021073,"wvs_waves12"
"very_happy_minus_very_unhappy","cluster6_gdp_ppp","region",25,21,0.197816327600987,0.697217771040138,0.794704880005029,-0.0132846388198053,0.636661325248166,0.671527808008046,NA,NA,NA,0.147651718282939,0.64705316172209,0.185794402422702,0.0160692108969345,"wvs_waves12"
"happiness_mean","cluster6_gdp_ppp","region",25,21,0.135911355990505,0.675028724324541,0.701362638883488,-0.0914803924330463,0.610034469189449,0.522180222213581,NA,NA,NA,0.0811226352747262,0.620240003608762,0.115664323671228,-0.171717188606545,"wvs_waves12"
"satisfied_mean","cluster6_gdp_ppp","region",26,21,0.295971059271749,0.519345589806535,0.695599464275885,0.119963824089687,0.427792368817303,0.524374162931071,NA,NA,NA,0.23611246687055,0.459486997405335,0.339437390332584,0.206480060910171,"wvs_waves12"
"satisfied","cluster6_gdp_ppp","region",26,21,0.242261427710066,0.462098881270111,0.636518628787042,0.0528267846375818,0.359641525321561,0.432060357479754,NA,NA,NA,0.208340587613498,0.428178041173544,0.327312631855747,0.144939954137824,"wvs_waves12"
"happiness_layard","cluster6_gdp_ppp","region",25,21,0.167972691406751,0.519330362175376,0.590572268574824,-0.0509818634862096,0.423196434610451,0.344915629719718,NA,NA,NA,0.119607298903099,0.470964969671725,0.202527794255794,-0.18738302535316,"wvs_waves12"
"happy","cluster7_gdp_ppp","region",25,21,0.199107689926795,0.464047156982702,0.560844359797895,-0.0678564134309398,0.356856588379242,0.247161759653534,NA,NA,NA,0.147952446370994,0.412891913426901,0.263803038733081,-0.359180243751169,"wvs_waves12"
"very_happy","cluster7_gdp_ppp","region",25,21,0.289485646504958,0.684107320230817,0.803631219792201,0.0526475286732769,0.62092878427698,0.66336780535806,NA,NA,NA,0.204504773033171,0.59912644675903,0.254475893913194,0.0716695541947745,"wvs_waves12"
"very_unhappy","cluster7_gdp_ppp","region",25,21,0.51220972995493,0.58210395871449,0.720014992538358,0.34961297327324,0.498524750457388,0.520025701494328,NA,NA,NA,0.325060381889399,0.394954610648959,0.451463351816361,0.356822675536767,"wvs_waves12"
"very_happy_minus_very_unhappy","cluster7_gdp_ppp","region",25,21,0.235858530861438,0.697217771040138,0.794852377887085,-0.0188552921847489,0.636661325248166,0.648318362092146,NA,NA,NA,0.166746568854193,0.628105809032893,0.209783066004591,-0.00555148192744301,"wvs_waves12"
"happiness_mean","cluster7_gdp_ppp","region",25,21,0.159258350424946,0.675028724324541,0.707199069116976,-0.120988866100072,0.610034469189449,0.498055547057673,NA,NA,NA,0.0957143476086905,0.611484721508285,0.135342864249244,-0.233877315098823,"wvs_waves12"
"satisfied_mean","cluster7_gdp_ppp","region",26,21,0.319871057093141,0.519345589806535,0.696873673477602,0.105093496175186,0.427792368817303,0.494789455796003,NA,NA,NA,0.248699570382104,0.448174103095497,0.35687898660459,0.173902840024179,"wvs_waves12"
"satisfied","cluster7_gdp_ppp","region",26,21,0.252772815135974,0.462098881270111,0.639827382145642,0.0168063357052289,0.359641525321561,0.399712303576071,NA,NA,NA,0.215250658005752,0.42457672413989,0.336419890758529,0.0711475646995112,"wvs_waves12"
"happiness_layard","cluster7_gdp_ppp","region",25,21,0.17776429948941,0.519330362175376,0.598643346075685,-0.0963142673474537,0.423196434610451,0.311960021844031,NA,NA,NA,0.128538641694859,0.470104704380826,0.21471656293764,-0.332655894314627,"wvs_waves12"
"happy","cluster7_gdp","region",25,21,0.42861249520938,0.464047156982702,0.569228019094773,0.238149993612507,0.356856588379242,0.26153374701961,NA,NA,NA,0.266896678660726,0.302331340434047,0.468874808877405,0.273056830868878,"wvs_waves12"
"very_happy","cluster7_gdp","region",25,21,0.474427199623822,0.684107320230817,0.806206533900663,0.299236266165096,0.62092878427698,0.667782629543993,NA,NA,NA,0.298263206646834,0.507943327253829,0.369958805969668,0.259133808009084,"wvs_waves12"
"very_unhappy","cluster7_gdp","region",25,21,0.578418783627465,0.58210395871449,0.73141067960284,0.437891711503286,0.498524750457388,0.539561165033439,NA,NA,NA,0.363862752257907,0.367547927344933,0.497480775718898,0.443812636190798,"wvs_waves12"
"very_happy_minus_very_unhappy","cluster7_gdp","region",25,21,0.428748637919555,0.697217771040138,0.799839906093001,0.238331517226073,0.636661325248166,0.656868410445145,NA,NA,NA,0.265685386486209,0.534154519606792,0.332173206740846,0.196796343310106,"wvs_waves12"
"happiness_mean","cluster7_gdp","region",25,21,0.430276515388682,0.675028724324541,0.714125810287295,0.24036868718491,0.610034469189449,0.509929960492506,NA,NA,NA,0.234686800675718,0.479439009611577,0.328635091037114,0.137532788181827,"wvs_waves12"
"satisfied_mean","cluster7_gdp","region",26,21,0.299680828160004,0.519345589806535,0.724523524140976,0.0785274054736892,0.427792368817303,0.540872540234961,NA,NA,NA,0.252429381247223,0.472094142893754,0.348407433073361,0.177128216574011,"wvs_waves12"
"satisfied","cluster7_gdp","region",26,21,0.34616188647932,0.462098881270111,0.709042802991331,0.139686692735947,0.359641525321561,0.515071338318885,NA,NA,NA,0.29655290410027,0.412489898891061,0.418244008470523,0.286481195688822,"wvs_waves12"
"happiness_layard","cluster7_gdp","region",25,21,0.419234994625207,0.519330362175376,0.636129292406032,0.225646659500277,0.423196434610451,0.376221644124626,NA,NA,NA,0.268016962427931,0.3681123299781,0.421324667213816,0.237455595397994,"wvs_waves12"
"happy","log_gdp_ppp","region",55,55,0.186265695567287,0.57307540454387,0.627667079903876,0.170912218125161,0.53892143690738,0.589673924792027,NA,NA,NA,0.120428685463646,0.507238394440229,0.19186713676634,0.187955323010074,"wvs_wave3"
"very_happy","log_gdp_ppp","region",55,55,0.0416963573613174,0.703626028957967,0.704018151557886,0.0236151565568139,0.679916111274605,0.673815922125017,NA,NA,NA,0.0210442399806181,0.682973911577268,0.0298916156267425,0.012996848866371,"wvs_wave3"
"very_unhappy","log_gdp_ppp","region",55,55,0.129316597885685,0.484109739966677,0.52462398603308,0.112888609166547,0.442838519164012,0.476116229505843,NA,NA,NA,0.084915421976044,0.439708564057036,0.161859587507861,0.153498568679421,"wvs_wave3"
"very_happy_minus_very_unhappy","log_gdp_ppp","region",55,55,0.0566984789637861,0.719561678564206,0.719751840607566,0.0389003370574423,0.697126612849343,0.691155089649155,NA,NA,NA,0.028444320503573,0.691307520103993,0.0395196217623594,0.0238215809667044,"wvs_wave3"
"happiness_mean","log_gdp_ppp","region",55,55,0.120604747347991,0.691273726193422,0.706565323943206,0.104012384090406,0.666575624288895,0.676623010059859,NA,NA,NA,0.0679481725488877,0.638617151394318,0.0961668656051247,0.0842860560205303,"wvs_wave3"
"satisfied_mean","log_gdp_ppp","region",54,53,0.217326850826919,0.699689727816622,0.745155033739409,0.202275444112052,0.675174603556755,0.718608683087264,NA,NA,NA,0.131396078374853,0.613758955364556,0.176333880099378,0.170961977934188,"wvs_wave3"
"satisfied","log_gdp_ppp","region",54,53,0.251947472812972,0.691829916274776,0.758723638253119,0.237561847290145,0.666673174746186,0.733590683904485,NA,NA,NA,0.159420597395657,0.599303040857461,0.210116819034012,0.207526733319372,"wvs_wave3"
"happiness_layard","log_gdp_ppp","region",53,53,0.253071873057466,0.676172073801797,0.743708043248069,0.238426223509573,0.64918641328528,0.716442941465949,NA,NA,NA,0.160303921251869,0.583404121996201,0.215546843559413,0.213333633425691,"wvs_wave3"
"happy","log_gdp","region",55,55,0.295176019711037,0.57307540454387,0.641590522554651,0.281877454045208,0.53892143690738,0.605018126896962,NA,NA,NA,0.181845568860909,0.459744953693742,0.283429325197707,0.287573321000721,"wvs_wave3"
"very_happy","log_gdp","region",55,55,0.0799351644618257,0.703626028957967,0.704938058016206,0.0625754505837469,0.679916111274605,0.674829696589288,NA,NA,NA,0.0406235967600322,0.664314461256174,0.0576271862443527,0.0425952178668118,"wvs_wave3"
"very_unhappy","log_gdp","region",55,55,0.221446486134972,0.484109739966677,0.545793187569616,0.206756797194122,0.442838519164012,0.499445553648148,NA,NA,NA,0.141564966868955,0.404228220700661,0.259374741372891,0.263656198112632,"wvs_wave3"
"very_happy_minus_very_unhappy","log_gdp","region",55,55,0.105899780058932,0.719561678564206,0.719604076750937,0.0890299645883457,0.697126612849343,0.690992247847972,NA,NA,NA,0.0529710891228312,0.666632987628106,0.0736114355577298,0.05998301706361,"wvs_wave3"
"happiness_mean","log_gdp","region",55,55,0.203876023029016,0.691273726193422,0.709106170689085,0.188854815916356,0.666575624288895,0.679423126881848,NA,NA,NA,0.11085423376234,0.598251936926745,0.156329529123425,0.148436453315185,"wvs_wave3"
"satisfied_mean","log_gdp","region",54,53,0.335510325480358,0.699689727816622,0.768256486433525,0.322731677893442,0.675174603556755,0.744116537103684,NA,NA,NA,0.20203854204863,0.566217944384894,0.262983190661433,0.263180289585337,"wvs_wave3"
"satisfied","log_gdp","region",54,53,0.381920710728875,0.691829916274776,0.785900473992367,0.370034570550584,0.666673174746186,0.763598440033238,NA,NA,NA,0.237995634223233,0.547904839769134,0.302831773359567,0.305762696304952,"wvs_wave3"
"happiness_layard","log_gdp","region",53,53,0.387674418615174,0.676172073801797,0.767627648004927,0.375668034666452,0.64918641328528,0.742907185026728,NA,NA,NA,0.239564996409152,0.528062651595775,0.312084898233908,0.315913492202268,"wvs_wave3"
"happy","group_gdp_ppp","region",55,55,0.34785883009327,0.57307540454387,0.662868802075767,0.281313812755849,0.53892143690738,0.59544256249092,NA,NA,NA,0.218826113812584,0.444042688263183,0.33011979614568,0.283683901370874,"wvs_wave3"
"very_happy","group_gdp_ppp","region",55,55,0.119516169382479,0.703626028957967,0.70783485536154,0.0296708805439565,0.679916111274605,0.649401826433848,NA,NA,NA,0.061862497893026,0.645972357468514,0.0873967952050462,-0.000649370129917458,"wvs_wave3"
"very_unhappy","group_gdp_ppp","region",55,55,0.221347811058141,0.484109739966677,0.556853931209491,0.141893506064074,0.442838519164012,0.46822471745139,NA,NA,NA,0.147046001150478,0.409807930059014,0.264065660506504,0.17863185999874,"wvs_wave3"
"very_happy_minus_very_unhappy","group_gdp_ppp","region",55,55,0.130981620193294,0.719561678564206,0.721738540999541,0.0423062753150585,0.697126612849343,0.666086249199449,NA,NA,NA,0.066579241314314,0.655159299685227,0.0922484217374729,0.00845679645744416,"wvs_wave3"
"happiness_mean","group_gdp_ppp","region",55,55,0.2251922893699,0.691273726193422,0.715387120819524,0.146130278081114,0.666575624288895,0.658464544983429,NA,NA,NA,0.124652841998001,0.590734278821523,0.174245297923735,0.104803819603621,"wvs_wave3"
"satisfied_mean","group_gdp_ppp","region",54,53,0.302675072512424,0.699689727816622,0.785653306261715,0.230037059232468,0.675174603556755,0.741809664360702,NA,NA,NA,0.194319325478759,0.591333980782957,0.247334700853441,0.199965121977812,"wvs_wave3"
"satisfied","group_gdp_ppp","region",54,53,0.366641500244132,0.691829916274776,0.806467582888537,0.300666656519562,0.666673174746186,0.766881406661193,NA,NA,NA,0.240639583428947,0.565827999459591,0.298387174555789,0.261366936890462,"wvs_wave3"
"happiness_layard","group_gdp_ppp","region",53,53,0.40219440488859,0.676172073801797,0.786506484909271,0.338598064983121,0.64918641328528,0.741821795704235,NA,NA,NA,0.256264407998032,0.530242076911239,0.325826185689484,0.290658383117937,"wvs_wave3"
"happy","cluster5_gdp_ppp","region",55,55,0.382891390416635,0.57307540454387,0.642758560438945,0.333522701649966,0.53892143690738,0.580629614428326,NA,NA,NA,0.226287273155855,0.41647128728309,0.352056412910816,0.323124130983532,"wvs_wave3"
"very_happy","cluster5_gdp_ppp","region",55,55,0.121984205846487,0.703626028957967,0.712344130657553,0.0517429423142058,0.679916111274605,0.662317022945824,NA,NA,NA,0.0653511537730366,0.646992976884517,0.0917409872005431,0.0257760655415146,"wvs_wave3"
"very_unhappy","cluster5_gdp_ppp","region",55,55,0.262903885048107,0.484109739966677,0.540226163118857,0.203936195851955,0.442838519164012,0.46026549583518,NA,NA,NA,0.159510154100143,0.380716009018714,0.295265510983867,0.240473351278968,"wvs_wave3"
"very_happy_minus_very_unhappy","cluster5_gdp_ppp","region",55,55,0.145102080516905,0.719561678564206,0.725902009471309,0.0767102469582579,0.697126612849343,0.678232793727189,NA,NA,NA,0.0757212057120039,0.650180803759305,0.104313260914036,0.0426228489471711,"wvs_wave3"
"happiness_mean","cluster5_gdp_ppp","region",55,55,0.260696574417738,0.691273726193422,0.711694415606724,0.201552300371157,0.666575624288895,0.661554313973111,NA,NA,NA,0.140558631915521,0.571135783691204,0.19749857359172,0.148537305179875,"wvs_wave3"
"satisfied_mean","cluster5_gdp_ppp","region",54,53,0.334757461699019,0.699689727816622,0.750992780945542,0.280451948368327,0.675174603556755,0.706724830891417,NA,NA,NA,0.19303025741397,0.557962523531573,0.257033439350687,0.220738087912837,"wvs_wave3"
"satisfied","cluster5_gdp_ppp","region",54,53,0.403313849865499,0.691829916274776,0.769728926062797,0.354604776385132,0.666673174746186,0.728791846251739,NA,NA,NA,0.24060642982676,0.529122496236037,0.312585926915173,0.285900185377994,"wvs_wave3"
"happiness_layard","cluster5_gdp_ppp","region",53,53,0.449909851318709,0.676172073801797,0.756170296885144,0.404069005595268,0.64918641328528,0.711837623591534,NA,NA,NA,0.264954037201028,0.491216259684116,0.350389374314807,0.327827723931416,"wvs_wave3"
"happy","cluster6_gdp_ppp","region",55,55,0.362612298162233,0.57307540454387,0.647311464006882,0.297572736750216,0.53892143690738,0.576773756808258,NA,NA,NA,0.218424178812622,0.42888728519426,0.337432891209076,0.290776975106551,"wvs_wave3"
"very_happy","cluster6_gdp_ppp","region",55,55,0.104719302433675,0.703626028957967,0.713677665504854,0.013364129212621,0.679916111274605,0.656413198605825,NA,NA,NA,0.0573854694902808,0.656292196014573,0.0804081061576817,-0.00772286684491769,"wvs_wave3"
"very_unhappy","cluster6_gdp_ppp","region",55,55,0.257181851212457,0.484109739966677,0.547286594023073,0.181384080928014,0.442838519164012,0.456743912827687,NA,NA,NA,0.160179352634426,0.387107241388646,0.29267910886864,0.213784430516718,"wvs_wave3"
"very_happy_minus_very_unhappy","cluster6_gdp_ppp","region",55,55,0.127813255531706,0.719561678564206,0.72802633618106,0.038814608136982,0.697126612849343,0.673631603417272,NA,NA,NA,0.0681389565742799,0.659887379606781,0.0935940819554826,0.0113709026025476,"wvs_wave3"
"happiness_mean","cluster6_gdp_ppp","region",55,55,0.23914965592272,0.691273726193422,0.715701703909371,0.161511865710753,0.666575624288895,0.658842044691245,NA,NA,NA,0.131788816819335,0.583912887090036,0.184139308456953,0.116703455215254,"wvs_wave3"
"satisfied_mean","cluster6_gdp_ppp","region",54,53,0.331446963991137,0.699689727816622,0.765769183491347,0.261806022740214,0.675174603556755,0.717858334660032,NA,NA,NA,0.198763209832931,0.567005973658416,0.259560209679262,0.212082063508877,"wvs_wave3"
"satisfied","cluster6_gdp_ppp","region",54,53,0.398073456737599,0.691829916274776,0.786525375046128,0.335372775147766,0.666673174746186,0.742860110851018,NA,NA,NA,0.246384457754476,0.540140917291652,0.313256845324318,0.277010237352169,"wvs_wave3"
"happiness_layard","cluster6_gdp_ppp","region",53,53,0.436645424451715,0.676172073801797,0.766733051424857,0.376714086627429,0.64918641328528,0.717909736606804,NA,NA,NA,0.263603201037387,0.50312985038747,0.343800492945388,0.310232183264647,"wvs_wave3"
"happy","cluster7_gdp_ppp","region",55,55,0.357128699887408,0.57307540454387,0.648506244482329,0.276769787373334,0.53892143690738,0.568621300046495,NA,NA,NA,0.216279769912934,0.432226474569396,0.333504529452263,0.269484849131918,"wvs_wave3"
"very_happy","cluster7_gdp_ppp","region",55,55,0.0926390019994032,0.703626028957967,0.714801471506437,-0.0207811227506713,0.679916111274605,0.649983624121536,NA,NA,NA,0.0519072222739365,0.662894249232501,0.0726176768558443,-0.0390114519979484,"wvs_wave3"
"very_unhappy","cluster7_gdp_ppp","region",55,55,0.247948033070063,0.484109739966677,0.545662947207107,0.153941537203821,0.442838519164012,0.442404526117813,NA,NA,NA,0.154750620155246,0.390912327051861,0.283601114840789,0.173492284883115,"wvs_wave3"
"very_happy_minus_very_unhappy","cluster7_gdp_ppp","region",55,55,0.113205608703358,0.719561678564206,0.727350934684419,0.00235630979127732,0.697126612849343,0.665385238021787,NA,NA,NA,0.0604974324117851,0.666853502272634,0.0831750253239636,-0.0220812420813853,"wvs_wave3"
"happiness_mean","cluster7_gdp_ppp","region",55,55,0.225085565279481,0.691273726193422,0.714391517666228,0.128221260939417,0.666575624288895,0.649480498954007,NA,NA,NA,0.124101678376144,0.590289839290084,0.173716617998991,0.0855500171163702,"wvs_wave3"
"satisfied_mean","cluster7_gdp_ppp","region",54,53,0.314698472556722,0.699689727816622,0.776647345633139,0.227213171180985,0.675174603556755,0.724704867873404,NA,NA,NA,0.19582804518662,0.58081930044652,0.252145386561486,0.19093526742115,"wvs_wave3"
"satisfied","cluster7_gdp_ppp","region",54,53,0.384340198574337,0.691829916274776,0.792882131922046,0.305745330307231,0.666673174746186,0.744715185857406,NA,NA,NA,0.242696207110804,0.550185924811242,0.30609367690312,0.257673905881608,"wvs_wave3"
"happiness_layard","cluster7_gdp_ppp","region",53,53,0.427207278426336,0.676172073801797,0.769727550587547,0.352495184308032,0.64918641328528,0.714900776917915,NA,NA,NA,0.260381377606043,0.509346172981504,0.338277326058148,0.292494819871126,"wvs_wave3"
"happy","cluster7_gdp","region",55,55,0.390613837393703,0.57307540454387,0.657389346228397,0.314440567067915,0.53892143690738,0.579523288553033,NA,NA,NA,0.237463889539115,0.419925456689282,0.36122260103773,0.306322822332168,"wvs_wave3"
"very_happy","cluster7_gdp","region",55,55,0.156043522012028,0.703626028957967,0.726414109148714,0.0505489622635314,0.679916111274605,0.664235497591603,NA,NA,NA,0.0894158011013871,0.636998308047326,0.123092048977647,0.0262469776961304,"wvs_wave3"
"very_unhappy","cluster7_gdp","region",55,55,0.306831807298382,0.484109739966677,0.570460140734802,0.22018578321068,0.442838519164012,0.472837445447257,NA,NA,NA,0.196591104033253,0.373869036701549,0.344618475499493,0.264556785744069,"wvs_wave3"
"very_happy_minus_very_unhappy","cluster7_gdp","region",55,55,0.1772469251672,0.719561678564206,0.736686657066319,0.0744027908130995,0.697126612849343,0.676842715490482,NA,NA,NA,0.0971859518346559,0.639500705231663,0.131923051547691,0.0399789287936863,"wvs_wave3"
"happiness_mean","cluster7_gdp","region",55,55,0.274342539516601,0.691273726193422,0.716852996329954,0.183635356956176,0.666575624288895,0.652501404586762,NA,NA,NA,0.149960904826567,0.566892091503387,0.209193384967791,0.129931626247937,"wvs_wave3"
"satisfied_mean","cluster7_gdp","region",54,53,0.403752135192974,0.699689727816622,0.780516425747831,0.327635386494205,0.675174603556755,0.72947373406128,NA,NA,NA,0.242289416562092,0.538227009185739,0.310421931646023,0.261787710211542,"wvs_wave3"
"satisfied","cluster7_gdp","region",54,53,0.464408992146096,0.691829916274776,0.803648743054005,0.396035671994534,0.666673174746186,0.757985660043308,NA,NA,NA,0.288113909462663,0.515534833591342,0.358507260731572,0.321475842474257,"wvs_wave3"
"happiness_layard","cluster7_gdp","region",53,53,0.483523233082346,0.676172073801797,0.782927714330879,0.416156698267,0.64918641328528,0.731243836790612,NA,NA,NA,0.295139436805714,0.487788277525165,0.376968947967248,0.340662099771647,"wvs_wave3"
"happy","log_gdp_ppp","region",40,40,0.102468655558216,0.235227955033528,0.303579264127227,0.0788494096518533,0.147825435608789,0.20116445002829,NA,NA,NA,0.0854099823259573,0.21816928180127,0.281343268195561,0.328558112660474,"wvs_wave4"
"very_happy","log_gdp_ppp","region",40,40,0.0325817059619304,0.364199887091498,0.37049963569689,0.00712332980303376,0.291537017044812,0.277926052711139,NA,NA,NA,0.0194407272836615,0.351058908413229,0.0524716502003962,-0.0116715120215485,"wvs_wave4"
"very_unhappy","log_gdp_ppp","region",40,40,0.0360360219972352,0.127346956354803,0.140382533261902,0.0106685488918993,0.0276151799382086,0.0139681999180641,NA,NA,NA,0.0245357994521673,0.115846733809735,0.174778149973919,-0.106614708613723,"wvs_wave4"
"very_happy_minus_very_unhappy","log_gdp_ppp","region",40,40,0.0382480810365174,0.360466666027343,0.368724889984214,0.0129388200111626,0.287377142144754,0.275890314981893,NA,NA,NA,0.0232531524966941,0.34547173748752,0.063063690920593,0.00263146759681765,"wvs_wave4"
"happiness_mean","log_gdp_ppp","region",40,40,0.0716715582604587,0.32343242264213,0.353589330056875,0.0472418624252076,0.246110413801231,0.25852893741818,NA,NA,NA,0.0509142328376015,0.302675097219273,0.143992560039671,0.115384348533591,"wvs_wave4"
"satisfied_mean","log_gdp_ppp","region",40,40,0.400026406259953,0.49996692641439,0.638503395695596,0.384237627477321,0.442820289433177,0.585342130356713,NA,NA,NA,0.26928143777058,0.369221957925016,0.421738458379255,0.449958614870114,"wvs_wave4"
"satisfied","log_gdp_ppp","region",40,40,0.469417197015611,0.408406495987649,0.622862920214805,0.455454491673917,0.340795809814809,0.567401584952277,NA,NA,NA,0.341936810621384,0.280926109593422,0.548976025902233,0.601038387008341,"wvs_wave4"
"happiness_layard","log_gdp_ppp","region",40,40,0.365466558943049,0.358226091523209,0.540992499085879,0.348768310494182,0.284880501983004,0.473491396010273,NA,NA,NA,0.27411648325286,0.266876015833019,0.506691837162322,0.567464592862203,"wvs_wave4"
"happy","log_gdp","region",40,40,0.128089030340961,0.235227955033528,0.305674714482666,0.105144004823618,0.147825435608789,0.203568054847764,NA,NA,NA,0.0992678948950497,0.206406819587617,0.324750102614977,0.395166678246523,"wvs_wave4"
"very_happy","log_gdp","region",40,40,0.0370806365801979,0.364199887091498,0.368338081820187,0.0117406533323083,0.291537017044812,0.275446623264332,NA,NA,NA,0.0206094156544434,0.347728666165743,0.0559524433438961,-0.0078957955567266,"wvs_wave4"
"very_unhappy","log_gdp","region",40,40,0.0454564172710473,0.127346956354803,0.14363648933735,0.0203368493044959,0.0276151799382086,0.0177006789457842,NA,NA,NA,0.0308729751267976,0.112763514210553,0.214938246327422,0.294405326032812,"wvs_wave4"
"very_happy_minus_very_unhappy","log_gdp","region",40,40,0.0442412087297107,0.360466666027343,0.36674392604943,0.019089661591019,0.287377142144754,0.273618032821405,NA,NA,NA,0.0252592343758988,0.341484691673531,0.0688743086981468,0.00974086432225291,"wvs_wave4"
"happiness_mean","log_gdp","region",40,40,0.0863657985022237,0.32343242264213,0.351584527859276,0.0623227931996506,0.246110413801231,0.256229311367993,NA,NA,NA,0.0572589518596845,0.294325575999591,0.162859703207994,0.141361053463498,"wvs_wave4"
"satisfied_mean","log_gdp","region",40,40,0.432372064886209,0.49996692641439,0.64565243147766,0.417434487646373,0.442820289433177,0.593542494930257,NA,NA,NA,0.28902878497474,0.35662364650292,0.447653831819791,0.478615009031672,"wvs_wave4"
"satisfied","log_gdp","region",40,40,0.501426903739369,0.408406495987649,0.629559722148594,0.488306559100931,0.340795809814809,0.575083210699858,NA,NA,NA,0.361290064950157,0.268269657198437,0.573877349899589,0.628251656926835,"wvs_wave4"
"happiness_layard","log_gdp","region",40,40,0.404689314757861,0.358226091523209,0.546673019354641,0.389023244093594,0.284880501983004,0.480007286906794,NA,NA,NA,0.296568121294647,0.250104898059994,0.542496356679083,0.608480376185218,"wvs_wave4"
"happy","group_gdp_ppp","region",40,40,0.304358252838231,0.235227955033528,0.397778416095727,0.202057995902676,0.147825435608789,0.217111940924445,NA,NA,NA,0.233454356950215,0.164324059145512,0.586895486290118,0.624895388210731,"wvs_wave4"
"very_happy","group_gdp_ppp","region",40,40,0.222625581983451,0.364199887091498,0.47285826286172,0.108305814628076,0.291537017044812,0.314715741720235,NA,NA,NA,0.165641978876836,0.307216283984883,0.35029942772783,0.208894125512765,"wvs_wave4"
"very_unhappy","group_gdp_ppp","region",40,40,0.328515738754693,0.127346956354803,0.385099598083473,0.229768053277442,0.0276151799382086,0.200629477508515,NA,NA,NA,0.293134190241681,0.0919654078417914,0.761190589916281,1.00379654039286,"wvs_wave4"
"very_happy_minus_very_unhappy","group_gdp_ppp","region",40,40,0.264808471362536,0.360466666027343,0.497950047733268,0.15669207009232,0.287377142144754,0.347335062053249,NA,NA,NA,0.20114592653423,0.296804121199038,0.403948001310317,0.311874632984218,"wvs_wave4"
"happiness_mean","group_gdp_ppp","region",40,40,0.317589331490386,0.32343242264213,0.47816531492443,0.217234821415442,0.246110413801231,0.321614909401759,NA,NA,NA,0.236161111886343,0.242004203038087,0.493890093060526,0.455108436298086,"wvs_wave4"
"satisfied_mean","group_gdp_ppp","region",40,40,0.540637031947521,0.49996692641439,0.685683672371506,0.473083654292745,0.442820289433177,0.591388774082957,NA,NA,NA,0.363176888952319,0.322506783419187,0.529656609287829,0.525586692025475,"wvs_wave4"
"satisfied","group_gdp_ppp","region",40,40,0.578764396717965,0.408406495987649,0.66833824859698,0.516817984470607,0.340795809814809,0.568839723176074,NA,NA,NA,0.419348074663648,0.248990173933332,0.627448863721284,0.65472036101223,"wvs_wave4"
"happiness_layard","group_gdp_ppp","region",40,40,0.52824764470529,0.358226091523209,0.605377355318995,0.45887229833842,0.284880501983004,0.486990561914694,NA,NA,NA,0.387699454250538,0.217677901068457,0.640426092657934,0.678639803275997,"wvs_wave4"
"happy","cluster5_gdp_ppp","region",40,40,0.242229095336902,0.235227955033528,0.3658558519761,0.155626706232547,0.147825435608789,0.202205749260255,NA,NA,NA,0.186428496139737,0.179427355836364,0.509568167716271,0.519290427330327,"wvs_wave4"
"very_happy","cluster5_gdp_ppp","region",40,40,0.138478846113294,0.364199887091498,0.439646861656282,0.0400192856690984,0.291537017044812,0.295039600148226,NA,NA,NA,0.106962910339039,0.332683951317243,0.243292787161217,0.0737559784358561,"wvs_wave4"
"very_unhappy","cluster5_gdp_ppp","region",40,40,0.333090348952455,0.127346956354803,0.368236516784788,0.25687210311845,0.0276151799382086,0.205200779180862,NA,NA,NA,0.28698995469122,0.0812465620935674,0.779363103901368,1.05861611270534,"wvs_wave4"
"very_happy_minus_very_unhappy","cluster5_gdp_ppp","region",40,40,0.185432077786161,0.360466666027343,0.46340022587893,0.0923386009617224,0.287377142144754,0.324922864815429,NA,NA,NA,0.144182818818874,0.319217407060056,0.311141019720918,0.199869473184316,"wvs_wave4"
"happiness_mean","cluster5_gdp_ppp","region",40,40,0.240328508034987,0.32343242264213,0.442751361806923,0.153508908953271,0.246110413801231,0.298945261628064,NA,NA,NA,0.17982372359989,0.262927638207033,0.406150582724369,0.345119631026012,"wvs_wave4"
"satisfied_mean","cluster5_gdp_ppp","region",40,40,0.514440230295071,0.49996692641439,0.685585226642,0.458947685185936,0.442820289433177,0.604445930291548,NA,NA,NA,0.350029265261341,0.335555961380659,0.510555437397311,0.513340643839706,"wvs_wave4"
"satisfied","cluster5_gdp_ppp","region",40,40,0.588196854751773,0.408406495987649,0.692335491121541,0.541133638151975,0.340795809814809,0.612938198507745,NA,NA,NA,0.436062924942832,0.256272566178709,0.629843378730212,0.663424166437095,"wvs_wave4"
"happiness_layard","cluster5_gdp_ppp","region",40,40,0.492502908521191,0.358226091523209,0.604573528992034,0.434503240923613,0.284880501983004,0.502527988086752,NA,NA,NA,0.369425172995008,0.235148355997026,0.611050856975043,0.648870055487118,"wvs_wave4"
"happy","cluster6_gdp_ppp","region",40,40,0.397246207006267,0.235227955033528,0.456334594056759,0.308605943330718,0.147825435608789,0.293234972273787,NA,NA,NA,0.309176423014749,0.14715817104201,0.677521334217088,0.774149611956605,"wvs_wave4"
"very_happy","cluster6_gdp_ppp","region",40,40,0.285026572884848,0.364199887091498,0.532435535955069,0.179883421838502,0.291537017044812,0.39216619674159,NA,NA,NA,0.22663111087421,0.305804425080859,0.425649859128363,0.357645054400391,"wvs_wave4"
"very_unhappy","cluster6_gdp_ppp","region",40,40,0.380887008534789,0.127346956354803,0.421294646376187,0.28984098037814,0.0276151799382086,0.247683040289043,NA,NA,NA,0.337417349278086,0.0838772970981004,0.800905855748274,1.02935760182433,"wvs_wave4"
"very_happy_minus_very_unhappy","cluster6_gdp_ppp","region",40,40,0.341150704578325,0.360466666027343,0.570548704071266,0.244261102310432,0.287377142144754,0.441713315292646,NA,NA,NA,0.275616371311124,0.294932332760142,0.483072469264074,0.451194543676189,"wvs_wave4"
"happiness_mean","cluster6_gdp_ppp","region",40,40,0.417485696520831,0.32343242264213,0.56158301407674,0.33182182836213,0.246110413801231,0.430057918299762,NA,NA,NA,0.32781814397772,0.23376487009902,0.583739421885228,0.599651013170225,"wvs_wave4"
"satisfied_mean","cluster6_gdp_ppp","region",40,40,0.593617342956645,0.49996692641439,0.690817975356677,0.533855187509093,0.442820289433177,0.598063367963681,NA,NA,NA,0.392234195949466,0.298583779407211,0.567782266735244,0.576108070609538,"wvs_wave4"
"satisfied","cluster6_gdp_ppp","region",40,40,0.576496913905739,0.408406495987649,0.632855233606399,0.514217048303642,0.340795809814809,0.522711803688319,NA,NA,NA,0.400472825762245,0.232382407844154,0.632803213904235,0.665886093699388,"wvs_wave4"
"happiness_layard","cluster6_gdp_ppp","region",40,40,0.548798129402089,0.358226091523209,0.597053830281812,0.482444913137691,0.284880501983004,0.476169979366356,NA,NA,NA,0.393812934080346,0.203240896201466,0.659593681686063,0.707451561118561,"wvs_wave4"
"happy","cluster7_gdp_ppp","region",40,40,0.416400732862602,0.235227955033528,0.474652554655124,0.310291775201256,0.147825435608789,0.293498263156891,NA,NA,NA,0.327912666242099,0.146739888413026,0.690847785450887,0.776775640586364,"wvs_wave4"
"very_happy","cluster7_gdp_ppp","region",40,40,0.365484550287248,0.364199887091498,0.560443261405968,0.25011810488493,0.291537017044812,0.408871972235612,NA,NA,NA,0.280863962300859,0.279579299105109,0.501146113517832,0.449349778203904,"wvs_wave4"
"very_unhappy","cluster7_gdp_ppp","region",40,40,0.39222035878028,0.127346956354803,0.455606878070298,0.281714969467604,0.0276151799382086,0.267885111887642,NA,NA,NA,0.360240140247888,0.09536673782241,0.790681961988082,0.974270084923517,"wvs_wave4"
"very_happy_minus_very_unhappy","cluster7_gdp_ppp","region",40,40,0.415451339360287,0.360466666027343,0.60252449334282,0.309169764698521,0.287377142144754,0.465463973805861,NA,NA,NA,0.328754583337882,0.273769910004938,0.545628579369353,0.523409569569456,"wvs_wave4"
"happiness_mean","cluster7_gdp_ppp","region",40,40,0.458093529656973,0.32343242264213,0.592961505520877,0.359565080503696,0.246110413801231,0.452603403976352,NA,NA,NA,0.36381130626786,0.229150199253017,0.61354961979914,0.625335631267582,"wvs_wave4"
"satisfied_mean","cluster7_gdp_ppp","region",40,40,0.608053127746262,0.49996692641439,0.695101680548712,0.536790060063764,0.442820289433177,0.589964329013785,NA,NA,NA,0.401593940940292,0.29350773960842,0.577748482241151,0.579640213830954,"wvs_wave4"
"satisfied","cluster7_gdp_ppp","region",40,40,0.580308404076874,0.408406495987649,0.63243427176372,0.50400084118176,0.340795809814809,0.505687468923623,NA,NA,NA,0.402168089926472,0.230266181837248,0.635904959427505,0.661369463746392,"wvs_wave4"
"happiness_layard","cluster7_gdp_ppp","region",40,40,0.556309003833663,0.358226091523209,0.607021055909654,0.475637913621601,0.284880501983004,0.471511075188846,NA,NA,NA,0.402551984110054,0.2044690717996,0.663159836369775,0.702283065739439,"wvs_wave4"
"happy","cluster7_gdp","region",40,40,0.289467765034254,0.235227955033528,0.410070605775099,0.160280085949573,0.147825435608789,0.206646676732029,NA,NA,NA,0.232155207887912,0.177915397887186,0.56613472074913,0.530135133401963,"wvs_wave4"
"very_happy","cluster7_gdp","region",40,40,0.194608849223796,0.364199887091498,0.445579262542703,0.048174094537214,0.291537017044812,0.254399697902256,NA,NA,NA,0.137994112337501,0.307585150205202,0.309695993368353,0.0216918012986365,"wvs_wave4"
"very_unhappy","cluster7_gdp","region",40,40,0.164595627453063,0.127346956354803,0.325544514356747,0.0127039233536197,0.0276151799382086,0.0929736572383839,NA,NA,NA,0.181396592727504,0.144147921629243,0.557209796902677,0.419809239372199,"wvs_wave4"
"very_happy_minus_very_unhappy","cluster7_gdp","region",40,40,0.191622177893555,0.360466666027343,0.451743993405491,0.0446443920560199,0.287377142144754,0.262690198028075,NA,NA,NA,0.141449752635852,0.31029424076964,0.313119277070021,0.0379866627859632,"wvs_wave4"
"happiness_mean","cluster7_gdp","region",40,40,0.207245237943068,0.32343242264213,0.421650753642636,0.0631080084781709,0.246110413801231,0.222219979036648,NA,NA,NA,0.152731784471786,0.268918969170849,0.36222343527751,0.0882404315840569,"wvs_wave4"
"satisfied_mean","cluster7_gdp","region",40,40,0.477205882302088,0.49996692641439,0.67680549113932,0.382152406357013,0.442820289433177,0.565359108773568,NA,NA,NA,0.327022223513509,0.349783267625811,0.483184944263686,0.446345710067562,"wvs_wave4"
"satisfied","cluster7_gdp","region",40,40,0.522020125115071,0.408406495987649,0.654443926205212,0.435114693317811,0.340795809814809,0.535286659379423,NA,NA,NA,0.384028777666317,0.270415148538895,0.586801652959185,0.58810128353689,"wvs_wave4"
"happiness_layard","cluster7_gdp","region",40,40,0.469283341138503,0.358226091523209,0.599913530471124,0.372789403163685,0.284880501983004,0.461952678909442,NA,NA,NA,0.355485390043209,0.244428140427915,0.592561047529699,0.595149249256669,"wvs_wave4"
"happy","log_gdp_ppp","region",58,58,0.227276124058404,0.451775718901013,0.519128586226121,0.21347748341659,0.41040030145958,0.472890950286325,NA,NA,NA,0.147314495691756,0.371814090534365,0.283772652095081,0.291788341557649,"wvs_wave5"
"very_happy","log_gdp_ppp","region",58,58,0.0229848862734203,0.449674936483437,0.450298148487718,0.00553818781401716,0.408140969425583,0.397442201226921,NA,NA,NA,0.0118040491388506,0.438494099348867,0.0262138522632025,-0.00649224009014828,"wvs_wave5"
"very_unhappy","log_gdp_ppp","region",58,58,0.0808350342718421,0.234241605184863,0.276590773148718,0.0644213741695536,0.17644851878372,0.207032193643787,NA,NA,NA,0.0615921011178489,0.214998672030869,0.22268313731757,0.229445110341349,"wvs_wave5"
"very_happy_minus_very_unhappy","log_gdp_ppp","region",58,58,0.037370747062728,0.480803703902332,0.484941689567958,0.0201809389745625,0.441619077781753,0.435416852026415,NA,NA,NA,0.0207543663641768,0.464187323203781,0.0427976534305953,0.0160521040402636,"wvs_wave5"
"happiness_mean","log_gdp_ppp","region",58,58,0.121967755128891,0.508217848751912,0.535400651651259,0.10628860789905,0.471102214695452,0.490727637386957,NA,NA,NA,0.0745752790141193,0.46082537263714,0.139288734117371,0.128293192595618,"wvs_wave5"
"satisfied_mean","log_gdp_ppp","region",58,58,0.341609970727271,0.621344600397822,0.661578781111519,0.329853005918829,0.59276683439011,0.629038279295319,NA,NA,NA,0.190922075720484,0.470656705391035,0.288585548949614,0.291019213675032,"wvs_wave5"
"satisfied","log_gdp_ppp","region",58,58,0.438342199452525,0.607608398378338,0.679611449274735,0.42831259587132,0.57799393787859,0.648804857858844,NA,NA,NA,0.255172625174461,0.424438824100274,0.375468402492005,0.384648411464395,"wvs_wave5"
"happiness_layard","log_gdp_ppp","region",58,58,0.394434478788427,0.581009737308306,0.661235277623227,0.383620808766792,0.549387830690065,0.62866174662546,NA,NA,NA,0.237330009551674,0.423905268071553,0.358919158706631,0.368158812896538,"wvs_wave5"
"happy","log_gdp","region",58,58,0.294741514365727,0.451775718901013,0.512164319073928,0.282147612836543,0.41040030145958,0.465257042061806,NA,NA,NA,0.177565057269321,0.334599261804607,0.346695485523837,0.362170072639117,"wvs_wave5"
"very_happy","log_gdp","region",58,58,0.0585464835735333,0.449674936483437,0.451138753814496,0.0417348136373464,0.408140969425583,0.398363633988967,NA,NA,NA,0.0300051504522965,0.4211336033622,0.066509804796407,0.0401109381907282,"wvs_wave5"
"very_unhappy","log_gdp","region",58,58,0.125601188673838,0.234241605184863,0.285968510224578,0.109986924185871,0.17644851878372,0.217311636207711,NA,NA,NA,0.0886640468567768,0.197304463367802,0.310048287439574,0.347082292145819,"wvs_wave5"
"very_happy_minus_very_unhappy","log_gdp","region",58,58,0.0830698227848522,0.480803703902332,0.487301434977395,0.066696069620296,0.441619077781753,0.438003496032913,NA,NA,NA,0.0447837769299573,0.442517658047437,0.0919015905053405,0.0720091145878841,"wvs_wave5"
"happiness_mean","log_gdp","region",58,58,0.193352822399286,0.508217848751912,0.536533177709516,0.178948408513559,0.471102214695452,0.491969060181585,NA,NA,NA,0.110834075678445,0.425699102031071,0.20657450514356,0.203077053184951,"wvs_wave5"
"satisfied_mean","log_gdp","region",58,58,0.409844103903915,0.621344600397822,0.667205340013021,0.399305605759342,0.59276683439011,0.635205853475811,NA,NA,NA,0.227852421759557,0.439352918253464,0.341502695040046,0.347717690594191,"wvs_wave5"
"satisfied","log_gdp","region",58,58,0.510970551941265,0.607608398378338,0.684752336692021,0.50223788322593,0.57799393787859,0.654440061373946,NA,NA,NA,0.294057245127474,0.390695091564547,0.429435913352321,0.442121472137864,"wvs_wave5"
"happiness_layard","log_gdp","region",58,58,0.476481170889575,0.581009737308306,0.661252205261359,0.467132620369746,0.549387830690065,0.628680301921105,NA,NA,NA,0.278361819421314,0.382890385840045,0.420961650042879,0.434581050122801,"wvs_wave5"
"happy","group_gdp_ppp","region",58,58,0.313285145021442,0.451775718901013,0.540971563556366,0.247254870504273,0.41040030145958,0.454903731723185,NA,NA,NA,0.201240494838398,0.339731068717968,0.371998286777656,0.320681366651678,"wvs_wave5"
"very_happy","group_gdp_ppp","region",58,58,0.0585397379383299,0.449674936483437,0.4605049312883,-0.0319852872599076,0.408140969425583,0.359349605904856,NA,NA,NA,0.0346848663715967,0.425820064916703,0.075319207276593,-0.112392847318192,"wvs_wave5"
"very_unhappy","group_gdp_ppp","region",58,58,0.202533761027612,0.234241605184863,0.381467854257896,0.125854314972575,0.17644851878372,0.265493076931251,NA,NA,NA,0.174880005050323,0.206587849207573,0.458439690522633,0.40471652896575,"wvs_wave5"
"very_happy_minus_very_unhappy","group_gdp_ppp","region",58,58,0.0831035841810673,0.480803703902332,0.497799803497384,-0.00505953272459925,0.441619077781753,0.403637266653143,NA,NA,NA,0.0500498418880594,0.447749961609324,0.10054210856739,-0.0533168607176654,"wvs_wave5"
"happiness_mean","group_gdp_ppp","region",58,58,0.193291167041815,0.508217848751912,0.553377352138901,0.115723010026605,0.471102214695452,0.469635605664945,NA,NA,NA,0.119225335214402,0.434152016924499,0.215450333761538,0.121643673965398,"wvs_wave5"
"satisfied_mean","group_gdp_ppp","region",58,58,0.305134042181901,0.621344600397822,0.642705062542276,0.238320007776315,0.59276683439011,0.575712261768953,NA,NA,NA,0.163247252163178,0.479457810379098,0.254000258714999,0.192166686249907,"wvs_wave5"
"satisfied","group_gdp_ppp","region",58,58,0.414459373497878,0.607608398378338,0.664682413587925,0.358157390180366,0.57799393787859,0.601810366135661,NA,NA,NA,0.235766694353733,0.428915719234193,0.354705780586363,0.317353970562325,"wvs_wave5"
"happiness_layard","group_gdp_ppp","region",58,58,0.39236337817253,0.581009737308306,0.652496714703301,0.333936779919889,0.549387830690065,0.58733984871017,NA,NA,NA,0.231925177783763,0.420571536919538,0.355442675124,0.31658740570445,"wvs_wave5"
"happy","cluster5_gdp_ppp","region",58,58,0.286327170953982,0.451775718901013,0.542985738660772,0.232465070648622,0.41040030145958,0.468371165380899,NA,NA,NA,0.188768595356871,0.354217143303901,0.347649269431003,0.310048905693999,"wvs_wave5"
"very_happy","cluster5_gdp_ppp","region",58,58,0.0731837107905038,0.449674936483437,0.487325921577642,0.00323531160488133,0.408140969425583,0.403624031222972,NA,NA,NA,0.0554173479423547,0.431908573635288,0.113717217756342,-0.00158764902308542,"wvs_wave5"
"very_unhappy","cluster5_gdp_ppp","region",58,58,0.155544343361372,0.234241605184863,0.324542953903122,0.091811840973551,0.17644851878372,0.214264252499551,NA,NA,NA,0.122922846039816,0.201620107863307,0.378756785693486,0.302494637292922,"wvs_wave5"
"very_happy_minus_very_unhappy","cluster5_gdp_ppp","region",58,58,0.0978185277147027,0.480803703902332,0.522966843252266,0.0297293599950577,0.441619077781753,0.445083878885289,NA,NA,NA,0.0699908335323183,0.452976009719948,0.133834170245008,0.0372897814022472,"wvs_wave5"
"happiness_mean","cluster5_gdp_ppp","region",58,58,0.173328015247043,0.508217848751912,0.550014318653748,0.110937676775122,0.471102214695452,0.476547268638033,NA,NA,NA,0.10756224257444,0.442452076079308,0.19556262251084,0.122110374328997,"wvs_wave5"
"satisfied_mean","cluster5_gdp_ppp","region",58,58,0.335285929997641,0.621344600397822,0.671812614203464,0.285118830374822,0.59276683439011,0.618231000195866,NA,NA,NA,0.192876971901642,0.478935642301823,0.287099360482129,0.251186850936122,"wvs_wave5"
"satisfied","cluster5_gdp_ppp","region",58,58,0.439740374213094,0.607608398378338,0.693031140560134,0.397456628870686,0.57799393787859,0.642913775753625,NA,NA,NA,0.262581558197445,0.430449582362689,0.37888854169701,0.359594462106308,"wvs_wave5"
"happiness_layard","cluster5_gdp_ppp","region",58,58,0.408090691026662,0.581009737308306,0.674112697053437,0.363418290349429,0.549387830690065,0.620906606776447,NA,NA,NA,0.250596825385896,0.42351587166754,0.371743221098284,0.350243548457205,"wvs_wave5"
"happy","cluster6_gdp_ppp","region",58,58,0.269616852735919,0.451775718901013,0.53885313018523,0.199387703960527,0.41040030145958,0.452388092094961,NA,NA,NA,0.178347132010069,0.360505998175162,0.330975403165538,0.266779230945408,"wvs_wave5"
"very_happy","cluster6_gdp_ppp","region",58,58,0.0767316405361478,0.449674936483437,0.522970299436773,-0.0120441632584534,0.408140969425583,0.433527230581167,NA,NA,NA,0.0750135017447418,0.447956797692031,0.143437403281849,0.015387842972684,"wvs_wave5"
"very_unhappy","cluster6_gdp_ppp","region",58,58,0.147899760174377,0.234241605184863,0.327064890560405,0.0659670448065289,0.17644851878372,0.200889557540481,NA,NA,NA,0.12036152277496,0.206703367785445,0.368005023616959,0.225019370519226,"wvs_wave5"
"very_happy_minus_very_unhappy","cluster6_gdp_ppp","region",58,58,0.0988718166339073,0.480803703902332,0.550052620510552,0.0122248759256292,0.441619077781753,0.465687486856281,NA,NA,NA,0.0840603666210639,0.465992253889489,0.152822409141584,0.0389674256067757,"wvs_wave5"
"happiness_mean","cluster6_gdp_ppp","region",58,58,0.164794175611645,0.508217848751912,0.567073149088482,0.0844859232666113,0.471102214695452,0.485899364542572,NA,NA,NA,0.111824737974108,0.455248411114374,0.197196319652686,0.102164234364863,"wvs_wave5"
"satisfied_mean","cluster6_gdp_ppp","region",58,58,0.337877872541454,0.621344600397822,0.687027119005038,0.274212283362748,0.59276683439011,0.628344703818483,NA,NA,NA,0.201780195574335,0.485246923430703,0.293700481382097,0.246512902001489,"wvs_wave5"
"satisfied","cluster6_gdp_ppp","region",58,58,0.443481340388133,0.607608398378338,0.706395418741343,0.389969930810069,0.57799393787859,0.651344559755345,NA,NA,NA,0.271134180375569,0.435261238365774,0.383827772918852,0.355664713666185,"wvs_wave5"
"happiness_layard","cluster6_gdp_ppp","region",58,58,0.401913088364389,0.581009737308306,0.681868356070671,0.344404731476349,0.549387830690065,0.622218672833922,NA,NA,NA,0.251385853563377,0.430482502507294,0.368672121715709,0.335280498510185,"wvs_wave5"
"happy","cluster7_gdp_ppp","region",58,58,0.272726793030624,0.451775718901013,0.551104733863509,0.187165239269521,0.41040030145958,0.455595102770638,NA,NA,NA,0.18602790399656,0.365076829866949,0.337554538304208,0.255007175414655,"wvs_wave5"
"very_happy","cluster7_gdp_ppp","region",58,58,0.0629599014370068,0.449674936483437,0.510756911139911,-0.0472801101586393,0.408140969425583,0.406662636914361,NA,NA,NA,0.0620209380467407,0.448735973093171,0.121429464181546,-0.0599494989751537,"wvs_wave5"
"very_unhappy","cluster7_gdp_ppp","region",58,58,0.163057990449514,0.234241605184863,0.356745439300931,0.0645942246200455,0.17644851878372,0.219882766811768,NA,NA,NA,0.142780912282791,0.21396452701814,0.400231920448881,0.245650157614606,"wvs_wave5"
"very_happy_minus_very_unhappy","cluster7_gdp_ppp","region",58,58,0.0852092459203798,0.480803703902332,0.539992772760172,-0.0224131957360461,0.441619077781753,0.442118894624039,NA,NA,NA,0.0721991573891099,0.467793615371062,0.133703932776848,-0.0247822239223628,"wvs_wave5"
"happiness_mean","cluster7_gdp_ppp","region",58,58,0.154825550248002,0.508217848751912,0.562303075128691,0.0553932620418846,0.471102214695452,0.469176069836923,NA,NA,NA,0.104455388312391,0.457847686816301,0.18576350180636,0.0569797999309081,"wvs_wave5"
"satisfied_mean","cluster7_gdp_ppp","region",58,58,0.330566532154457,0.621344600397822,0.67981180855258,0.251809653584393,0.59276683439011,0.611686661436108,NA,NA,NA,0.194516870154608,0.485294938397973,0.286133408845549,0.221297518565123,"wvs_wave5"
"satisfied","cluster7_gdp_ppp","region",58,58,0.437454290593366,0.607608398378338,0.700744047124175,0.37127244242788,0.57799393787859,0.637072567788893,NA,NA,NA,0.265294969669602,0.435449077454573,0.378590400815193,0.337756712576572,"wvs_wave5"
"happiness_layard","cluster7_gdp_ppp","region",58,58,0.399960362342084,0.581009737308306,0.683096309217176,0.329367463794094,0.549387830690065,0.615669992029341,NA,NA,NA,0.251023467125477,0.432072842091699,0.367478880705926,0.321316314141972,"wvs_wave5"
"happy","cluster7_gdp","region",58,58,0.377582157974321,0.451775718901013,0.579303511778894,0.304356529500712,0.41040030145958,0.48979362066802,NA,NA,NA,0.252554975426101,0.326748536352793,0.435963135542833,0.391746474959967,"wvs_wave5"
"very_happy","cluster7_gdp","region",58,58,0.165652752933076,0.449674936483437,0.508030545060335,0.0674942532781437,0.408140969425583,0.403356192945513,NA,NA,NA,0.112004180754987,0.396026364305348,0.220467414497066,0.0777346150807025,"wvs_wave5"
"very_unhappy","cluster7_gdp","region",58,58,0.234837285018137,0.234241605184863,0.35074430152303,0.144818142079095,0.17644851878372,0.212604791208781,NA,NA,NA,0.175669990678152,0.175074310844878,0.500849165375871,0.425612267426363,"wvs_wave5"
"very_happy_minus_very_unhappy","cluster7_gdp","region",58,58,0.206493790337276,0.480803703902332,0.545688480079461,0.11314011861225,0.441619077781753,0.449026454564452,NA,NA,NA,0.135689283257202,0.409999196822258,0.248657041903182,0.134232063801093,"wvs_wave5"
"happiness_mean","cluster7_gdp","region",58,58,0.286757418569656,0.508217848751912,0.570806266761829,0.202846526636674,0.471102214695452,0.479488451179239,NA,NA,NA,0.174672918289786,0.396133348472043,0.306010862986319,0.220268874673584,"wvs_wave5"
"satisfied_mean","cluster7_gdp","region",58,58,0.473493459304799,0.621344600397822,0.713247123076147,0.411551513340657,0.59276683439011,0.652235872666817,NA,NA,NA,0.282697990991562,0.430549132084585,0.39635349634825,0.361081451784833,"wvs_wave5"
"satisfied","cluster7_gdp","region",58,58,0.559884387796317,0.607608398378338,0.727095570764072,0.508106080478237,0.57799393787859,0.669030798586215,NA,NA,NA,0.339685780091026,0.387409790673046,0.467181748520439,0.447769327250675,"wvs_wave5"
"happiness_layard","cluster7_gdp","region",58,58,0.517348667575829,0.581009737308306,0.69739802058227,0.460566157878868,0.549387830690065,0.633014620706157,NA,NA,NA,0.316868475424897,0.380529545157373,0.45435815140447,0.429842321246773,"wvs_wave5"
"happy","log_gdp_ppp","region",60,60,0.0618825513452183,0.246526682060485,0.263233238542933,0.0457081125753083,0.191728622573975,0.195014093963574,NA,NA,NA,0.0392945539138327,0.2239386846291,0.149276566026915,0.125615495190975,"wvs_wave6"
"very_happy","log_gdp_ppp","region",60,60,0.00573870562548795,0.217326685193948,0.217841927944351,-0.0114037304844175,0.16040498957169,0.145419884235494,NA,NA,NA,0.00312697418794511,0.214714953756405,0.0143543266324007,-0.0907332444917882,"wvs_wave6"
"very_unhappy","log_gdp_ppp","region",60,60,0.0365745941741504,0.162661237403405,0.164284132378349,0.0199638113150841,0.101763872850925,0.0869030335244928,NA,NA,NA,0.0190987445745474,0.145185387803802,0.116254347258338,0.0293601487870575,"wvs_wave6"
"very_happy_minus_very_unhappy","log_gdp_ppp","region",60,60,3.80023311882249e-05,0.19005884251598,0.190108409579035,-0.0172027217665498,0.131154031062597,0.11511844750302,NA,NA,NA,4.37846971219069e-05,0.190064624881914,0.000230314362309701,-0.144365677469957,"wvs_wave6"
"happiness_mean","log_gdp_ppp","region",60,60,0.00903421844084962,0.209041918526317,0.211237142644137,-0.00805139848258407,0.15151769441914,0.138203544740816,NA,NA,NA,0.00561472127933477,0.205622421364802,0.0265801800244651,-0.0772973956672975,"wvs_wave6"
"satisfied_mean","log_gdp_ppp","region",60,60,0.156359495980309,0.3996490222184,0.468056312441074,0.141813970048935,0.355987132925193,0.418802267296729,NA,NA,NA,0.112383393101491,0.355672919339582,0.240106564347725,0.244302765767368,"wvs_wave6"
"satisfied","log_gdp_ppp","region",60,60,0.207209839225165,0.397918668893687,0.487933725358267,0.193541043349736,0.354130935722319,0.440520181409959,NA,NA,NA,0.148612447844873,0.339321277513395,0.304575068541846,0.317726974665965,"wvs_wave6"
"happiness_layard","log_gdp_ppp","region",60,60,0.156753112740153,0.376480048286595,0.436207233426844,0.142214373304638,0.331133142707438,0.384004199484885,NA,NA,NA,0.108240148940201,0.327967084486643,0.248139280245003,0.254014709140914,"wvs_wave6"
"happy","log_gdp","region",60,60,0.111707022078981,0.246526682060485,0.270912753269224,0.0963916259079289,0.191728622573975,0.203404674868227,NA,NA,NA,0.06804654664386,0.202866206625364,0.251175132298912,0.265646987396408,"wvs_wave6"
"very_happy","log_gdp","region",60,60,0.0014880739068035,0.217326685193948,0.220651652786529,-0.0157276489568723,0.16040498957169,0.148489768785281,NA,NA,NA,0.00240652074969194,0.218245132036837,0.0109064252150432,-0.0930800484417649,"wvs_wave6"
"very_unhappy","log_gdp","region",60,60,0.0620355216810864,0.162661237403405,0.170654721448134,0.0458637203307602,0.101763872850925,0.0938634919525909,NA,NA,NA,0.0350145028629077,0.135640218585226,0.205177463393824,0.202226332318856,"wvs_wave6"
"very_happy_minus_very_unhappy","log_gdp","region",60,60,0.00186150640452876,0.19005884251598,0.190535412070371,-0.0153477779678071,0.131154031062597,0.115584987262072,NA,NA,NA,0.00116903797945983,0.189366374090911,0.00613554177019896,-0.133740646171603,"wvs_wave6"
"happiness_mean","log_gdp","region",60,60,0.0261302350983946,0.209041918526317,0.211327867077141,0.00933937708284982,0.15151769441914,0.138302669584283,NA,NA,NA,0.0142080918246092,0.197119775252532,0.067232457418514,-0.0140114712306576,"wvs_wave6"
"satisfied_mean","log_gdp","region",60,60,0.216092089245075,0.3996490222184,0.466573049029441,0.202576435611369,0.355987132925193,0.417181664680315,NA,NA,NA,0.141508058028058,0.325064991001383,0.303292396169091,0.316134420203508,"wvs_wave6"
"satisfied","log_gdp","region",60,60,0.270413420357544,0.397918668893687,0.480363565768236,0.257834341398192,0.354130935722319,0.432249081117147,NA,NA,NA,0.176429158616047,0.303934407152189,0.367282556773196,0.388609833391376,"wvs_wave6"
"happiness_layard","log_gdp","region",60,60,0.226738431470348,0.376480048286595,0.438669759910439,0.213406335461216,0.331133142707438,0.386694737679924,NA,NA,NA,0.144464071547096,0.294205688363343,0.329323068853869,0.347778110516121,"wvs_wave6"
"happy","group_gdp_ppp","region",60,60,0.17471967363313,0.246526682060485,0.314967052620568,0.0983048285991607,0.191728622573975,0.191661122092271,NA,NA,NA,0.121580022096607,0.193387030523962,0.386008698640205,0.256278704426457,"wvs_wave6"
"very_happy","group_gdp_ppp","region",60,60,0.0722763552145029,0.217326685193948,0.274218734072584,-0.0136239822656357,0.16040498957169,0.143578106205649,NA,NA,NA,0.0645842020465695,0.209634532026015,0.235520750487727,-0.106042858609866,"wvs_wave6"
"very_unhappy","group_gdp_ppp","region",60,60,0.15183644304752,0.162661237403405,0.220755203289608,0.0733027803667345,0.101763872850925,0.0804911398817372,NA,NA,NA,0.104965204466861,0.115789998822746,0.475482357392763,0.323203569200239,"wvs_wave6"
"very_happy_minus_very_unhappy","group_gdp_ppp","region",60,60,0.0826799584360426,0.19005884251598,0.253863778842751,-0.00225708244950895,0.131154031062597,0.119559259034447,NA,NA,NA,0.0732424473814071,0.180621331461344,0.28851082149366,-0.0579288237043518,"wvs_wave6"
"happiness_mean","group_gdp_ppp","region",60,60,0.109849519023312,0.209041918526317,0.274734705888003,0.0274281781921367,0.15151769441914,0.144186952947844,NA,NA,NA,0.087771153192499,0.186963552695504,0.319476030189936,0.0696922859868968,"wvs_wave6"
"satisfied_mean","group_gdp_ppp","region",60,60,0.199074094028865,0.3996490222184,0.491255328457388,0.124914287920426,0.355987132925193,0.399681287579718,NA,NA,NA,0.145340200133926,0.345915128323461,0.29585470470176,0.210928617143881,"wvs_wave6"
"satisfied","group_gdp_ppp","region",60,60,0.279476770684426,0.397918668893687,0.536959281710455,0.21276165685891,0.354130935722319,0.453611952418337,NA,NA,NA,0.209258691750597,0.327700589959858,0.389710540218273,0.344173772196998,"wvs_wave6"
"happiness_layard","group_gdp_ppp","region",60,60,0.253593176442082,0.376480048286595,0.486675321091663,0.184481433520053,0.331133142707438,0.394276878888163,NA,NA,NA,0.181894224623575,0.304781096468088,0.373748609679997,0.314024462199084,"wvs_wave6"
"happy","cluster5_gdp_ppp","region",60,60,0.1545801813867,0.246526682060485,0.318718471969553,0.093095103669369,0.191728622573975,0.21185078129811,NA,NA,NA,0.113385985647884,0.205332486321669,0.355755927628554,0.267209924126237,"wvs_wave6"
"very_happy","cluster5_gdp_ppp","region",60,60,0.12022283829885,0.217326685193948,0.341365236533401,0.0562390447205843,0.16040498957169,0.238049979519032,NA,NA,NA,0.122130694819151,0.21923454171425,0.357771330377401,0.281209926878449,"wvs_wave6"
"very_unhappy","cluster5_gdp_ppp","region",60,60,0.0900978529245398,0.162661237403405,0.212696690131116,0.0239231513190518,0.101763872850925,0.0891981317203108,NA,NA,NA,0.0700666528261255,0.142630037304991,0.329420513233812,0.063663946595033,"wvs_wave6"
"very_happy_minus_very_unhappy","cluster5_gdp_ppp","region",60,60,0.0994865551720727,0.19005884251598,0.308101642977971,0.0339946682754962,0.131154031062597,0.199568567366673,NA,NA,NA,0.108764677817032,0.199336965160939,0.353015572282452,0.256576488799995,"wvs_wave6"
"happiness_mean","cluster5_gdp_ppp","region",60,60,0.109432778036701,0.209041918526317,0.308157170989037,0.0446642528030063,0.15151769441914,0.199632805653984,NA,NA,NA,0.104274015249711,0.203883155739327,0.338379324145016,0.232375044106382,"wvs_wave6"
"satisfied_mean","cluster5_gdp_ppp","region",60,60,0.148685640827354,0.3996490222184,0.492834536937881,0.0867718692511613,0.355987132925193,0.413279170183039,NA,NA,NA,0.120935577773417,0.371898959164463,0.245387789834747,0.174293694072704,"wvs_wave6"
"satisfied","cluster5_gdp_ppp","region",60,60,0.210951287914177,0.397918668893687,0.505012887546107,0.153565927035208,0.354130935722319,0.427367850298437,NA,NA,NA,0.159022753283298,0.345990134262808,0.314888505233997,0.265348506506686,"wvs_wave6"
"happiness_layard","cluster5_gdp_ppp","region",60,60,0.192467341544264,0.376480048286595,0.461689925105391,0.133737693656574,0.331133142707438,0.377249129043492,NA,NA,NA,0.13883860918153,0.322851315923861,0.300718299516363,0.238375209041097,"wvs_wave6"
"happy","cluster6_gdp_ppp","region",60,60,0.181271245782879,0.246526682060485,0.332822642674247,0.105463027799812,0.191728622573975,0.212730718355612,NA,NA,NA,0.13378360319832,0.199039039475927,0.401966651437421,0.297242270789597,"wvs_wave6"
"very_happy","cluster6_gdp_ppp","region",60,60,0.134871561844371,0.217326685193948,0.361599342361946,0.0547670768299608,0.16040498957169,0.246687223987097,NA,NA,NA,0.139572109506184,0.222027232855762,0.385985518099971,0.285886940080743,"wvs_wave6"
"very_unhappy","cluster6_gdp_ppp","region",60,60,0.0989199243012427,0.162661237403405,0.213629980497044,0.0154865839587652,0.101763872850925,0.0720833769865115,NA,NA,NA,0.0749443336974407,0.138685646799603,0.350813745912774,-0.0984548206468233,"wvs_wave6"
"very_happy_minus_very_unhappy","cluster6_gdp_ppp","region",60,60,0.127576548535792,0.19005884251598,0.329485802828384,0.0467965993261431,0.131154031062597,0.208793247337493,NA,NA,NA,0.133501754424098,0.195984048404286,0.405182114913867,0.297988122671184,"wvs_wave6"
"happiness_mean","cluster6_gdp_ppp","region",60,60,0.134030529585503,0.209041918526317,0.326773025441739,0.0538481712137906,0.15151769441914,0.205592170021252,NA,NA,NA,0.125880818250463,0.200892207191276,0.385224019272381,0.262467794383285,"wvs_wave6"
"satisfied_mean","cluster6_gdp_ppp","region",60,60,0.184667441291027,0.3996490222184,0.51111165806589,0.109173685855011,0.355987132925193,0.42311175651775,NA,NA,NA,0.148065038569258,0.363046619496631,0.289692156757987,0.208335394528528,"wvs_wave6"
"satisfied","cluster6_gdp_ppp","region",60,60,0.249474230995932,0.397918668893687,0.523780058389308,0.179981104236296,0.354130935722319,0.438060468899384,NA,NA,NA,0.187667810245777,0.336112248143532,0.358295065342654,0.301226264579899,"wvs_wave6"
"happiness_layard","cluster6_gdp_ppp","region",60,60,0.229264733613254,0.376480048286595,0.478400595385777,0.157900357095962,0.331133142707438,0.384512702555217,NA,NA,NA,0.165592640356218,0.312807955029559,0.346138031502,0.274737239549844,"wvs_wave6"
"happy","cluster7_gdp_ppp","region",60,60,0.196664452087171,0.246526682060485,0.344674241831665,0.105720805153643,0.191728622573975,0.210934291185066,NA,NA,NA,0.147406005929175,0.19726823590249,0.427667600415486,0.296126516610634,"wvs_wave6"
"very_happy","cluster7_gdp_ppp","region",60,60,0.159727960587915,0.217326685193948,0.371322671590474,0.0646028240506982,0.16040498957169,0.243021175996693,NA,NA,NA,0.15686197349222,0.214460698098253,0.422441142148253,0.302893379294866,"wvs_wave6"
"very_unhappy","cluster7_gdp_ppp","region",60,60,0.116550350724089,0.162661237403405,0.220009957153974,0.0165371828815335,0.101763872850925,0.0608283157568253,NA,NA,NA,0.0869495352373291,0.133060421916645,0.395207273171175,-0.200551124168096,"wvs_wave6"
"very_happy_minus_very_unhappy","cluster7_gdp_ppp","region",60,60,0.151632042610634,0.19005884251598,0.339479240323465,0.0555903870571213,0.131154031062597,0.204679085287437,NA,NA,NA,0.15052622020906,0.188953020114405,0.443403314045461,0.315409464285618,"wvs_wave6"
"happiness_mean","cluster7_gdp_ppp","region",60,60,0.162859969340823,0.209041918526317,0.340054546923794,0.0680893998322371,0.15151769441914,0.205371801398037,NA,NA,NA,0.14693629886915,0.193118248054644,0.432096262785977,0.29688473778051,"wvs_wave6"
"satisfied_mean","cluster7_gdp_ppp","region",60,60,0.235861128465734,0.3996490222184,0.533653045454219,0.149354841122232,0.355987132925193,0.438480197587733,NA,NA,NA,0.184932575850776,0.348720469603442,0.346540842268353,0.264376711947617,"wvs_wave6"
"satisfied","cluster7_gdp_ppp","region",60,60,0.296030795421493,0.397918668893687,0.55335609679896,0.216336168488077,0.354130935722319,0.462204279819156,NA,NA,NA,0.225734111663383,0.327621985135577,0.407936431836938,0.350937374175596,"wvs_wave6"
"happiness_layard","cluster7_gdp_ppp","region",60,60,0.26673121131273,0.376480048286595,0.504326106186744,0.183719650329265,0.331133142707438,0.403168168673834,NA,NA,NA,0.197288634606439,0.307037471580304,0.391192587863747,0.31718113701403,"wvs_wave6"
"happy","cluster7_gdp","region",60,60,0.249196842459821,0.246526682060485,0.369194119263018,0.164200258587348,0.191728622573975,0.240458225235062,NA,NA,NA,0.185932139831177,0.183261979431841,0.503616201152751,0.442758531217394,"wvs_wave6"
"very_happy","cluster7_gdp","region",60,60,0.078614972530798,0.217326685193948,0.288257601890252,-0.0256927664279796,0.16040498957169,0.14300405125561,NA,NA,NA,0.074772944613551,0.213484657276701,0.259396262659602,-0.150673020679088,"wvs_wave6"
"very_unhappy","cluster7_gdp","region",60,60,0.1833640431941,0.162661237403405,0.276384010574474,0.090914689593432,0.101763872850925,0.128707278038652,NA,NA,NA,0.148543408182584,0.127840602391889,0.537452973034987,0.457853264310992,"wvs_wave6"
"very_happy_minus_very_unhappy","cluster7_gdp","region",60,60,0.0857580228451742,0.19005884251598,0.256326924526134,-0.0177410689082023,0.131154031062597,0.104556909123304,NA,NA,NA,0.0760130524276641,0.18031387209847,0.296547280658042,-0.212028986029067,"wvs_wave6"
"happiness_mean","cluster7_gdp","region",60,60,0.130620353271326,0.209041918526317,0.28595723405786,0.0322000159058158,0.15151769441914,0.14023422060028,NA,NA,NA,0.103767834401435,0.182189399656425,0.362878857544266,0.0745771681028419,"wvs_wave6"
"satisfied_mean","cluster7_gdp","region",60,60,0.281351799729179,0.3996490222184,0.506523857190126,0.199995399698521,0.355987132925193,0.405814440290152,NA,NA,NA,0.194113317350453,0.312410539839673,0.383226406012287,0.307804112249998,"wvs_wave6"
"satisfied","cluster7_gdp","region",60,60,0.376129325369226,0.397918668893687,0.551092148088108,0.305502456543101,0.354130935722319,0.459478300759151,NA,NA,NA,0.264651402281824,0.286440745806284,0.480230762132927,0.447082942655972,"wvs_wave6"
"happiness_layard","cluster7_gdp","region",60,60,0.356164852080604,0.376480048286595,0.526161134911629,0.283277854202936,0.331133142707438,0.42945932570992,NA,NA,NA,0.252922969352819,0.27323816555881,0.480694890920247,0.444284259719597,"wvs_wave6"
"happy","log_gdp_ppp","region",99,92,0.0615688965953113,0.203383969791362,0.206768504034701,0.051894349137531,0.169485415314399,0.16412164941291,NA,NA,NA,0.0324767154193248,0.174291788615376,0.157068000133494,0.141756384372475,"wvs_wave7"
"very_happy","log_gdp_ppp","region",99,92,0.116159201963651,0.24768145428864,0.391856141267563,0.107047441159153,0.215667899151987,0.359160234884098,NA,NA,NA,0.130166944471287,0.261689196796276,0.332180437571368,0.348785517656366,"wvs_wave7"
"very_unhappy","log_gdp_ppp","region",99,92,0.0952974405593169,0.161704392535706,0.190516501878059,0.0859706100496191,0.126032239026587,0.146995883699461,NA,NA,NA,0.0620547749508354,0.128461726927224,0.325718635074214,0.363732140081979,"wvs_wave7"
"very_happy_minus_very_unhappy","log_gdp_ppp","region",99,92,0.0726915396500456,0.248882574186902,0.357784278610958,0.0631316586155101,0.216920130535281,0.323256551654558,NA,NA,NA,0.090796622037051,0.266987656573907,0.253774767269134,0.262126287723143,"wvs_wave7"
"happiness_mean","log_gdp_ppp","region",99,92,0.00908783230249277,0.226287211717095,0.271324747600693,-0.00112775705521351,0.193363263279525,0.23214865876202,NA,NA,NA,0.027062684093045,0.244262063507648,0.0997427781002603,0.0811067327033003,"wvs_wave7"
"satisfied_mean","log_gdp_ppp","region",99,92,0.0629660719560752,0.364775339760755,0.364838328895201,0.0533059283679935,0.33774450315483,0.330689851954083,NA,NA,NA,0.0315145305452603,0.333323798349941,0.0863794400130388,0.0699315036339068,"wvs_wave7"
"satisfied","log_gdp_ppp","region",99,92,0.189399614518168,0.383260144413562,0.401407116448455,0.181042909513201,0.357015895239672,0.369224703354286,NA,NA,NA,0.10377329327653,0.297633823171925,0.25852380046146,0.261699333593049,"wvs_wave7"
"happiness_layard","log_gdp_ppp","region",99,92,0.1566238940307,0.345395735072375,0.358549242151229,0.147929295000089,0.317540234437157,0.324062642266887,NA,NA,NA,0.0848887005547773,0.273660541596452,0.236756045126356,0.238305319226857,"wvs_wave7"
"happy","log_gdp","region",99,92,0.10099484691928,0.203383969791362,0.217400718062974,0.0917267525576235,0.169485415314399,0.175325487851306,NA,NA,NA,0.0575057975954458,0.159894920467528,0.264515214612991,0.278244841324146,"wvs_wave7"
"very_happy","log_gdp","region",99,92,0.0603175020779073,0.24768145428864,0.356879602505833,0.0506300536457208,0.215667899151987,0.322303237049158,NA,NA,NA,0.0847578251475503,0.272121777358283,0.237496972515163,0.243971163589191,"wvs_wave7"
"very_unhappy","log_gdp","region",99,92,0.105881934040413,0.161704392535706,0.2038873655251,0.0966642220202116,0.126032239026587,0.161085610983439,NA,NA,NA,0.0740324535149039,0.129854912010196,0.363104664794887,0.408843450302354,"wvs_wave7"
"very_happy_minus_very_unhappy","log_gdp","region",99,92,0.0312482372201228,0.248882574186902,0.325826891046879,0.0212611056450726,0.216920130535281,0.289581024974131,NA,NA,NA,0.05409627704005,0.271730614006829,0.166027662315529,0.162168774857249,"wvs_wave7"
"happiness_mean","log_gdp","region",99,92,4.61560739428712e-06,0.226287211717095,0.249192662822251,-0.0103046151595398,0.193363263279525,0.20882667695248,NA,NA,NA,0.011455033356275,0.237737629465976,0.0459685820061479,0.0123518666022463,"wvs_wave7"
"satisfied_mean","log_gdp","region",99,92,0.102422686876461,0.364775339760755,0.36906107544467,0.0931693125143632,0.33774450315483,0.335139627887931,NA,NA,NA,0.0533542112801879,0.315706864164482,0.144567430244176,0.135114486189244,"wvs_wave7"
"satisfied","log_gdp","region",99,92,0.244617757466025,0.383260144413562,0.422313301192677,0.236830311666705,0.357015895239672,0.391254876525616,NA,NA,NA,0.141835457122569,0.280477844070107,0.335853634545738,0.346410114245442,"wvs_wave7"
"happiness_layard","log_gdp","region",99,92,0.216019903161309,0.345395735072375,0.378558609377551,0.207937634121735,0.317540234437157,0.345147781924732,NA,NA,NA,0.124591388733243,0.253967220644309,0.329120473413887,0.341223664100898,"wvs_wave7"
"happy","group_gdp_ppp","region",99,92,0.154302279032624,0.203383969791362,0.255712009123586,0.108834659625776,0.169485415314399,0.180446931394511,NA,NA,NA,0.103315159182424,0.152396849941162,0.404029359186223,0.331942956247834,"wvs_wave7"
"very_happy","group_gdp_ppp","region",99,92,0.213382647522502,0.24768145428864,0.416278957259781,0.171091392012959,0.215667899151987,0.357250986645601,NA,NA,NA,0.190990075246821,0.225288882012959,0.458803098057232,0.437611778825893,"wvs_wave7"
"very_unhappy","group_gdp_ppp","region",99,92,0.118941638292617,0.161704392535706,0.225337606345974,0.0715729091685638,0.126032239026587,0.147000959796691,NA,NA,NA,0.0912874260514426,0.134050180294532,0.405114031038759,0.314765393595584,"wvs_wave7"
"very_happy_minus_very_unhappy","group_gdp_ppp","region",99,92,0.173286538909265,0.248882574186902,0.389029102587094,0.128839578635569,0.216920130535281,0.327245528691407,NA,NA,NA,0.156716533654728,0.232312568932365,0.40284012844423,0.365421305751787,"wvs_wave7"
"happiness_mean","group_gdp_ppp","region",99,92,0.128747960825825,0.226287211717095,0.317245268007139,0.0819064533433428,0.193363263279525,0.248202654659546,NA,NA,NA,0.109853008557935,0.207392259449205,0.346271543301514,0.27547216388748,"wvs_wave7"
"satisfied_mean","group_gdp_ppp","region",99,92,0.105093328859611,0.364775339760755,0.403488028315527,0.0569800669703423,0.33774450315483,0.343166592976648,NA,NA,NA,0.0719030087071912,0.331585019608336,0.178203573987983,0.0909210833299362,"wvs_wave7"
"satisfied","group_gdp_ppp","region",99,92,0.222869135231906,0.383260144413562,0.43381680395689,0.181087905943299,0.357015895239672,0.376562323458148,NA,NA,NA,0.136712897387617,0.297103906569273,0.315139699847133,0.266402560297664,"wvs_wave7"
"happiness_layard","group_gdp_ppp","region",99,92,0.217818613645053,0.345395735072375,0.399645422711468,0.175765850937797,0.317540234437157,0.338935409277796,NA,NA,NA,0.136034150642073,0.263611272069395,0.34038711045187,0.29085339032376,"wvs_wave7"
"happy","cluster5_gdp_ppp","region",99,92,0.121514132361951,0.203383969791362,0.257083539111138,0.0841317550156505,0.169485415314399,0.191046520365461,NA,NA,NA,0.0876068508408628,0.169476688270275,0.340771918512411,0.276615506695772,"wvs_wave7"
"very_happy","cluster5_gdp_ppp","region",99,92,0.207906053658758,0.24768145428864,0.452664130283394,0.174199928282535,0.215667899151987,0.404012052975251,NA,NA,NA,0.206444364826756,0.246219765456638,0.456065217046267,0.448679784966723,"wvs_wave7"
"very_unhappy","cluster5_gdp_ppp","region",99,92,0.0886400918912061,0.161704392535706,0.229280590710013,0.0498588192057257,0.126032239026587,0.160772198773126,NA,NA,NA,0.078108145032757,0.151172445677256,0.340666188929815,0.263101393144615,"wvs_wave7"
"very_happy_minus_very_unhappy","cluster5_gdp_ppp","region",99,92,0.166590810799986,0.248882574186902,0.430367404286374,0.131126589982964,0.216920130535281,0.379733395778496,NA,NA,NA,0.174037820449729,0.256329583836645,0.404393591885321,0.387034506964511,"wvs_wave7"
"happiness_mean","cluster5_gdp_ppp","region",99,92,0.111284382055294,0.226287211717095,0.351622214637676,0.0734666961853067,0.193363263279525,0.29398863371658,NA,NA,NA,0.118309692487937,0.233312522149739,0.336468196725989,0.296086390180301,"wvs_wave7"
"satisfied_mean","cluster5_gdp_ppp","region",99,92,0.0754127949480166,0.364775339760755,0.432081284166598,0.0360686585628258,0.33774450315483,0.381599620536962,NA,NA,NA,0.0713593696769294,0.360721914489668,0.16515265134561,0.104722032784642,"wvs_wave7"
"satisfied","cluster5_gdp_ppp","region",99,92,0.19887427849024,0.383260144413562,0.449334147435346,0.164783822255782,0.357015895239672,0.400386071651821,NA,NA,NA,0.132474140756012,0.316860006679335,0.294823221231084,0.259941608119855,"wvs_wave7"
"happiness_layard","cluster5_gdp_ppp","region",99,92,0.184817583032891,0.345395735072375,0.414439066970878,0.150128969544929,0.317540234437157,0.362389206257178,NA,NA,NA,0.126930457465697,0.287508609505181,0.306270493255927,0.269017313427624,"wvs_wave7"
"happy","cluster6_gdp_ppp","region",99,92,0.148540562097039,0.203383969791362,0.277505887996362,0.102763172962472,0.169485415314399,0.204444685658915,NA,NA,NA,0.111331240151019,0.166174647845343,0.401185145853478,0.336820795471193,"wvs_wave7"
"very_happy","cluster6_gdp_ppp","region",99,92,0.206851429510015,0.24768145428864,0.446027532625,0.164209033247112,0.215667899151987,0.390007844912921,NA,NA,NA,0.202598753923187,0.243428778701813,0.454229255155697,0.434028422022686,"wvs_wave7"
"very_unhappy","cluster6_gdp_ppp","region",99,92,0.0979030862898677,0.161704392535706,0.245476960556441,0.0494032522194304,0.126032239026587,0.169176877916082,NA,NA,NA,0.0908378271553018,0.15463913340114,0.370046243644995,0.273524054377079,"wvs_wave7"
"very_happy_minus_very_unhappy","cluster6_gdp_ppp","region",99,92,0.167162718158097,0.248882574186902,0.426243474131486,0.122386520209607,0.216920130535281,0.368223151290849,NA,NA,NA,0.17226180905134,0.253981665080145,0.40413946372397,0.371635433575707,"wvs_wave7"
"happiness_mean","cluster6_gdp_ppp","region",99,92,0.120130838520341,0.226287211717095,0.354902233337454,0.0728260448924022,0.193363263279525,0.289667627719893,NA,NA,NA,0.12437293007035,0.230529303267104,0.350442793500517,0.291938748323507,"wvs_wave7"
"satisfied_mean","cluster6_gdp_ppp","region",99,92,0.0761891135855867,0.364775339760755,0.433558420564346,0.0265218616278226,0.33774450315483,0.376277811407932,NA,NA,NA,0.0724860971945887,0.361072323369757,0.167188765703677,0.0864456631624185,"wvs_wave7"
"satisfied","cluster6_gdp_ppp","region",99,92,0.202622360520186,0.383260144413562,0.452706379692422,0.159752594956755,0.357015895239672,0.397362081009633,NA,NA,NA,0.136034297899523,0.316672081792899,0.300491232290447,0.251783940000387,"wvs_wave7"
"happiness_layard","cluster6_gdp_ppp","region",99,92,0.196276563973679,0.345395735072375,0.424824688804487,0.153065626552909,0.317540234437157,0.366660893290334,NA,NA,NA,0.137852758852895,0.286971929951592,0.32449328507915,0.27571291226576,"wvs_wave7"
"happy","cluster7_gdp_ppp","region",99,92,0.165225033614313,0.203383969791362,0.310181057363449,0.110783187980464,0.169485415314399,0.23179254115475,NA,NA,NA,0.1360110605932,0.174169996770249,0.438489254467372,0.37337334704238,"wvs_wave7"
"very_happy","cluster7_gdp_ppp","region",99,92,0.210439022504023,0.24768145428864,0.461393961640145,0.158945915276024,0.215667899151987,0.400188730008343,NA,NA,NA,0.212075764927764,0.249318196712381,0.459641396636153,0.429130957942294,"wvs_wave7"
"very_unhappy","cluster7_gdp_ppp","region",99,92,0.117717354117691,0.161704392535706,0.285537834018681,0.0601771815601492,0.126032239026587,0.204348951520804,NA,NA,NA,0.120775397800333,0.164762436218348,0.422975113667185,0.338866172357794,"wvs_wave7"
"very_happy_minus_very_unhappy","cluster7_gdp_ppp","region",99,92,0.17365219269097,0.248882574186902,0.449108348438625,0.119759944388207,0.216920130535281,0.386507024397559,NA,NA,NA,0.186938983471346,0.262169364967278,0.416244730522736,0.374309934860155,"wvs_wave7"
"happiness_mean","cluster7_gdp_ppp","region",99,92,0.131706814376837,0.226287211717095,0.386568732472311,0.0750789979231522,0.193363263279525,0.316860633889619,NA,NA,NA,0.145994167566026,0.240574564906285,0.377666777735272,0.313349699039013,"wvs_wave7"
"satisfied_mean","cluster7_gdp_ppp","region",99,92,0.0776647060383493,0.364775339760755,0.436247662684162,0.0175124042582417,0.33774450315483,0.37218489708009,NA,NA,NA,0.0745685144808781,0.361679148203284,0.170931608027582,0.0697943395756893,"wvs_wave7"
"satisfied","cluster7_gdp_ppp","region",99,92,0.203053109165738,0.383260144413562,0.455723081220464,0.151078311937416,0.357015895239672,0.393873431359153,NA,NA,NA,0.13775802298632,0.317965058234145,0.302284498334805,0.238573908639104,"wvs_wave7"
"happiness_layard","cluster7_gdp_ppp","region",99,92,0.197897542023208,0.345395735072375,0.43750873691788,0.145586512155157,0.317540234437157,0.373589275204003,NA,NA,NA,0.145005271934357,0.292503464983524,0.331434002794723,0.269862608893011,"wvs_wave7"
"happy","cluster7_gdp","region",99,92,0.156862546210577,0.203383969791362,0.248686111722481,0.10187532096344,0.169485415314399,0.163309533509127,NA,NA,NA,0.101082344070848,0.147603767651633,0.406465577714487,0.293000160804512,"wvs_wave7"
"very_happy","cluster7_gdp","region",99,92,0.171691998634313,0.24768145428864,0.417414634805561,0.117671911588724,0.215667899151987,0.351211752397102,NA,NA,NA,0.170712589575617,0.246702045229944,0.408976052445161,0.360488740917101,"wvs_wave7"
"very_unhappy","cluster7_gdp","region",99,92,0.124861281206964,0.161704392535706,0.24732404043414,0.0677870169378531,0.126032239026587,0.161792681392565,NA,NA,NA,0.105240464552699,0.142083575881441,0.425516518200032,0.320000442580556,"wvs_wave7"
"very_happy_minus_very_unhappy","cluster7_gdp","region",99,92,0.133806931095712,0.248882574186902,0.38669890594643,0.0773160787758674,0.216920130535281,0.317005599803978,NA,NA,NA,0.13581163142762,0.25088727451881,0.351207695028841,0.279808224451338,"wvs_wave7"
"happiness_mean","cluster7_gdp","region",99,92,0.0950245666762202,0.226287211717095,0.302534710420445,0.0360044297203216,0.193363263279525,0.223277291150041,NA,NA,NA,0.0856360326897851,0.21689867773066,0.283061842956046,0.147615678359653,"wvs_wave7"
"satisfied_mean","cluster7_gdp","region",99,92,0.113016676413369,0.364775339760755,0.388523665954014,0.055169937918589,0.33774450315483,0.319037718903334,NA,NA,NA,0.0683825013033139,0.3201411646507,0.176006012749318,0.0571455215270967,"wvs_wave7"
"satisfied","cluster7_gdp","region",99,92,0.258424941424222,0.383260144413562,0.445884709183633,0.210061350647541,0.357015895239672,0.382917062499955,NA,NA,NA,0.160524753097146,0.285359956086487,0.360014034549536,0.308111783224405,"wvs_wave7"
"happiness_layard","cluster7_gdp","region",99,92,0.242265692745016,0.345395735072375,0.405872551413462,0.192848237924039,0.317540234437157,0.338358068619538,NA,NA,NA,0.151371254543052,0.254501296870411,0.372952676932444,0.315739584662711,"wvs_wave7"
"happy","log_gdp_ppp","region",78,72,0.0789755367071626,0.219169567261458,0.235123289758631,0.0668567937690989,0.176384338070305,0.182006851547424,NA,NA,NA,0.0474646296021678,0.187658660156463,0.201871238067881,0.199111480227252,"wvs_wave7_no_pandemic"
"very_happy","log_gdp_ppp","region",78,72,0.0548494977150661,0.298280917783155,0.404361275836684,0.0424133068955276,0.259830557113739,0.362997475547565,NA,NA,NA,0.0804649278842975,0.323896347952386,0.198992664957354,0.200525120883765,"wvs_wave7_no_pandemic"
"very_unhappy","log_gdp_ppp","region",78,72,0.0888724017171522,0.160592470129264,0.212538113955913,0.0768838806871147,0.114597536985662,0.157853260758407,NA,NA,NA,0.0704090227719009,0.142129091184012,0.331277159947443,0.380542042282334,"wvs_wave7_no_pandemic"
"very_happy_minus_very_unhappy","log_gdp_ppp","region",78,72,0.0318718288738949,0.305486637604039,0.381738335661811,0.0191333003064462,0.267431110897411,0.338803497860548,NA,NA,NA,0.0540617634658336,0.327676572195977,0.141619948575791,0.1335666364738,"wvs_wave7_no_pandemic"
"happiness_mean","log_gdp_ppp","region",78,72,0.000435656785627181,0.282967523190008,0.305638602024599,-0.0127165056250882,0.243678072405899,0.25741906049853,NA,NA,NA,0.0115533678101095,0.29408523421449,0.0378007481174763,0.0019899118300702,"wvs_wave7_no_pandemic"
"satisfied_mean","log_gdp_ppp","region",78,72,0.0593548096068809,0.33756625448177,0.338151612058629,0.0469778992069715,0.301268515001319,0.292189918451589,NA,NA,NA,0.02997008359187,0.308181528466759,0.08862913120365,0.0648538848603724,"wvs_wave7_no_pandemic"
"satisfied","log_gdp_ppp","region",78,72,0.16774477640686,0.328323597480507,0.350449170581429,0.156794049780634,0.291519411041083,0.305341474094029,NA,NA,NA,0.0949351747538911,0.255513995827538,0.270895703923009,0.27938574892227,"wvs_wave7_no_pandemic"
"happiness_layard","log_gdp_ppp","region",78,72,0.156810791565293,0.305370492555331,0.328966672765025,0.145716196717468,0.267308601736445,0.282367136151485,NA,NA,NA,0.0902034858874936,0.238763186877532,0.27420250546755,0.28469094053186,"wvs_wave7_no_pandemic"
"happy","log_gdp","region",78,72,0.139127170387038,0.219169567261458,0.254966148974002,0.127799896313184,0.176384338070305,0.203227687097197,NA,NA,NA,0.0874618760497917,0.167504272924211,0.343033286582329,0.38046795579117,"wvs_wave7_no_pandemic"
"very_happy","log_gdp","region",78,72,0.0103462962390966,0.298280917783155,0.369272512859223,-0.00267546302091537,0.259830557113739,0.325471992918891,NA,NA,NA,0.0406689456575823,0.328603567201641,0.110132610040993,0.0967302473855693,"wvs_wave7_no_pandemic"
"very_unhappy","log_gdp","region",78,72,0.105009054333148,0.160592470129264,0.228784435251589,0.0932328576796363,0.114597536985662,0.175227798810727,NA,NA,NA,0.0866005097277364,0.142183925523852,0.37852448149501,0.439037414579685,"wvs_wave7_no_pandemic"
"very_happy_minus_very_unhappy","log_gdp","region",78,72,0.00235187605456288,0.305486637604039,0.351604156572087,-0.0107750729447194,0.267431110897411,0.306576667445149,NA,NA,NA,0.0242346975113057,0.327369459060781,0.0689260836606094,0.0462698023294527,"wvs_wave7_no_pandemic"
"happiness_mean","log_gdp","region",78,72,0.0116904417899357,0.282967523190008,0.289724675625015,-0.00131363134440732,0.243678072405899,0.240400000321196,NA,NA,NA,0.00922379711247134,0.280500878512543,0.0318364222604551,-0.00955013191134506,"wvs_wave7_no_pandemic"
"satisfied_mean","log_gdp","region",78,72,0.115990213491798,0.33756625448177,0.350536383397279,0.104358505774585,0.301268515001319,0.305434743355423,NA,NA,NA,0.0644801712036536,0.286056212193625,0.183947157150233,0.177656171227389,"wvs_wave7_no_pandemic"
"satisfied","log_gdp","region",78,72,0.237134657064733,0.328323597480507,0.377966160783649,0.227096955184005,0.291519411041083,0.334769366393625,NA,NA,NA,0.143388610183938,0.234577550599712,0.379368909340046,0.403780837907778,"wvs_wave7_no_pandemic"
"happiness_layard","log_gdp","region",78,72,0.236706868172651,0.305370492555331,0.358313422014858,0.226663537490712,0.267308601736445,0.313751854099224,NA,NA,NA,0.144824898816089,0.213488523198769,0.404184967455904,0.435227372022352,"wvs_wave7_no_pandemic"
"happy","group_gdp_ppp","region",78,72,0.157499688797559,0.219169567261458,0.257389376725201,0.0989927227418337,0.176384338070305,0.15910267658589,NA,NA,NA,0.0978597491306512,0.15952962759455,0.380201197018049,0.256787198716007,"wvs_wave7_no_pandemic"
"very_happy","group_gdp_ppp","region",78,72,0.181167353252549,0.298280917783155,0.444292448773532,0.124303975006198,0.259830557113739,0.370742919934735,NA,NA,NA,0.163589442121463,0.280703006652069,0.368202166327722,0.317222966616061,"wvs_wave7_no_pandemic"
"very_unhappy","group_gdp_ppp","region",78,72,0.107484960705004,0.160592470129264,0.254270612834522,0.0455047496428514,0.114597536985662,0.155571135121444,NA,NA,NA,0.100581551705131,0.153689061129391,0.39556891999387,0.277938281131413,"wvs_wave7_no_pandemic"
"very_happy_minus_very_unhappy","group_gdp_ppp","region",78,72,0.146394473438743,0.305486637604039,0.421500965120656,0.0871163118719891,0.267431110897411,0.344934916386625,NA,NA,NA,0.13120440047768,0.290296564642976,0.311279003691303,0.238624896379999,"wvs_wave7_no_pandemic"
"happiness_mean","group_gdp_ppp","region",78,72,0.122947849544968,0.282967523190008,0.345247191317638,0.0620414502078126,0.243678072405899,0.258588731344973,NA,NA,NA,0.0926137588362991,0.252633432481339,0.268253475090813,0.148792464286133,"wvs_wave7_no_pandemic"
"satisfied_mean","group_gdp_ppp","region",78,72,0.0992048923979121,0.33756625448177,0.392153703092256,0.0366496765922116,0.301268515001319,0.311703457913289,NA,NA,NA,0.0768961705041989,0.315257532588057,0.196086814679674,0.0755279069077256,"wvs_wave7_no_pandemic"
"satisfied","group_gdp_ppp","region",78,72,0.226262812612522,0.328323597480507,0.402781223867729,0.172531063488391,0.291519411041083,0.323737562320811,NA,NA,NA,0.150360219499872,0.252421004367857,0.373304937246154,0.316227152172755,"wvs_wave7_no_pandemic"
"happiness_layard","group_gdp_ppp","region",78,72,0.209674239503158,0.305370492555331,0.37092737774586,0.154790506135322,0.267308601736445,0.28766776597693,NA,NA,NA,0.137615562346844,0.233311815399016,0.371004057945625,0.304430476909696,"wvs_wave7_no_pandemic"
"happy","cluster5_gdp_ppp","region",78,72,0.145302126235726,0.219169567261458,0.259133974397041,0.0984693660294645,0.176384338070305,0.173236464182205,NA,NA,NA,0.0926332666856547,0.166500707711386,0.357472488511767,0.275119596187061,"wvs_wave7_no_pandemic"
"very_happy","cluster5_gdp_ppp","region",78,72,0.169877060159845,0.298280917783155,0.486040672837642,0.124390871675453,0.259830557113739,0.426451185630412,NA,NA,NA,0.178818407607166,0.307222265230476,0.367908320435765,0.341201419995974,"wvs_wave7_no_pandemic"
"very_unhappy","cluster5_gdp_ppp","region",78,72,0.0870028096116185,0.160592470129264,0.237411852944534,0.0369755663026661,0.114597536985662,0.148995835894625,NA,NA,NA,0.0819110962134444,0.155500756731089,0.345016877622286,0.239516308570218,"wvs_wave7_no_pandemic"
"very_happy_minus_very_unhappy","cluster5_gdp_ppp","region",78,72,0.150119870977923,0.305486637604039,0.473799864415671,0.103551096784932,0.267431110897411,0.412791153043575,NA,NA,NA,0.159216548894778,0.314583315520893,0.336041778085219,0.30149766667216,"wvs_wave7_no_pandemic"
"happiness_mean","cluster5_gdp_ppp","region",78,72,0.125624292727627,0.282967523190008,0.39087042286938,0.077713295068867,0.243678072405899,0.320246703781772,NA,NA,NA,0.1167635962035,0.27410682666588,0.29872712124478,0.240879803949323,"wvs_wave7_no_pandemic"
"satisfied_mean","cluster5_gdp_ppp","region",78,72,0.115573956165065,0.33756625448177,0.466822235216256,0.0671122551330138,0.301268515001319,0.405004523357271,NA,NA,NA,0.122414968449775,0.34440726676648,0.26223037210956,0.210921426349421,"wvs_wave7_no_pandemic"
"satisfied","cluster5_gdp_ppp","region",78,72,0.215855392130329,0.328323597480507,0.434982328786464,0.172888564301854,0.291519411041083,0.3694730335733,NA,NA,NA,0.161257061718143,0.273725267068321,0.370720948982056,0.339459397629227,"wvs_wave7_no_pandemic"
"happiness_layard","cluster5_gdp_ppp","region",78,72,0.216163582221612,0.305370492555331,0.397997518724362,0.173213641521427,0.267308601736445,0.328200129590955,NA,NA,NA,0.154395304195322,0.24360221452904,0.387930318485855,0.356650025805457,"wvs_wave7_no_pandemic"
"happy","cluster6_gdp_ppp","region",78,72,0.141197830114165,0.219169567261458,0.25857412484156,0.0815587905387601,0.176384338070305,0.160444229600002,NA,NA,NA,0.0903011938471339,0.168272930994426,0.349227494833311,0.204490626531254,"wvs_wave7_no_pandemic"
"very_happy","cluster6_gdp_ppp","region",78,72,0.139429074619757,0.298280917783155,0.465589593188325,0.079667204801684,0.259830557113739,0.394858804051485,NA,NA,NA,0.153368875012463,0.312220718175862,0.329407867478747,0.271863574442976,"wvs_wave7_no_pandemic"
"very_unhappy","cluster6_gdp_ppp","region",78,72,0.0915027161002901,0.160592470129264,0.244674391531362,0.0284126269405882,0.114597536985662,0.14470482570463,NA,NA,NA,0.0877923187511941,0.156882072780168,0.358812862276767,0.202204437117415,"wvs_wave7_no_pandemic"
"very_happy_minus_very_unhappy","cluster6_gdp_ppp","region",78,72,0.120819680476465,0.305486637604039,0.45786246714868,0.0597654916206641,0.267431110897411,0.386108970153652,NA,NA,NA,0.136597755010553,0.321264712138127,0.298337961312292,0.23107900187594,"wvs_wave7_no_pandemic"
"happiness_mean","cluster6_gdp_ppp","region",78,72,0.0984212449468379,0.282967523190008,0.378650521539959,0.0358116091792573,0.243678072405899,0.296413090567306,NA,NA,NA,0.0970521216483946,0.281598399891564,0.2563105452851,0.149363557411036,"wvs_wave7_no_pandemic"
"satisfied_mean","cluster6_gdp_ppp","region",78,72,0.11919992958677,0.33756625448177,0.457185510751755,0.0580332580302958,0.301268515001319,0.385342416586547,NA,NA,NA,0.119409592928378,0.337775917823378,0.261184114807206,0.184390756764259,"wvs_wave7_no_pandemic"
"satisfied","cluster6_gdp_ppp","region",78,72,0.231900728897701,0.328323597480507,0.435189252989772,0.178560501737819,0.291519411041083,0.360434889414889,NA,NA,NA,0.169383192203483,0.265806060786289,0.389217314168059,0.343301921344747,"wvs_wave7_no_pandemic"
"happiness_layard","cluster6_gdp_ppp","region",78,72,0.2235973237233,0.305370492555331,0.397107861020585,0.169680471204085,0.267308601736445,0.317313313214486,NA,NA,NA,0.157667346094277,0.239440514926308,0.397039095849336,0.346164458806729,"wvs_wave7_no_pandemic"
"happy","cluster7_gdp_ppp","region",78,72,0.192418698313306,0.219169567261458,0.290785094992191,0.124172391128515,0.176384338070305,0.184932124095503,NA,NA,NA,0.13201711302202,0.158767981970171,0.454002338137604,0.358834836843096,"wvs_wave7_no_pandemic"
"very_happy","cluster7_gdp_ppp","region",78,72,0.191549977657537,0.298280917783155,0.484930197309589,0.123230257459583,0.259830557113739,0.408054107355796,NA,NA,NA,0.189099628591986,0.295830568717603,0.389952264555017,0.332619869287274,"wvs_wave7_no_pandemic"
"very_unhappy","cluster7_gdp_ppp","region",78,72,0.0951048464927523,0.160592470129264,0.260209865171732,0.0186348335203088,0.114597536985662,0.149793427137663,NA,NA,NA,0.0973611207676105,0.162848744404122,0.374163833885985,0.179683196722772,"wvs_wave7_no_pandemic"
"very_happy_minus_very_unhappy","cluster7_gdp_ppp","region",78,72,0.171595380655777,0.305486637604039,0.481045349975108,0.101589356485843,0.267431110897411,0.403589432060945,NA,NA,NA,0.173577046513423,0.307468303461685,0.360833020259743,0.294541505256108,"wvs_wave7_no_pandemic"
"happiness_mean","cluster7_gdp_ppp","region",78,72,0.158780408510984,0.282967523190008,0.410250905533112,0.0876914289485318,0.243678072405899,0.322228652627606,NA,NA,NA,0.143031895427044,0.267219010106068,0.348644923138383,0.257956590474842,"wvs_wave7_no_pandemic"
"satisfied_mean","cluster7_gdp_ppp","region",78,72,0.133075200217268,0.33756625448177,0.469946498332982,0.0598139495314032,0.301268515001319,0.390834035397606,NA,NA,NA,0.13272772203424,0.337218776298742,0.282431558709467,0.191103456196851,"wvs_wave7_no_pandemic"
"satisfied","cluster7_gdp_ppp","region",78,72,0.240841112300674,0.328323597480507,0.439254434610804,0.176686840100731,0.291519411041083,0.355561066642267,NA,NA,NA,0.175885974715486,0.263368459895318,0.400419348916368,0.338519200056448,"wvs_wave7_no_pandemic"
"happiness_layard","cluster7_gdp_ppp","region",78,72,0.243414109299653,0.305370492555331,0.410016562152261,0.179477273465821,0.267308601736445,0.321959332622748,NA,NA,NA,0.174030089448292,0.235986472703969,0.424446487075478,0.363598722927006,"wvs_wave7_no_pandemic"
"happy","cluster7_gdp","region",78,72,0.201442435128587,0.219169567261458,0.295330941047563,0.133958697252129,0.176384338070305,0.190156454636751,NA,NA,NA,0.138801904457346,0.156529036590217,0.46998768217446,0.388445435893251,"wvs_wave7_no_pandemic"
"very_happy","cluster7_gdp","region",78,72,0.0941070241745372,0.298280917783155,0.418178681968218,0.0175526881892868,0.259830557113739,0.331339679276908,NA,NA,NA,0.1070023941798,0.311176287788418,0.255877209417224,0.134396536126941,"wvs_wave7_no_pandemic"
"very_unhappy","cluster7_gdp","region",78,72,0.1746147191055,0.160592470129264,0.286242548948712,0.104863850297514,0.114597536985662,0.179711586105236,NA,NA,NA,0.150132398962474,0.136110149986238,0.524493648878785,0.472918588892629,"wvs_wave7_no_pandemic"
"very_happy_minus_very_unhappy","cluster7_gdp","region",78,72,0.0798623895207985,0.305486637604039,0.397659241783812,0.00210428159297871,0.267431110897411,0.307757636079903,NA,NA,NA,0.0860174968502859,0.311641744933526,0.216309563093342,0.0689354248296459,"wvs_wave7_no_pandemic"
"happiness_mean","cluster7_gdp","region",78,72,0.0918650512276257,0.282967523190008,0.333800829074005,0.0151212527398195,0.243678072405899,0.234368116995498,NA,NA,NA,0.0713491785558114,0.262451650518193,0.21374775716927,0.01239779839493,"wvs_wave7_no_pandemic"
"satisfied_mean","cluster7_gdp","region",78,72,0.179069381429761,0.33756625448177,0.403444749846476,0.109694962959036,0.301268515001319,0.314406652808637,NA,NA,NA,0.122473938397234,0.280970811449243,0.303570534611837,0.195341128549714,"wvs_wave7_no_pandemic"
"satisfied","cluster7_gdp","region",78,72,0.34638991494964,0.328323597480507,0.46698164456471,0.291155259874962,0.291519411041083,0.387426666141532,NA,NA,NA,0.242523981016921,0.224457663547788,0.519343712627049,0.499530038588015,"wvs_wave7_no_pandemic"
"happiness_layard","cluster7_gdp","region",78,72,0.32789437228814,0.305370492555331,0.431558029392338,0.271096713608264,0.267308601736445,0.346715944227015,NA,NA,NA,0.227040954562573,0.204517074829765,0.526096003548496,0.50546284636587,"wvs_wave7_no_pandemic"
"happy","log_gdp_ppp","region",337,112,0.191251361268402,0.190107433698563,0.361699804797916,0.188837186227412,0.180349691935895,0.35205780789154,NA,NA,NA,0.181421866183878,0.180277938614038,0.501581321795955,0.512054120234328,"wvs_weighted"
"very_happy","log_gdp_ppp","region",337,112,0.00279260994622788,0.19723092225646,0.197457896465312,-0.000184128531544703,0.18755900565714,0.185334903964788,NA,NA,NA,0.00150979207754021,0.195948104387772,0.00764614687265968,-0.00649696892592344,"wvs_weighted"
"very_unhappy","log_gdp_ppp","region",337,112,0.028393754432369,0.149103212535606,0.162160111177375,0.0254934372814208,0.138851444011939,0.149503919503317,NA,NA,NA,0.0207253265370686,0.141434784640306,0.127807796791646,0.120886171054521,"wvs_weighted"
"very_happy_minus_very_unhappy","log_gdp_ppp","region",337,112,0.00751941883291896,0.184289651956422,0.184428286274209,0.00455679023242017,0.174461816437825,0.172108471867475,NA,NA,NA,0.00382902657535295,0.180599259698856,0.0207616014479467,0.00640132829651493,"wvs_weighted"
"happiness_mean","log_gdp_ppp","region",337,112,0.0676671699644671,0.206061947594789,0.246224861657914,0.0648840868897341,0.196496428891111,0.234838530263019,NA,NA,NA,0.0539150420137963,0.192309819644118,0.218966686185824,0.219781200610539,"wvs_weighted"
"satisfied_mean","log_gdp_ppp","region",337,112,0.135022275534152,0.329718038302235,0.389593058583895,0.132440252476045,0.321642352016719,0.38037240992202,NA,NA,NA,0.0974486479079059,0.292144410675989,0.250129322791621,0.251293607783668,"wvs_weighted"
"satisfied","log_gdp_ppp","region",337,112,0.180720730057281,0.213067123999488,0.319642754510853,0.178275120296258,0.20358600501153,0.30936545473005,NA,NA,NA,0.143648180284323,0.17599457422653,0.449402272559398,0.459092257509232,"wvs_weighted"
"happiness_layard","log_gdp_ppp","region",335,112,0.229838244664692,0.246646313322851,0.407255310087101,0.227525446600622,0.23751475348434,0.398247032124899,NA,NA,NA,0.195223620714471,0.21203168937263,0.479364211783311,0.487458403857501,"wvs_weighted"
"happy","log_gdp","region",337,112,0.204201849993925,0.190107433698563,0.325696469157434,0.201826333128235,0.180349691935895,0.315510615217214,NA,NA,NA,0.169895442726398,0.155801026431036,0.521637348927706,0.534034736323459,"wvs_weighted"
"very_happy","log_gdp","region",337,112,0.000104951019539445,0.19723092225646,0.210112820083495,-0.00287981032070084,0.18755900565714,0.198180989571161,NA,NA,NA,0.00649342442328721,0.203619395660207,0.0309044656137919,0.0195330884412099,"wvs_weighted"
"very_unhappy","log_gdp","region",337,112,0.0501980867609449,0.149103212535606,0.171962299149426,0.0473628571691866,0.138851444011939,0.159454176780082,NA,NA,NA,0.0365285866873824,0.135433712462044,0.212422064999497,0.21311950338895,"wvs_weighted"
"very_happy_minus_very_unhappy","log_gdp","region",337,112,0.00358137214360699,0.184289651956422,0.189311809324728,0.000606988179856494,0.174461816437825,0.177065764148364,NA,NA,NA,0.00430176475595628,0.185010044568772,0.0227231717413753,0.00906707150825954,"wvs_weighted"
"happiness_mean","log_gdp","region",337,112,0.0621713783850583,0.206061947594789,0.221683157699981,0.0593718899623271,0.196496428891111,0.209926105701492,NA,NA,NA,0.0388962942451255,0.182786863454856,0.175458950732588,0.173398078646372,"wvs_weighted"
"satisfied_mean","log_gdp","region",337,112,0.19843453537199,0.329718038302235,0.415185224899447,0.196041802641757,0.321642352016719,0.40635116485261,NA,NA,NA,0.141950860984601,0.273234363914845,0.3418976699351,0.345453193888937,"wvs_weighted"
"satisfied","log_gdp","region",337,112,0.265639333294161,0.213067123999488,0.37305774084547,0.26344721190101,0.20358600501153,0.363587313970025,NA,NA,NA,0.212814975070072,0.160242765775399,0.570461222940352,0.582320263372025,"wvs_weighted"
"happiness_layard","log_gdp","region",335,112,0.302566686692795,0.246646313322851,0.435703920141711,0.300472292358539,0.23751475348434,0.427127991876387,NA,NA,NA,0.245812146755827,0.189891773385883,0.564172446912752,0.573698680573034,"wvs_weighted"
"happy","group_gdp_ppp","region",337,112,0.147095789308125,0.190107433698563,0.284965169494862,0.134212039901903,0.180349691935895,0.265285311774537,NA,NA,NA,0.120976762552212,0.16398840694265,0.424531751605501,0.413041450117669,"wvs_weighted"
"very_happy","group_gdp_ppp","region",337,112,0.0548193001517067,0.19723092225646,0.258637843653947,0.0405416460754484,0.18755900565714,0.238233380635249,NA,NA,NA,0.0581131107745972,0.20052473287935,0.224689124969475,0.191442569488646,"wvs_weighted"
"very_unhappy","group_gdp_ppp","region",337,112,0.052269827092025,0.149103212535606,0.183452175798745,0.0379536613381282,0.138851444011939,0.160978382472105,NA,NA,NA,0.0433093951775818,0.140142780621163,0.236080030062408,0.186610769954485,"wvs_weighted"
"very_happy_minus_very_unhappy","group_gdp_ppp","region",337,112,0.0501675278348519,0.184289651956422,0.239702452297517,0.0358196052945929,0.174461816437825,0.21877683171855,NA,NA,NA,0.0527901640879734,0.186912288209544,0.220232056793689,0.183142382915593,"wvs_weighted"
"happiness_mean","group_gdp_ppp","region",337,112,0.0650701786651443,0.206061947594789,0.244053221981679,0.0509473716963398,0.196496428891111,0.223247347357322,NA,NA,NA,0.0515307265260174,0.192522495455662,0.21114544650382,0.174018395027532,"wvs_weighted"
"satisfied_mean","group_gdp_ppp","region",337,112,0.156729305036354,0.329718038302235,0.402067958482949,0.143991077015755,0.321642352016719,0.385611113303581,NA,NA,NA,0.114539612608534,0.287528345874415,0.28487625087238,0.269649695156602,"wvs_weighted"
"satisfied","group_gdp_ppp","region",337,112,0.208904708174634,0.213067123999488,0.341134309068983,0.196954628237695,0.20358600501153,0.323000390969965,NA,NA,NA,0.168485946622065,0.172648362446919,0.493899153919443,0.489734723301849,"wvs_weighted"
"happiness_layard","group_gdp_ppp","region",335,112,0.224696891918373,0.246646313322851,0.387064402418147,0.212914169911053,0.23751475348434,0.370090801254342,NA,NA,NA,0.182557490506834,0.204506911911313,0.471646292881299,0.466764124520376,"wvs_weighted"
"happy","cluster5_gdp_ppp","region",337,112,0.193101403455488,0.190107433698563,0.33719363548717,0.183379733617602,0.180349691935895,0.321027626596613,NA,NA,NA,0.170093802622048,0.167099832865122,0.504439540729468,0.50471928493169,"wvs_weighted"
"very_happy","cluster5_gdp_ppp","region",337,112,0.0632870562789951,0.19723092225646,0.243775626771734,0.0520013581618747,0.18755900565714,0.225331129863727,NA,NA,NA,0.0549158803971346,0.188859746374599,0.225272235474782,0.199203462084342,"wvs_weighted"
"very_unhappy","cluster5_gdp_ppp","region",337,112,0.0429666808883372,0.149103212535606,0.18250278401188,0.0314361589713292,0.138851444011939,0.162563827524365,NA,NA,NA,0.0381831261823056,0.144319657829575,0.209219417605268,0.169621198404331,"wvs_weighted"
"very_happy_minus_very_unhappy","cluster5_gdp_ppp","region",337,112,0.0585450514927099,0.184289651956422,0.225613849399324,0.0472022207878028,0.174461816437825,0.206726382311503,NA,NA,NA,0.0499346244678059,0.175679224931518,0.221327833378812,0.19220281846208,"wvs_weighted"
"happiness_mean","cluster5_gdp_ppp","region",337,112,0.105759344467797,0.206061947594789,0.260092309504707,0.0949853606662042,0.196496428891111,0.242045780468236,NA,NA,NA,0.0798948531888576,0.180197456315849,0.307178837163626,0.290306056919203,"wvs_weighted"
"satisfied_mean","cluster5_gdp_ppp","region",337,112,0.155346675150262,0.329718038302235,0.39124106427047,0.145170129067735,0.321642352016719,0.376393285350237,NA,NA,NA,0.108434850559249,0.282806213711221,0.277156107734863,0.265574692990637,"wvs_weighted"
"satisfied","cluster5_gdp_ppp","region",337,112,0.183708576728665,0.213067123999488,0.31528149640955,0.173873740303709,0.20358600501153,0.298581045102466,NA,NA,NA,0.142961474569363,0.172320021840187,0.453440738506445,0.450244221468203,"wvs_weighted"
"happiness_layard","cluster5_gdp_ppp","region",335,112,0.228740440376525,0.246646313322851,0.391740695852764,0.219391839653817,0.23751475348434,0.376814087162034,NA,NA,NA,0.186917411453219,0.204823284399545,0.477145758487834,0.47595244651412,"wvs_weighted"
"happy","cluster6_gdp_ppp","region",337,112,0.198153558293848,0.190107433698563,0.344337244494296,0.18604107428016,0.180349691935895,0.326291480581295,NA,NA,NA,0.176191684544791,0.168145559949506,0.511683494486781,0.508721316189631,"wvs_weighted"
"very_happy","cluster6_gdp_ppp","region",337,112,0.0561559295450577,0.19723092225646,0.215060070696508,0.041898466245134,0.18755900565714,0.193456219431274,NA,NA,NA,0.0369925389925528,0.178067531703955,0.172010261471348,0.123530998795951,"wvs_weighted"
"very_unhappy","cluster6_gdp_ppp","region",337,112,0.060302713923335,0.149103212535606,0.192208434699494,0.0461078908708173,0.138851444011939,0.169975639324251,NA,NA,NA,0.0517039680436113,0.140504466655883,0.268999475098204,0.227185749940904,"wvs_weighted"
"very_happy_minus_very_unhappy","cluster6_gdp_ppp","region",337,112,0.0570770962824999,0.184289651956422,0.203304430897264,0.0428335478879757,0.174461816437825,0.181377029912785,NA,NA,NA,0.0380459376116708,0.165258493285593,0.18713776892987,0.137141845874467,"wvs_weighted"
"happiness_mean","cluster6_gdp_ppp","region",337,112,0.113691916053108,0.206061947594789,0.262400803039205,0.100303576416448,0.196496428891111,0.242099907710008,NA,NA,NA,0.0850153857487621,0.177385417290443,0.323990570013843,0.3013364536473,"wvs_weighted"
"satisfied_mean","cluster6_gdp_ppp","region",337,112,0.186109674696661,0.329718038302235,0.407568301495894,0.17381525890658,0.321642352016719,0.391262841904037,NA,NA,NA,0.13197996894516,0.275588332550734,0.323822948106502,0.311089787633864,"wvs_weighted"
"satisfied","cluster6_gdp_ppp","region",337,112,0.213218417500051,0.213067123999488,0.342760134019217,0.201333499335399,0.20358600501153,0.324670963395893,NA,NA,NA,0.17145571375989,0.171304420259328,0.500220698800045,0.496531094661852,"wvs_weighted"
"happiness_layard","cluster6_gdp_ppp","region",335,112,0.237583343066487,0.246646313322851,0.399815570479302,0.225996463781783,0.23751475348434,0.383195078584882,NA,NA,NA,0.195376300111469,0.204439270367833,0.488666061397384,0.484970723338758,"wvs_weighted"
"happy","cluster7_gdp_ppp","region",337,112,0.216707236388841,0.190107433698563,0.344208779001652,0.202465549777729,0.180349691935895,0.324092483879003,NA,NA,NA,0.185404290845965,0.158804488155687,0.538639053262134,0.534119670991955,"wvs_weighted"
"very_happy","cluster7_gdp_ppp","region",337,112,0.0680003493368414,0.19723092225646,0.219939360185161,0.0510549011429657,0.18755900565714,0.196011119700043,NA,NA,NA,0.0453543936327712,0.174584966552389,0.206213174370375,0.151794998357574,"wvs_weighted"
"very_unhappy","cluster7_gdp_ppp","region",337,112,0.0618586013217444,0.149103212535606,0.191214432789804,0.0448014849821398,0.138851444011939,0.166405059562498,NA,NA,NA,0.0519849107879711,0.139229522001833,0.271867086754463,0.217406552189369,"wvs_weighted"
"very_happy_minus_very_unhappy","cluster7_gdp_ppp","region",337,112,0.0690381025498866,0.184289651956422,0.207088521065867,0.0521115225962483,0.174461816437825,0.182766083061752,NA,NA,NA,0.0459184858296656,0.161170035236201,0.221733612241408,0.165281731183577,"wvs_weighted"
"happiness_mean","cluster7_gdp_ppp","region",337,112,0.132104033410439,0.206061947594789,0.264716192064309,0.116324106745174,0.196496428891111,0.242161474029472,NA,NA,NA,0.0953791389399794,0.169337053124329,0.360307158380431,0.334465159110775,"wvs_weighted"
"satisfied_mean","cluster7_gdp_ppp","region",337,112,0.182724654763196,0.329718038302235,0.40331359632932,0.167865103031618,0.321642352016719,0.385010332413042,NA,NA,NA,0.128160106395141,0.275153489934179,0.317767879787751,0.30029464661207,"wvs_weighted"
"satisfied","cluster7_gdp_ppp","region",337,112,0.214664837463915,0.213067123999488,0.339949909619268,0.200386016326895,0.20358600501153,0.319702974331515,NA,NA,NA,0.170773811541847,0.16917609807742,0.502349924826008,0.494995372358787,"wvs_weighted"
"happiness_layard","cluster7_gdp_ppp","region",335,112,0.245813250812807,0.246646313322851,0.39714497053571,0.23201715174231,0.23751475348434,0.378538333823849,NA,NA,NA,0.198155954012833,0.198989016522877,0.498951185874367,0.492738381755824,"wvs_weighted"
"happy","cluster7_gdp","region",337,112,0.229744097239089,0.190107433698563,0.339485295750616,0.215739444461618,0.180349691935895,0.319224108503703,NA,NA,NA,0.189560979645571,0.149924316105045,0.55837758518066,0.55543088943314,"wvs_weighted"
"very_happy","cluster7_gdp","region",337,112,0.0616986514231442,0.19723092225646,0.261829881273908,0.0446386269035651,0.18755900565714,0.239186626098261,NA,NA,NA,0.0631488052202964,0.198681076053612,0.24118257592698,0.201236684749128,"wvs_weighted"
"very_unhappy","cluster7_gdp","region",337,112,0.130508332505368,0.149103212535606,0.229698731353014,0.114699393096375,0.138851444011939,0.206069858081634,NA,NA,NA,0.105551925661388,0.124146805691626,0.459523328838807,0.44139838999162,"wvs_weighted"
"very_happy_minus_very_unhappy","cluster7_gdp","region",337,112,0.0686921094354885,0.184289651956422,0.248151710362358,0.051759238697952,0.174461816437825,0.225088879391878,NA,NA,NA,0.066277083920712,0.181874626441646,0.267082922071875,0.227435273409823,"wvs_weighted"
"happiness_mean","cluster7_gdp","region",337,112,0.114764164151244,0.206061947594789,0.270039611718388,0.098668967135812,0.196496428891111,0.247648188764965,NA,NA,NA,0.0893709141374219,0.180668697580967,0.330954831288317,0.302487023540995,"wvs_weighted"
"satisfied_mean","cluster7_gdp","region",337,112,0.259070959747644,0.329718038302235,0.477273520009912,0.245599522652147,0.321642352016719,0.461238965408989,NA,NA,NA,0.203313220727661,0.273960299282251,0.425988897778026,0.417566776587117,"wvs_weighted"
"satisfied","cluster7_gdp","region",337,112,0.320846966596811,0.213067123999488,0.43024352623725,0.308498729625844,0.20358600501153,0.41276633379054,NA,NA,NA,0.269011684417287,0.161231841819963,0.625254461746265,0.627084885594803,"wvs_weighted"
"happiness_layard","cluster7_gdp","region",335,112,0.344336371523874,0.246646313322851,0.477324474818838,0.332342524661506,0.23751475348434,0.461192514165098,NA,NA,NA,0.28750726650993,0.189817208308907,0.602330870670418,0.602807144808967,"wvs_weighted"
"happy","log_gdp_ppp","region",112,112,0.0966014896349627,0.176290467903245,0.200418082978272,0.0883887759043716,0.145497588198694,0.16270195481687,0.0595321656354155,0.0956114485119978,0.1043167572849,0.0603645523549949,0.140053530623277,0.301193143143372,0.324498690385739,"wvs_last"
"very_happy","log_gdp_ppp","region",112,112,0.0458462761847448,0.223906651715345,0.246019328013781,0.037172151422788,0.194893816265451,0.210454201976695,0.00857690952918277,0.151518307497063,0.146932345698036,0.0339794762415901,0.21203985177219,0.138117100456785,0.125282690102502,"wvs_last"
"very_unhappy","log_gdp_ppp","region",112,112,0.0759233643713452,0.0921014691539658,0.122879794864774,0.0675226676838119,0.0581613371597215,0.0815062002829232,0.0410911258903828,0.00232656502653472,0.0201993491355424,0.0533508450410765,0.0695289498236971,0.434171013223027,0.557427106720688,"wvs_last"
"very_happy_minus_very_unhappy","log_gdp_ppp","region",112,112,0.0232791083223043,0.217438184665778,0.2292548795909,0.0143998274888707,0.188183537363564,0.19289897768481,-0.0142536486585656,0.144758931268967,0.129527972531295,0.0175479016237132,0.211706977967186,0.0765431979246288,0.0495473538521047,"wvs_last"
"happiness_mean","log_gdp_ppp","region",112,112,0.000415754829705905,0.183460223336841,0.183611287072185,-0.00867137467184209,0.152935371872797,0.145102385518986,-0.0387977174603582,0.106773576018532,0.0813808590313392,0.000283409282525016,0.18332787778966,0.00154352865253647,-0.0568714324255334,"wvs_last"
"satisfied_mean","log_gdp_ppp","region",112,112,0.221919956558847,0.368445888097998,0.410159737295478,0.214846501618473,0.344836388587643,0.382337083394321,0.188754319068716,0.307671431196999,0.334924306341426,0.131816902878163,0.278342834417315,0.321379430724578,0.330006174374791,"wvs_last"
"satisfied","log_gdp_ppp","region",112,112,0.328162959984688,0.374518528819099,0.450871683768408,0.322055350530003,0.35113604391514,0.42496940470088,0.300479016120003,0.316080324475271,0.38627407357974,0.202258057466998,0.24861362630141,0.448593390865701,0.46578495644221,"wvs_last"
"happiness_layard","log_gdp_ppp","region",112,112,0.277806708841204,0.336807824296975,0.402627754236879,0.271241315285215,0.312015593429572,0.374449818115977,0.251603165788419,0.275852031342624,0.333843681538189,0.171813319390554,0.230814434846325,0.426729944924439,0.445554415876724,"wvs_last"
"happy","log_gdp","region",112,112,0.119479150280337,0.176290467903245,0.202273266597037,0.111474415282886,0.145497588198694,0.164644647096898,0.0837689681890579,0.0956114485119978,0.107077518611058,0.0727309744870647,0.129542292109973,0.359567903908711,0.396676953925553,"wvs_last"
"very_happy","log_gdp","region",112,112,0.0329601916673549,0.223906651715345,0.250687787543934,0.0241689206825126,0.194893816265451,0.215342871862044,-0.00285504811158943,0.151518307497063,0.155294789364543,0.0298706637479721,0.220817123795962,0.119154842127031,0.103597523087946,"wvs_last"
"very_unhappy","log_gdp","region",112,112,0.0916812231148076,0.0921014691539658,0.131489271613952,0.0834237796885786,0.0581613371597215,0.0905217844259307,0.0566740603689808,0.00232656502653472,0.0295920122543146,0.0655345127873969,0.065954758826555,0.498401975940699,0.639537917248682,"wvs_last"
"very_happy_minus_very_unhappy","log_gdp","region",112,112,0.0137965758515824,0.217438184665778,0.231528308854702,0.00483109017750583,0.188183537363564,0.195279644178037,-0.0228598406092269,0.144758931268967,0.135025933692535,0.0139433500202535,0.217584958834449,0.0602230893026728,0.030538761585169,"wvs_last"
"happiness_mean","log_gdp","region",112,112,0.00346367117219326,0.183460223336841,0.183743757272572,-0.0055957499989685,0.152935371872797,0.145241104313731,-0.0349509247338784,0.106773576018532,0.083931973763573,0.00187360255396213,0.18187015471861,0.0101968229112827,-0.0457515715707033,"wvs_last"
"satisfied_mean","log_gdp","region",112,112,0.229982635143677,0.368445888097998,0.411428817681262,0.222982477281347,0.344836388587643,0.383666026062453,0.196789908076589,0.307671431196999,0.335880376111339,0.13648278236347,0.274946035317792,0.331728786361301,0.341197939055384,"wvs_last"
"satisfied","log_gdp","region",112,112,0.346899669759395,0.374518528819099,0.455733502411129,0.340962394029935,0.35113604391514,0.430060554411654,0.319957274552377,0.316080324475271,0.39237170473006,0.214057321675712,0.241676180735416,0.469698454344939,0.488171840243378,"wvs_last"
"happiness_layard","log_gdp","region",112,112,0.305903292801988,0.336807824296975,0.407043802468518,0.299593322736551,0.312015593429572,0.379074170509485,0.279658682964381,0.275852031342624,0.339067138847299,0.188069635486765,0.218974166981752,0.462037830686076,0.483614986644534,"wvs_last"
"happy","group_gdp_ppp","region",112,112,0.129167856345494,0.176290467903245,0.220165122631909,0.0880908684372621,0.145497588198694,0.151356162864136,0.0286272782599216,0.0956114485119978,0.0585874238336358,0.0865212555370787,0.13364386709483,0.392983477595279,0.310358829547753,"wvs_last"
"very_happy","group_gdp_ppp","region",112,112,0.096081350734155,0.223906651715345,0.265307617828574,0.0534436785989736,0.194893816265451,0.200481819401684,-0.00874634386914286,0.151518307497063,0.105307522540697,0.068741158423692,0.196566459404882,0.259099829044895,0.147224526172446,"wvs_last"
"very_unhappy","group_gdp_ppp","region",112,112,0.103628354137822,0.0921014691539658,0.168366774735324,0.0613466727292283,0.0581613371597215,0.0949873725060881,0.000246028295945444,0.00232656502653472,-0.0104377007779868,0.08994682985959,0.0784199448757342,0.534231471743687,0.516767152756555,"wvs_last"
"very_happy_minus_very_unhappy","group_gdp_ppp","region",112,112,0.0664648748880972,0.217438184665778,0.245733839008628,0.0224301991752716,0.188183537363564,0.179180942450566,-0.041628615272125,0.144758931268967,0.0824718030616542,0.047380264615474,0.198353574393154,0.192811314903237,0.0374693984712648,"wvs_last"
"happiness_mean","group_gdp_ppp","region",112,112,0.0424837014713098,0.183460223336841,0.200993124854333,-0.00268216166683599,0.152935371872797,0.130492518223833,-0.0682057568727765,0.106773576018532,0.0319097020524204,0.0300083014944009,0.170984823359932,0.149300139077638,-0.0962699458090921,"wvs_last"
"satisfied_mean","group_gdp_ppp","region",112,112,0.205175788001368,0.368445888097998,0.405852811269582,0.167684079888225,0.344836388587643,0.35342805932278,0.113558130971434,0.307671431196999,0.27706512103132,0.121291355586476,0.284561455683106,0.298855526482752,0.249379960042126,"wvs_last"
"satisfied","group_gdp_ppp","region",112,112,0.313311905687366,0.374518528819099,0.450618824177869,0.28092095784243,0.35113604391514,0.402144014546505,0.23424115169016,0.316080324475271,0.337897127561286,0.194706100523068,0.255912723654801,0.432086033863097,0.412699078523037,"wvs_last"
"happiness_layard","group_gdp_ppp","region",112,112,0.272560153072786,0.336807824296975,0.409221154530957,0.23824695274603,0.312015593429572,0.357093609342512,0.188759054554437,0.275852031342624,0.28607444418303,0.172486741653384,0.236734412877573,0.421500061137078,0.396709659941317,"wvs_last"
"happy","cluster5_gdp_ppp","region",112,112,0.130283125096071,0.176290467903245,0.223194486585961,0.0977703447258309,0.145497588198694,0.162860077777103,0.0322597318043556,0.0956114485119978,0.0611083584000257,0.0885935718893934,0.134600914696567,0.396934410184333,0.35347162998969,"wvs_last"
"very_happy","cluster5_gdp_ppp","region",112,112,0.0933586794309615,0.223906651715345,0.2700440496221,0.0594655459517451,0.194893816265451,0.213348441825759,0.00113763887340002,0.151518307497063,0.114292298144097,0.0697480386688583,0.200296010953242,0.258283930960389,0.182612469173057,"wvs_last"
"very_unhappy","cluster5_gdp_ppp","region",112,112,0.115080713368398,0.0921014691539658,0.188963926987527,0.0819996185410482,0.0581613371597215,0.125970833938015,0.0254864665433219,0.00232656502653472,0.00815267243654072,0.10597158560098,0.0829923413865476,0.560803256422452,0.594618256607941,"wvs_last"
"very_happy_minus_very_unhappy","cluster5_gdp_ppp","region",112,112,0.0642269663033667,0.217438184665778,0.250488638539885,0.0292447968193804,0.188183537363564,0.192274163863371,-0.0310330147640694,0.144758931268967,0.0887201017676006,0.0486387100887369,0.201849928451148,0.194175314186924,0.0866872143645771,"wvs_last"
"happiness_mean","cluster5_gdp_ppp","region",112,112,0.0394405047854484,0.183460223336841,0.202502467854174,0.00353173860920342,0.152935371872797,0.140560911959352,-0.06244978764816,0.106773576018532,0.03240643978311,0.0292413746513907,0.173261093202783,0.144400090335926,-0.0314551221281168,"wvs_last"
"satisfied_mean","cluster5_gdp_ppp","region",112,112,0.23643737903012,0.368445888097998,0.418665664025969,0.207892981984517,0.344836388587643,0.373513482591093,0.152347848390924,0.307671431196999,0.291647800536319,0.143328577479045,0.275337086546924,0.342346148238597,0.316682110571834,"wvs_last"
"satisfied","cluster5_gdp_ppp","region",112,112,0.326820018681583,0.374518528819099,0.451548155944138,0.301654411903324,0.35113604391514,0.408949954464072,0.251605294425193,0.316080324475271,0.335353279829674,0.201924822903311,0.249623333040827,0.447183362937466,0.439501604693096,"wvs_last"
"happiness_layard","cluster5_gdp_ppp","region",112,112,0.273631889143441,0.336807824296975,0.40156203451544,0.246477941074037,0.312015593429572,0.355081415837027,0.197154853021493,0.275852031342624,0.276372834596776,0.169193049680953,0.232368984834487,0.421337265822742,0.40771461215304,"wvs_last"
"happy","cluster6_gdp_ppp","region",112,112,0.145162839225069,0.176290467903245,0.228745705258548,0.104840331641345,0.145497588198694,0.160693855722538,0.0424361458582257,0.0956114485119978,0.0588430924856685,0.0988090382901859,0.129936666968362,0.43196018993451,0.373494676026852,"wvs_last"
"very_happy","cluster6_gdp_ppp","region",112,112,0.101450604365039,0.223906651715345,0.276523152648966,0.0590661989105595,0.194893816265451,0.212686960235639,-0.0228955471186956,0.151518307497063,0.0884704663374585,0.0770335526493297,0.199489599999636,0.278579033659147,0.180686542314568,"wvs_last"
"very_unhappy","cluster6_gdp_ppp","region",112,112,0.118285751222682,0.0921014691539658,0.193464245392164,0.0766954564690353,0.0581613371597215,0.122299325867944,0.0264100007901305,0.00232656502653472,0.00384114300249505,0.10982426373044,0.0836399816617239,0.567672147935241,0.575773595552467,"wvs_last"
"very_happy_minus_very_unhappy","cluster6_gdp_ppp","region",112,112,0.0730215500914125,0.217438184665778,0.257102507875252,0.0292961515108189,0.188183537363564,0.191552729158363,-0.051458836587789,0.144758931268967,0.0648750427319271,0.0563429366504437,0.200759571224809,0.219145807312706,0.0852646251743367,"wvs_last"
"happiness_mean","cluster6_gdp_ppp","region",112,112,0.0524012661840705,0.183460223336841,0.210011223996302,0.00770321270218699,0.152935371872797,0.140306331995976,-0.0697484304084524,0.106773576018532,0.0173705736038268,0.0394761334217659,0.170535090574536,0.187971541094684,-0.0175538306238957,"wvs_last"
"satisfied_mean","cluster6_gdp_ppp","region",112,112,0.232604405249202,0.368445888097998,0.415188708540408,0.196406499836429,0.344836388587643,0.36358771223515,0.130468139979785,0.307671431196999,0.269862542616104,0.139673612845806,0.275515095694602,0.336409950397801,0.295881593689258,"wvs_last"
"satisfied","cluster6_gdp_ppp","region",112,112,0.325040574258184,0.374518528819099,0.448276868676274,0.293202865496777,0.35113604391514,0.399595415912415,0.240816636096524,0.316080324475271,0.323012483514499,0.199399457057679,0.248877411618594,0.444813174604548,0.427510206434575,"wvs_last"
"happiness_layard","cluster6_gdp_ppp","region",112,112,0.275004696115457,0.336807824296975,0.399673795943949,0.24080680442279,0.312015593429572,0.346703836762533,0.190621331957834,0.275852031342624,0.264853810692006,0.168935333881216,0.230738462062734,0.422683037005777,0.397306026850295,"wvs_last"
"happy","cluster7_gdp_ppp","region",112,112,0.150199363940415,0.176290467903245,0.221708987772433,0.101639327594153,0.145497588198694,0.144650471710297,0.0154210491195588,0.0956114485119978,0.0147842406531939,0.0978089419048012,0.123900045867632,0.441159119833223,0.348399178772196,"wvs_last"
"very_happy","cluster7_gdp_ppp","region",112,112,0.148438137696373,0.223906651715345,0.305155206285906,0.0997774598504512,0.194893816265451,0.236358692056788,0.00704747527919447,0.151518307497063,0.103679523621751,0.114843346133467,0.190311860152439,0.376344049741914,0.298788113973512,"wvs_last"
"very_unhappy","cluster7_gdp_ppp","region",112,112,0.105104097081519,0.0921014691539658,0.176645061387929,0.0539671883433198,0.0581613371597215,0.0951247704362385,-0.0274243301990786,0.00232656502653472,-0.0644687097987819,0.0948238446577409,0.0818212167301878,0.536804391318357,0.477954486527707,"wvs_last"
"very_happy_minus_very_unhappy","cluster7_gdp_ppp","region",112,112,0.115471690352392,0.217438184665778,0.279621244977652,0.0649272155153859,0.188183537363564,0.208296615767518,-0.0301048764553806,0.144758931268967,0.0686235090335903,0.0888273753321332,0.190793869645519,0.317670337742873,0.204132682631423,"wvs_last"
"happiness_mean","cluster7_gdp_ppp","region",112,112,0.0864420215945998,0.183460223336841,0.223542926397355,0.0342387085428627,0.152935371872797,0.146665988416895,-0.061628428067602,0.106773576018532,0.00390289931222809,0.0632623623275572,0.160280564069798,0.282998721306467,0.0953504128286999,"wvs_last"
"satisfied_mean","cluster7_gdp_ppp","region",112,112,0.28643150628861,0.368445888097998,0.449320228678061,0.245656163790816,0.344836388587643,0.394797479042225,0.170604497158794,0.307671431196999,0.295126051745632,0.183652923434336,0.265667305243725,0.408735043990027,0.37439101050311,"wvs_last"
"satisfied","cluster7_gdp_ppp","region",112,112,0.368078299552465,0.374518528819099,0.474203174599072,0.33196848809832,0.35113604391514,0.422144082975218,0.272916595469836,0.316080324475271,0.341338310627231,0.233881472666219,0.240321701932853,0.493209419915757,0.477297377139898,"wvs_last"
"happiness_layard","cluster7_gdp_ppp","region",112,112,0.307608594376352,0.336807824296975,0.413071825804199,0.268043371197858,0.312015593429572,0.354960125388773,0.204768260154702,0.275852031342624,0.259108142970255,0.191936297941788,0.221135527862411,0.464655989471352,0.438060335391823,"wvs_last"
"happy","cluster7_gdp","region",112,112,0.163358863889186,0.176290467903245,0.247977469878242,0.115550798968568,0.145497588198694,0.173519793628563,0.0374412283477262,0.0956114485119978,0.0606822466388577,0.117522932932091,0.13045453694615,0.473925848948276,0.413707858325865,"wvs_last"
"very_happy","cluster7_gdp","region",112,112,0.0797721234460487,0.223906651715345,0.281475591472666,0.0271876733572514,0.194893816265451,0.210334560925406,-0.0430288381882364,0.151518307497063,0.106504988136787,0.068670531601685,0.212805059870981,0.243966204111711,0.10133479212749,"wvs_last"
"very_unhappy","cluster7_gdp","region",112,112,0.169534029358134,0.0921014691539658,0.256321685772063,0.122078831035741,0.0581613371597215,0.182690169511872,0.0632857430914971,0.00232656502653472,0.0684800765210511,0.166877122988116,0.0894445627839477,0.651045667421651,0.674934135883722,"wvs_last"
"very_happy_minus_very_unhappy","cluster7_gdp","region",112,112,0.0536782904418573,0.217438184665778,0.262388041430141,-0.000397235818607955,0.188183537363564,0.189357154443026,-0.0711264431116019,0.144758931268967,0.0838068255890599,0.0493140736031102,0.21307396782703,0.187943297012794,0.00205004469764521,"wvs_last"
"happiness_mean","cluster7_gdp","region",112,112,0.0490067489733945,0.183460223336841,0.218997207980989,-0.00533572251384018,0.152935371872797,0.141670198870196,-0.0817118762260851,0.106773576018532,0.0297608126496447,0.0422718668087714,0.176725341172218,0.193024683732228,-0.058589935105732,"wvs_last"
"satisfied_mean","cluster7_gdp","region",112,112,0.307282779182956,0.368445888097998,0.436682693986939,0.26769893799341,0.344836388587643,0.380908703292577,0.209474669313533,0.307671431196999,0.298492463835743,0.187759792535948,0.248922901450991,0.429968476244593,0.398745486874602,"wvs_last"
"satisfied","cluster7_gdp","region",112,112,0.40525229099659,0.374518528819099,0.483650001075765,0.371266707624967,0.35113604391514,0.432526238806038,0.318898674002747,0.316080324475271,0.363281387807601,0.257191881626628,0.226458119449137,0.531772730392982,0.523271031793812,"wvs_last"
"happiness_layard","cluster7_gdp","region",112,112,0.34755810527545,0.336807824296975,0.437825711289685,0.31027571129119,0.312015593429572,0.382164890625297,0.260654772505963,0.275852031342624,0.307699037679808,0.22428799613408,0.213537715155604,0.512276895464646,0.497723649946578,"wvs_last"
"happy","log_gdp_ppp","region",318,108,0.136226425554967,0.29691885206209,0.363031435557272,0.133492964876344,0.287933789468634,0.352823605998895,NA,NA,NA,0.101169504525075,0.261861931032198,0.278679735736312,0.281135924628617,"wvs_no_imputation"
"very_happy","log_gdp_ppp","region",318,108,1.69187750587163e-06,0.323957491515428,0.32420925181054,-0.0031628597304767,0.315317970640226,0.313379271871606,NA,NA,NA,0.000126726086308482,0.324082525724231,0.000390877452141735,-0.00813959147430028,"wvs_no_imputation"
"very_unhappy","log_gdp_ppp","region",318,108,0.0691076652520742,0.141742696495603,0.161319513940601,0.0661618034332517,0.130774552041872,0.147879121535803,NA,NA,NA,0.0443422413485364,0.116977272592065,0.274872148231636,0.281535256844972,"wvs_no_imputation"
"very_happy_minus_very_unhappy","log_gdp_ppp","region",318,108,0.00315561858779634,0.319446383561461,0.319670021121568,1.04776054266065e-06,0.310749212744355,0.30876729710108,NA,NA,NA,0.0016896280739519,0.317980393047616,0.00528553809338707,-0.00320770350572974,"wvs_no_imputation"
"happiness_mean","log_gdp_ppp","region",318,108,0.0416968375101113,0.326308145939283,0.342488688612826,0.0386642325655231,0.317698665376207,0.331951648366237,NA,NA,NA,0.0289386900918275,0.313549998520999,0.0844953163534749,0.0797062099495451,"wvs_no_imputation"
"satisfied_mean","log_gdp_ppp","region",317,108,0.229014811985731,0.419409779701331,0.506890697944324,0.226567239960289,0.411966315338527,0.49896289566047,NA,NA,NA,0.158247865114362,0.348642832829962,0.312193271165026,0.314215568942427,"wvs_no_imputation"
"satisfied","log_gdp_ppp","region",317,108,0.311699666056215,0.397555669022054,0.533573203102776,0.309514585630997,0.389832023753106,0.526074380001535,NA,NA,NA,0.223858600068469,0.309714603034307,0.419546181792322,0.42366341987432,"wvs_no_imputation"
"happiness_layard","log_gdp_ppp","region",316,108,0.268427375599083,0.386199935488153,0.506515035405977,0.266097526476787,0.378305400896361,0.49855560049317,NA,NA,NA,0.194371237758454,0.312143797647524,0.383742286352197,0.387467040477955,"wvs_no_imputation"
"happy","log_gdp","region",318,108,0.189571432414124,0.29691885206209,0.367760533132508,0.187006785048346,0.287933789468634,0.357628490394247,NA,NA,NA,0.130206556742271,0.237553976390237,0.35405255597494,0.358894065865632,"wvs_no_imputation"
"very_happy","log_gdp","region",318,108,0.00412003440231334,0.323957491515428,0.324960297874614,0.000968515523839586,0.315317970640226,0.314142353930296,NA,NA,NA,0.00256142038074925,0.322398877493864,0.00788225637870868,-0.000329629519068598,"wvs_no_imputation"
"very_unhappy","log_gdp","region",318,108,0.0989298277993998,0.141742696495603,0.172578984369736,0.096078339912689,0.130774552041872,0.159319032196174,NA,NA,NA,0.0648830578367664,0.107695926532969,0.375961523204703,0.391110899774795,"wvs_no_imputation"
"very_happy_minus_very_unhappy","log_gdp","region",318,108,0.0153099668411034,0.319446383561461,0.319512997212841,0.0121938591412334,0.310749212744355,0.308607756783559,NA,NA,NA,0.00768829024624162,0.311824706966599,0.0240625273879552,0.0162866988263811,"wvs_no_imputation"
"happiness_mean","log_gdp","region",318,108,0.0765375245797028,0.326308145939283,0.342467192141577,0.0736151749739423,0.317698665376207,0.331929807400256,NA,NA,NA,0.0463482853909986,0.296118906750579,0.135336424786168,0.132326647139681,"wvs_no_imputation"
"satisfied_mean","log_gdp","region",317,108,0.289094134254069,0.419409779701331,0.512246005928386,0.286837290235828,0.411966315338527,0.504404301843634,NA,NA,NA,0.190965180240562,0.321280825687824,0.372799744713402,0.375963562716115,"wvs_no_imputation"
"satisfied","log_gdp","region",317,108,0.377524581826601,0.397555669022054,0.539262127785671,0.375548469387956,0.389832023753106,0.531854766496051,NA,NA,NA,0.259615520295109,0.279646607490562,0.481427318771944,0.486571941002567,"wvs_no_imputation"
"happiness_layard","log_gdp","region",316,108,0.339630649118076,0.386199935488153,0.512808060413309,0.337527562013356,0.378305400896361,0.504950125903847,NA,NA,NA,0.233119387021616,0.279688673391693,0.454593843228065,0.459621914332615,"wvs_no_imputation"
"happy","group_gdp_ppp","region",318,108,0.203479064879564,0.29691885206209,0.390001566142532,0.190714306303916,0.287933789468634,0.372176936581761,NA,NA,NA,0.148280889480003,0.241720676662528,0.380205882111283,0.369390774106498,"wvs_no_imputation"
"very_happy","group_gdp_ppp","region",318,108,0.0351879052726164,0.323957491515428,0.341191856819147,0.0197261729853186,0.315317970640226,0.321940969518408,NA,NA,NA,0.0262111352881674,0.314980721530979,0.0768222768636034,0.0409223652132809,"wvs_no_imputation"
"very_unhappy","group_gdp_ppp","region",318,108,0.12010367752047,0.141742696495603,0.213170351591985,0.106002774916631,0.130774552041872,0.190178576151491,NA,NA,NA,0.0957656663084259,0.117404685283559,0.44924477345576,0.434872324668398,"wvs_no_imputation"
"very_happy_minus_very_unhappy","group_gdp_ppp","region",318,108,0.0451035784576663,0.319446383561461,0.343797159915577,0.0298007511893597,0.310749212744355,0.324622401601422,NA,NA,NA,0.0347271774058914,0.309069982509686,0.101010658186993,0.0672688326975823,"wvs_no_imputation"
"happiness_mean","group_gdp_ppp","region",318,108,0.098686462051232,0.326308145939283,0.366546325122758,0.0842423348405146,0.317698665376207,0.348036315142579,NA,NA,NA,0.0694623206173537,0.297084004505404,0.189504888895259,0.164609237056121,"wvs_no_imputation"
"satisfied_mean","group_gdp_ppp","region",317,108,0.223470792775725,0.419409779701331,0.506665090039757,0.210986400376621,0.411966315338527,0.492202503102812,NA,NA,NA,0.155363051557076,0.351302038482682,0.306638555944094,0.295836151081168,"wvs_no_imputation"
"satisfied","group_gdp_ppp","region",317,108,0.314936809779628,0.397555669022054,0.536163049558141,0.303922932123351,0.389832023753106,0.522565223649422,NA,NA,NA,0.226772095157857,0.309390954400284,0.42295360589422,0.417800603884627,"wvs_no_imputation"
"happiness_layard","group_gdp_ppp","region",316,108,0.300750109308678,0.386199935488153,0.521802293859401,0.289471885265269,0.378305400896361,0.507737655443501,NA,NA,NA,0.218176233839963,0.303626060019438,0.418120495841956,0.412520260533467,"wvs_no_imputation"
"happy","cluster5_gdp_ppp","region",318,108,0.188043574120288,0.29691885206209,0.372977303132181,0.177667134172944,0.287933789468634,0.35674370580227,NA,NA,NA,0.13205101259519,0.240926290536992,0.354045705961876,0.345453958258752,"wvs_no_imputation"
"very_happy","cluster5_gdp_ppp","region",318,108,0.0266689572365639,0.323957491515428,0.334118214380536,0.0142302218657853,0.315317970640226,0.31687855650042,NA,NA,NA,0.0184148400508355,0.3157033743297,0.0551147445971396,0.0249161822440296,"wvs_no_imputation"
"very_unhappy","cluster5_gdp_ppp","region",318,108,0.112765956596228,0.141742696495603,0.207722485854028,0.101427502367426,0.130774552041872,0.187210446652838,NA,NA,NA,0.0893728729773268,0.118349612876701,0.430251316365102,0.421620160094839,"wvs_no_imputation"
"very_happy_minus_very_unhappy","cluster5_gdp_ppp","region",318,108,0.0333206513952945,0.319446383561461,0.331057584667933,0.0209669217006657,0.310749212744355,0.313738687183608,NA,NA,NA,0.0224659262508836,0.30859165841705,0.0678610830602717,0.0381789003373675,"wvs_no_imputation"
"happiness_mean","cluster5_gdp_ppp","region",318,108,0.0829971620517224,0.326308145939283,0.351190185554533,0.0712782759437572,0.317698665376207,0.334392520455621,NA,NA,NA,0.0539396008334861,0.297250584721046,0.153590854904772,0.131540219415355,"wvs_no_imputation"
"satisfied_mean","cluster5_gdp_ppp","region",317,108,0.213997704568326,0.419409779701331,0.500528527718114,0.203920752062791,0.411966315338527,0.487555242723779,NA,NA,NA,0.147558226292554,0.352970301425559,0.294804827539532,0.286644112251293,"wvs_no_imputation"
"satisfied","cluster5_gdp_ppp","region",317,108,0.304721822193873,0.397555669022054,0.528778277525831,0.295807999401486,0.389832023753106,0.516538752266762,NA,NA,NA,0.217972215348825,0.310806062177006,0.412218550975133,0.408986475904269,"wvs_no_imputation"
"happiness_layard","cluster5_gdp_ppp","region",316,108,0.284016356804867,0.386199935488153,0.507047695493825,0.274807563966345,0.378305400896361,0.494202032835684,NA,NA,NA,0.20243205840527,0.304615637088555,0.39923671915739,0.395287928768569,"wvs_no_imputation"
"happy","cluster6_gdp_ppp","region",318,108,0.190212391525964,0.29691885206209,0.382866370676436,0.177235026005547,0.287933789468634,0.364833245144254,NA,NA,NA,0.138079955070155,0.244786415606281,0.360647906542954,0.348288546978063,"wvs_no_imputation"
"very_happy","cluster6_gdp_ppp","region",318,108,0.034737186483437,0.323957491515428,0.346461637364897,0.0192682311386204,0.315317970640226,0.327364737158027,NA,NA,NA,0.0286206661664528,0.317840971198444,0.0826084711257922,0.0478289108476955,"wvs_no_imputation"
"very_unhappy","cluster6_gdp_ppp","region",318,108,0.129615038568768,0.141742696495603,0.225569392515506,0.115666561622755,0.130774552041872,0.202939926712388,NA,NA,NA,0.106720867294336,0.118848525221171,0.473117678352569,0.462777185682812,"wvs_no_imputation"
"very_happy_minus_very_unhappy","cluster6_gdp_ppp","region",318,108,0.0404314356617772,0.319446383561461,0.343800990607989,0.0250537343102031,0.310749212744355,0.324626344229651,NA,NA,NA,0.0323930213541527,0.311407969253836,0.0942202676521317,0.059962579266146,"wvs_no_imputation"
"happiness_mean","cluster6_gdp_ppp","region",318,108,0.0887471913321032,0.326308145939283,0.364211154315416,0.0741437809367843,0.317698665376207,0.345632908824633,NA,NA,NA,0.0633250998541183,0.300886054461298,0.173869194020557,0.147668265635265,"wvs_no_imputation"
"satisfied_mean","cluster6_gdp_ppp","region",317,108,0.218411742619233,0.419409779701331,0.501933730330093,0.20584601500861,0.411966315338527,0.487332439036838,NA,NA,NA,0.150467846623998,0.351465883706095,0.299776320123064,0.288521875603753,"wvs_no_imputation"
"satisfied","cluster6_gdp_ppp","region",317,108,0.312015087917737,0.397555669022054,0.535876948168715,0.300954237241173,0.389832023753106,0.522270734922846,NA,NA,NA,0.225168183532199,0.310708764636516,0.420186358643864,0.414912151333673,"wvs_no_imputation"
"happiness_layard","cluster6_gdp_ppp","region",316,108,0.290721427427374,0.386199935488153,0.517982764592931,0.279281450450396,0.378305400896361,0.503805787080958,NA,NA,NA,0.211252128266076,0.306730636326855,0.407836211369105,0.401724083977173,"wvs_no_imputation"
"happy","cluster7_gdp_ppp","region",318,108,0.20065236107447,0.29691885206209,0.384946580818296,0.185230863217386,0.287933789468634,0.364912267489901,NA,NA,NA,0.144340044915338,0.240606535902958,0.374961233863952,0.359277235378103,"wvs_no_imputation"
"very_happy","cluster7_gdp_ppp","region",318,108,0.0442675047204091,0.323957491515428,0.349642161542686,0.0258289356796454,0.315317970640226,0.328457867130395,NA,NA,NA,0.0349760873738331,0.314666074168852,0.100033952483053,0.0593208993748109,"wvs_no_imputation"
"very_unhappy","cluster7_gdp_ppp","region",318,108,0.131164247843303,0.141742696495603,0.226615148348383,0.114402143300087,0.130774552041872,0.201423459369503,NA,NA,NA,0.108018349848042,0.118596798500341,0.476659881898017,0.459358237632711,"wvs_no_imputation"
"very_happy_minus_very_unhappy","cluster7_gdp_ppp","region",318,108,0.0497881590518842,0.319446383561461,0.347404912679649,0.0314560978117275,0.310749212744355,0.326147743711559,NA,NA,NA,0.0388733440850362,0.308531568594613,0.11189635686264,0.0718303739368649,"wvs_no_imputation"
"happiness_mean","cluster7_gdp_ppp","region",318,108,0.100185555582998,0.326308145939283,0.367566041209977,0.0828257913820265,0.317698665376207,0.346965586526263,NA,NA,NA,0.0707217254268461,0.296844315783131,0.192405493157202,0.161532896755452,"wvs_no_imputation"
"satisfied_mean","cluster7_gdp_ppp","region",317,108,0.227743815560444,0.419409779701331,0.505677153219448,0.212796921668065,0.411966315338527,0.489522811821391,NA,NA,NA,0.15700559453928,0.348671558680167,0.310485837732014,0.296567811692572,"wvs_no_imputation"
"satisfied","cluster7_gdp_ppp","region",317,108,0.320398263626514,0.397555669022054,0.538988993594081,0.307244681632189,0.389832023753106,0.523923274430489,NA,NA,NA,0.230915794099271,0.30807319949481,0.428423950848199,0.421183743735483,"wvs_no_imputation"
"happiness_layard","cluster7_gdp_ppp","region",316,108,0.301340283594711,0.386199935488153,0.521037612000508,0.287774075509171,0.378305400896361,0.505333927148066,NA,NA,NA,0.218088980053533,0.302948631946975,0.418566673557763,0.410424255602511,"wvs_no_imputation"
"happy","cluster7_gdp","region",318,108,0.227347849357586,0.29691885206209,0.377534078532005,0.212441376997925,0.287933789468634,0.357258315617738,NA,NA,NA,0.15398153791375,0.223552540618254,0.40786129430352,0.394344779154861,"wvs_no_imputation"
"very_happy","cluster7_gdp","region",318,108,0.0396017423610037,0.323957491515428,0.347497617436407,0.0210731586123414,0.315317970640226,0.326243468167235,NA,NA,NA,0.0315709341409912,0.315926683295416,0.0908522319488097,0.0490410678857595,"wvs_no_imputation"
"very_unhappy","cluster7_gdp","region",318,108,0.148536824521386,0.141742696495603,0.22041931495329,0.132109882229194,0.130774552041872,0.195025807297045,NA,NA,NA,0.113606721489536,0.106812593463754,0.515411825472787,0.503423470477647,"wvs_no_imputation"
"very_happy_minus_very_unhappy","cluster7_gdp","region",318,108,0.0515883508903285,0.319446383561461,0.340465907701545,0.0332910200393381,0.310749212744355,0.31898271251267,NA,NA,NA,0.0363039375152064,0.304161970186339,0.106630169699783,0.0650889815948948,"wvs_no_imputation"
"happiness_mean","cluster7_gdp","region",318,108,0.111460665822095,0.326308145939283,0.351745338860671,0.0943184278636793,0.317698665376207,0.330629551852875,NA,NA,NA,0.0684489293717417,0.283296409488929,0.194597971343282,0.16218954678932,"wvs_no_imputation"
"satisfied_mean","cluster7_gdp","region",317,108,0.290759782275564,0.419409779701331,0.515803067694933,0.277032552255091,0.411966315338527,0.499979638534637,NA,NA,NA,0.193576535134583,0.32222653256035,0.375291554584301,0.365060741794499,"wvs_no_imputation"
"satisfied","cluster7_gdp","region",317,108,0.380815296563569,0.397555669022054,0.545005965839613,0.368831076497058,0.389832023753106,0.53013687975594,NA,NA,NA,0.264132796690564,0.280873169149049,0.484642028245787,0.480192901061971,"wvs_no_imputation"
"happiness_layard","cluster7_gdp","region",316,108,0.348432431591481,0.386199935488153,0.517285132746203,0.335780634146655,0.378305400896361,0.501458415787063,NA,NA,NA,0.239758814424766,0.277526318321438,0.463494500899176,0.457598910088127,"wvs_no_imputation"
"happy","log_gdp_ppp","region",336,112,0.158999292801575,0.299448753109443,0.373073706330415,0.156481326612358,0.290982877014089,0.363574823092997,NA,NA,NA,0.116312123011273,0.256761583319142,0.311767141553151,0.315029064364933,"wvs_gdp_2017_vintage"
"very_happy","log_gdp_ppp","region",336,112,0.000425841559717366,0.330944351053674,0.3309467891357,-0.00256689544160094,0.322859086413839,0.32080961927412,NA,NA,NA,0.000214139820871817,0.330732649314829,0.00064705211804914,-0.00719486309632073,"wvs_gdp_2017_vintage"
"very_unhappy","log_gdp_ppp","region",336,112,0.0787952172519207,0.14483271639313,0.167737060493243,0.0760371190999803,0.13449836855498,0.155127015955262,NA,NA,NA,0.0508497806760172,0.116887279817226,0.303151733591191,0.311569734984589,"wvs_gdp_2017_vintage"
"very_happy_minus_very_unhappy","log_gdp_ppp","region",336,112,0.00586017299369634,0.326617220271334,0.327681104279895,0.00288370644577318,0.318479664020837,0.317494454344742,NA,NA,NA,0.00346202850112837,0.324219075778766,0.0105652369206227,0.00298981091432953,"wvs_gdp_2017_vintage"
"happiness_mean","log_gdp_ppp","region",336,112,0.0531168606260907,0.330810415272623,0.351732919752175,0.0502818811668874,0.322723532073501,0.341910691263572,NA,NA,NA,0.0370196825528213,0.314713237199354,0.105249410771402,0.101589453228601,"wvs_gdp_2017_vintage"
"satisfied_mean","log_gdp_ppp","region",336,112,0.243882297413465,0.415385429445694,0.509104326502843,0.241618471956619,0.408320600798512,0.501666513268037,NA,NA,NA,0.168800597235307,0.340303729267536,0.331563863137518,0.333851648024167,"wvs_gdp_2017_vintage"
"satisfied","log_gdp_ppp","region",336,112,0.322936188806053,0.395694852290517,0.534376504753126,0.320909051646789,0.388392071049315,0.527321603309991,NA,NA,NA,0.230808920634331,0.303567584118795,0.431921910079039,0.436013412897428,"wvs_gdp_2017_vintage"
"happiness_layard","log_gdp_ppp","region",334,112,0.286910992315929,0.387830657436599,0.512227003009395,0.284763133859049,0.380387869077165,0.50479143903088,NA,NA,NA,0.205653668944363,0.306573334065032,0.401489315745017,0.405282926943353,"wvs_gdp_2017_vintage"
"happy","log_gdp","region",337,112,0.196789188524132,0.299496820604428,0.368776501638394,0.194391544310772,0.291057023262312,0.359241403475832,NA,NA,NA,0.133034434779049,0.235742066859345,0.360745422194761,0.365458883613837,"wvs_gdp_2017_vintage"
"very_happy","log_gdp","region",337,112,0.00378813613323614,0.330539341486317,0.331910557191928,0.000814369375424895,0.322473550419887,0.32181857165102,NA,NA,NA,0.00257967591942332,0.329330881272504,0.00777220206928103,0.000247640472922643,"wvs_gdp_2017_vintage"
"very_unhappy","log_gdp","region",337,112,0.100729513585861,0.144826237007125,0.175225357460124,0.0980451240741774,0.134522938657814,0.162766526001818,NA,NA,NA,0.0655643170194299,0.109661040440694,0.374171398305467,0.387944359692149,"wvs_gdp_2017_vintage"
"very_happy_minus_very_unhappy","log_gdp","region",337,112,0.0146666108962844,0.326372363948432,0.326378188331461,0.0117253171974674,0.318256368333353,0.31620263226396,NA,NA,NA,0.00733621763965642,0.319041970691805,0.0224776590530184,0.0152933279821668,"wvs_gdp_2017_vintage"
"happiness_mean","log_gdp","region",337,112,0.0777566598851188,0.330928319765738,0.345810546589508,0.0750036946907461,0.322867215184602,0.335928530676962,NA,NA,NA,0.0463194433544443,0.299491103235063,0.133944565344409,0.131077003203089,"wvs_gdp_2017_vintage"
"satisfied_mean","log_gdp","region",337,112,0.290284980164839,0.415005942920954,0.507020928242242,0.288166427866823,0.407957821751327,0.499574114469466,NA,NA,NA,0.191149982743063,0.315870945499179,0.377006099937036,0.380106484288404,"wvs_gdp_2017_vintage"
"satisfied","log_gdp","region",337,112,0.379744116962979,0.395476069270876,0.537121215730287,0.377892606864361,0.388192648418718,0.530129089079687,NA,NA,NA,0.260694631711195,0.276426584019092,0.485355305425324,0.490285345808662,"wvs_gdp_2017_vintage"
"happiness_layard","log_gdp","region",335,112,0.345196528867234,0.387894972260673,0.513545501181332,0.343230152077046,0.380475517378984,0.506152575667371,NA,NA,NA,0.235423528893947,0.278121972287386,0.458427789460508,0.463207373534719,"wvs_gdp_2017_vintage"
"happy","group_gdp_ppp","region",336,112,0.232497317470771,0.299448753109443,0.402223080562791,0.220868488947601,0.290982877014089,0.385720036774647,NA,NA,NA,0.167635822462059,0.234587258100731,0.416773254850277,0.40911233358166,"wvs_gdp_2017_vintage"
"very_happy","group_gdp_ppp","region",336,112,0.0528422029294603,0.330944351053674,0.367746348485116,0.0384913272162704,0.322859086413839,0.350291493075195,NA,NA,NA,0.0448221001804509,0.322924248304665,0.1218831957546,0.0940983940244802,"wvs_gdp_2017_vintage"
"very_unhappy","group_gdp_ppp","region",336,112,0.133129582420337,0.14483271639313,0.22679549707883,0.119995182153979,0.13449836855498,0.205449360495117,NA,NA,NA,0.107546181553019,0.119249315525811,0.474198927836903,0.464703744109862,"wvs_gdp_2017_vintage"
"very_happy_minus_very_unhappy","group_gdp_ppp","region",336,112,0.0660362954231101,0.326617220271334,0.373090960994552,0.0518853302022482,0.318479664020837,0.355783656236733,NA,NA,NA,0.0562550180731639,0.316835942921388,0.150780972884479,0.12534207355326,"wvs_gdp_2017_vintage"
"happiness_mean","group_gdp_ppp","region",336,112,0.127407558574083,0.330810415272623,0.393042074466422,0.11418646097672,0.322723532073501,0.376285567319789,NA,NA,NA,0.0948196088839406,0.298222465582481,0.241245441757512,0.222900518637812,"wvs_gdp_2017_vintage"
"satisfied_mean","group_gdp_ppp","region",336,112,0.246405187395299,0.415385429445694,0.517186170442652,0.234987084174015,0.408320600798512,0.503856954289228,NA,NA,NA,0.174102964196128,0.343083206246524,0.336634995570581,0.327993327124946,"wvs_gdp_2017_vintage"
"satisfied","group_gdp_ppp","region",336,112,0.338828970760819,0.395694852290517,0.54828504767922,0.328811227893559,0.388392071049315,0.535814389486315,NA,NA,NA,0.245709583074761,0.302575464604459,0.448142046030254,0.444401602192061,"wvs_gdp_2017_vintage"
"happiness_layard","group_gdp_ppp","region",334,112,0.3295452634482,0.387830657436599,0.536557819965294,0.319324916854423,0.380387869077165,0.523684426075441,NA,NA,NA,0.239136212988448,0.297421606976846,0.445685821900641,0.441698712829446,"wvs_gdp_2017_vintage"
"happy","cluster5_gdp_ppp","region",336,112,0.211504477755624,0.299448753109443,0.389153903408497,0.20197583096113,0.290982877014089,0.374209656397084,NA,NA,NA,0.150604814027339,0.238549089381158,0.387005790532308,0.381073290692275,"wvs_gdp_2017_vintage"
"very_happy","cluster5_gdp_ppp","region",336,112,0.017701841003085,0.330944351053674,0.334786438737331,0.00583116838680808,0.322859086413839,0.318512100847113,NA,NA,NA,0.0107719643433711,0.32401447439396,0.0321756292877283,0.00232986881210271,"wvs_gdp_2017_vintage"
"very_unhappy","cluster5_gdp_ppp","region",336,112,0.11250835912077,0.14483271639313,0.204292499231416,0.101783384608634,0.13449836855498,0.184825649059707,NA,NA,NA,0.0859840709795279,0.118308428251888,0.420887067821947,0.411497716597285,"wvs_gdp_2017_vintage"
"very_happy_minus_very_unhappy","cluster5_gdp_ppp","region",336,112,0.0295294851280739,0.326617220271334,0.335587460155966,0.0178017447670837,0.318479664020837,0.319332719120027,NA,NA,NA,0.019249862506353,0.316337597649613,0.0573616859742212,0.029209033007454,"wvs_gdp_2017_vintage"
"happiness_mean","cluster5_gdp_ppp","region",336,112,0.0928984848687734,0.330810415272623,0.36376291751804,0.0819365330242873,0.322723532073501,0.348197484307472,NA,NA,NA,0.0629254935570951,0.300837423960945,0.172984904526379,0.154237882378569,"wvs_gdp_2017_vintage"
"satisfied_mean","cluster5_gdp_ppp","region",336,112,0.245730311693769,0.415385429445694,0.511966298874982,0.236615270143241,0.408320600798512,0.500026636462137,NA,NA,NA,0.171155590561528,0.340810708313453,0.334310267956374,0.328303816102531,"wvs_gdp_2017_vintage"
"satisfied","cluster5_gdp_ppp","region",336,112,0.330619806747642,0.395694852290517,0.538319844269094,0.322530620122236,0.388392071049315,0.527024916911763,NA,NA,NA,0.23662239936311,0.301697444905984,0.439557266710806,0.437515809202143,"wvs_gdp_2017_vintage"
"happiness_layard","cluster5_gdp_ppp","region",334,112,0.314045383677878,0.387830657436599,0.52232967945823,0.305705509923202,0.380387869077165,0.51057164079874,NA,NA,NA,0.224272202849755,0.298057476608475,0.429369058795154,0.426863976388182,"wvs_gdp_2017_vintage"
"happy","cluster6_gdp_ppp","region",336,112,0.208142183023602,0.299448753109443,0.394233008846313,0.196144337311838,0.290982877014089,0.37750938025618,NA,NA,NA,0.151463219380235,0.242769789466077,0.384197203129892,0.3743891613529,"wvs_gdp_2017_vintage"
"very_happy","cluster6_gdp_ppp","region",336,112,0.0279673163390617,0.330944351053674,0.344008377773925,0.013239548404805,0.322859086413839,0.32589817961431,NA,NA,NA,0.0205156715296565,0.323492706244269,0.0596371276258247,0.0249750422425508,"wvs_gdp_2017_vintage"
"very_unhappy","cluster6_gdp_ppp","region",336,112,0.10845512847096,0.14483271639313,0.198656692862616,0.0949468728417318,0.13449836855498,0.176533718125694,NA,NA,NA,0.0811395524702228,0.117517140392393,0.408441071383063,0.387977503297451,"wvs_gdp_2017_vintage"
"very_happy_minus_very_unhappy","cluster6_gdp_ppp","region",336,112,0.0355386110109319,0.326617220271334,0.340125240194629,0.0209255596626127,0.318479664020837,0.321907838850309,NA,NA,NA,0.0245233154671135,0.315601924727516,0.0721008398349989,0.037827184605172,"wvs_gdp_2017_vintage"
"happiness_mean","cluster6_gdp_ppp","region",336,112,0.0922446007369341,0.330810415272623,0.365267338006751,0.07849073105113,0.322723532073501,0.347744043657244,NA,NA,NA,0.0633507617355309,0.30191657627122,0.173436700037932,0.148832517081011,"wvs_gdp_2017_vintage"
"satisfied_mean","cluster6_gdp_ppp","region",336,112,0.255442399389322,0.415385429445694,0.517768001296806,0.244161223622494,0.408320600798512,0.504454847958374,NA,NA,NA,0.178912485620217,0.338855515676589,0.34554565977834,0.337290316625558,"wvs_gdp_2017_vintage"
"satisfied","cluster6_gdp_ppp","region",336,112,0.338497550883922,0.395694852290517,0.544721648783802,0.328474786503375,0.388392071049315,0.532152614547772,NA,NA,NA,0.243762173688604,0.300959475095199,0.447498597187849,0.443702912559344,"wvs_gdp_2017_vintage"
"happiness_layard","cluster6_gdp_ppp","region",334,112,0.317590221997196,0.387830657436599,0.528963426591603,0.307187633917885,0.380387869077165,0.515879077330259,NA,NA,NA,0.2293614955761,0.299601931015503,0.433605584140287,0.429052913389993,"wvs_gdp_2017_vintage"
"happy","cluster7_gdp_ppp","region",336,112,0.203181783171378,0.299448753109443,0.380139127759267,0.188650143958698,0.290982877014089,0.361066485536475,NA,NA,NA,0.1419360789106,0.238203048848666,0.373379293384619,0.358291011275465,"wvs_gdp_2017_vintage"
"very_happy","cluster7_gdp_ppp","region",336,112,0.0308320092201588,0.330944351053674,0.346272151110959,0.0131572130357241,0.322859086413839,0.326157448068219,NA,NA,NA,0.0230799046387218,0.323192246472237,0.066652500250666,0.0252264278917558,"wvs_gdp_2017_vintage"
"very_unhappy","cluster7_gdp_ppp","region",336,112,0.113165241178509,0.14483271639313,0.204730934838078,0.0969919629021294,0.13449836855498,0.18026111744848,NA,NA,NA,0.0865317298117287,0.118199205026349,0.422660746800022,0.395966456372461,"wvs_gdp_2017_vintage"
"very_happy_minus_very_unhappy","cluster7_gdp_ppp","region",336,112,0.0407307859594194,0.326617220271334,0.34552465275561,0.0232365145787402,0.318479664020837,0.325386949763475,NA,NA,NA,0.0298191092218476,0.315705543533762,0.0863009599576638,0.0463199282320483,"wvs_gdp_2017_vintage"
"happiness_mean","cluster7_gdp_ppp","region",336,112,0.0955092791073087,0.330810415272623,0.36466888936458,0.0790140076016668,0.322723532073501,0.345120239806567,NA,NA,NA,0.0646838765996326,0.299985012764947,0.177377008256288,0.146920846183306,"wvs_gdp_2017_vintage"
"satisfied_mean","cluster7_gdp_ppp","region",336,112,0.246802230367894,0.415385429445694,0.510320621645918,0.23306610083053,0.408320600798512,0.495253563850408,NA,NA,NA,0.170868711284059,0.339451910361859,0.334826193644619,0.32306588709282,"wvs_gdp_2017_vintage"
"satisfied","cluster7_gdp_ppp","region",336,112,0.332747502730859,0.395694852290517,0.539195632713631,0.320578764178839,0.388392071049315,0.525017036797127,NA,NA,NA,0.238124141576987,0.301071491136644,0.441628468647956,0.435417993971994,"wvs_gdp_2017_vintage"
"happiness_layard","cluster7_gdp_ppp","region",334,112,0.308765035754983,0.387830657436599,0.517452215326379,0.296081825401864,0.380387869077165,0.502512655429363,NA,NA,NA,0.219193296822382,0.298258918503997,0.423601040502122,0.41611550200336,"wvs_gdp_2017_vintage"
"happy","cluster7_gdp","region",337,112,0.232540255324294,0.299496820604428,0.376825950091955,0.218586441784735,0.291057023262312,0.357710181689868,NA,NA,NA,0.154934692405911,0.221891257686045,0.411157173140816,0.398702098532369,"wvs_gdp_2017_vintage"
"very_happy","cluster7_gdp","region",337,112,0.0422289030119114,0.330539341486317,0.356336983490916,0.0248148830666735,0.322473550419887,0.336592719180821,NA,NA,NA,0.034013272508255,0.322323710982661,0.0954525465615109,0.0578355525965664,"wvs_gdp_2017_vintage"
"very_unhappy","cluster7_gdp","region",337,112,0.144782035065899,0.144826237007125,0.218300882886798,0.129232617521643,0.134522938657814,0.194322382361853,NA,NA,NA,0.109128340472786,0.109172542414012,0.49989875913317,0.486387772031531,"wvs_gdp_2017_vintage"
"very_happy_minus_very_unhappy","cluster7_gdp","region",337,112,0.0521197631629318,0.326372363948432,0.348265865222151,0.0348855770386215,0.318256368333353,0.328274020597064,NA,NA,NA,0.0370066322183251,0.311259233003826,0.106259716825016,0.0683929072740235,"wvs_gdp_2017_vintage"
"happiness_mean","cluster7_gdp","region",337,112,0.111826084454314,0.330928319765738,0.35463553202914,0.0956774678080283,0.322867215184602,0.334839075956414,NA,NA,NA,0.0677666483588577,0.286868883670282,0.191088151745859,0.160747858164937,"wvs_gdp_2017_vintage"
"satisfied_mean","cluster7_gdp","region",337,112,0.289480656438607,0.415005942920954,0.507603538448535,0.276562122919309,0.407957821751327,0.492499352511374,NA,NA,NA,0.191039125983094,0.316564412465441,0.376354992652328,0.366603176063075,"wvs_gdp_2017_vintage"
"satisfied","cluster7_gdp","region",337,112,0.381162699729538,0.395476069270876,0.540418870581517,0.369911112451893,0.388192648418718,0.526321289924508,NA,NA,NA,0.26305275052009,0.277366120061427,0.48675715234931,0.482632722334445,"wvs_gdp_2017_vintage"
"happiness_layard","cluster7_gdp","region",335,112,0.351165329458363,0.387894972260673,0.515349717345434,0.339296402558211,0.380475517378984,0.500391375288194,NA,NA,NA,0.239310037271562,0.276039680073872,0.46436435146263,0.458853092944441,"wvs_gdp_2017_vintage"
"happy","log_gdp_ppp","region",304,108,0.128937123079072,0.356955599048332,0.40781636199987,0.126052808917083,0.348352998366704,0.397880394919331,NA,NA,NA,0.0898989430153057,0.317917418984565,0.22043976503163,0.220644454604641,"wvs_only"
"very_happy","log_gdp_ppp","region",304,108,7.57824190805723e-05,0.351139064828414,0.352318333224783,-0.00323522492390271,0.342458650979965,0.341451191164796,NA,NA,NA,0.000627525407724649,0.351690807817058,0.00178113185873947,-0.00621272505244221,"wvs_only"
"very_unhappy","log_gdp_ppp","region",304,108,0.0610190646317941,0.16075166016171,0.173527822446215,0.0579098562365351,0.149524257622068,0.159660839601353,NA,NA,NA,0.0368976134581495,0.136630208988066,0.212632262296646,0.213096831964937,"wvs_only"
"very_happy_minus_very_unhappy","log_gdp_ppp","region",304,108,0.00347164328839811,0.352296497181497,0.352354920085233,0.000171880517829792,0.343631567377905,0.341488391898744,NA,NA,NA,0.00176503309606724,0.350589886989166,0.00500924776540734,-0.00288632792226172,"wvs_only"
"happiness_mean","log_gdp_ppp","region",304,108,0.0401667971404295,0.377057638018678,0.386646603483011,0.0369885415018216,0.368723960935316,0.37635543911192,NA,NA,NA,0.0248778813023811,0.36176872218063,0.0643426867798006,0.0592790950274496,"wvs_only"
"satisfied_mean","log_gdp_ppp","region",304,108,0.201333521537905,0.48062080879239,0.54473100066965,0.19868893054962,0.473672592187606,0.537092259070147,NA,NA,NA,0.132721856707582,0.412009143962068,0.243646600880846,0.244007051866603,"wvs_only"
"satisfied","log_gdp_ppp","region",304,108,0.281646856256648,0.453060225721387,0.563737625145207,0.279268203462796,0.445743305664148,0.556417786640932,NA,NA,NA,0.196162127840234,0.367575497304973,0.347967066753273,0.35040458249335,"wvs_only"
"happiness_layard","log_gdp_ppp","region",302,108,0.245358911270818,0.455245780697367,0.550435082549612,0.242843440975054,0.447909023535041,0.542841080565652,NA,NA,NA,0.170274106561532,0.38016097598808,0.309344574791314,0.311118216821114,"wvs_only"
"happy","log_gdp","region",304,108,0.18108378859148,0.356955599048332,0.409609975205303,0.178372145507345,0.348352998366704,0.399704102306063,NA,NA,NA,0.116869082374226,0.292740892831078,0.285317959641117,0.287366639623328,"wvs_only"
"very_happy","log_gdp","region",304,108,0.003335037742627,0.351139064828414,0.354676269742147,3.48226358144466e-05,0.342458650979965,0.343848690375404,NA,NA,NA,0.00343612132817972,0.351240148413967,0.00968804969861056,0.0020719317408161,"wvs_only"
"very_unhappy","log_gdp","region",304,108,0.0900285092777396,0.16075166016171,0.182458058851461,0.087015358646209,0.149524257622068,0.168740912187894,NA,NA,NA,0.0558674539837449,0.126590604867716,0.306193403215073,0.314778472614115,"wvs_only"
"very_happy_minus_very_unhappy","log_gdp","region",304,108,0.013033916319889,0.352296497181497,0.352836980508007,0.00976581670505428,0.343631567377905,0.341978540583645,NA,NA,NA,0.00678719982319964,0.346049780684808,0.0192360784105668,0.0118615482377174,"wvs_only"
"happiness_mean","log_gdp","region",304,108,0.0703673637618885,0.377057638018678,0.385148617911793,0.0672891099995105,0.368723960935316,0.374832319554608,NA,NA,NA,0.0392291718275016,0.345919446084291,0.101854634816542,0.0979070704282074,"wvs_only"
"satisfied_mean","log_gdp","region",304,108,0.258955552221761,0.48062080879239,0.548631298305248,0.256501762659581,0.473672592187606,0.541057997941242,NA,NA,NA,0.163483020867309,0.385148277437939,0.297983402281855,0.299309103317599,"wvs_only"
"satisfied","log_gdp","region",304,108,0.347618402608375,0.453060225721387,0.56862374242112,0.345458198643502,0.445743305664148,0.561385885750334,NA,NA,NA,0.231590959654054,0.337032782767066,0.407283309465715,0.41068077273923,"wvs_only"
"happiness_layard","log_gdp","region",302,108,0.317113873041652,0.455245780697367,0.555410701145775,0.314837585951791,0.447909023535041,0.547900746773237,NA,NA,NA,0.20863939674503,0.346771304400745,0.375648860050087,0.378562460110749,"wvs_only"
"happy","group_gdp_ppp","region",304,108,0.190498733412214,0.356955599048332,0.420857728842337,0.176916497395641,0.348352998366704,0.403128883806898,NA,NA,NA,0.12720043160311,0.293657297239227,0.302240930570535,0.287367628744282,"wvs_only"
"very_happy","group_gdp_ppp","region",304,108,0.0298812196370102,0.351139064828414,0.369388331127438,0.0136040588926647,0.342458650979965,0.350083892284401,NA,NA,NA,0.0240652429680172,0.345323088159421,0.0651488987065884,0.0303203041684853,"wvs_only"
"very_unhappy","group_gdp_ppp","region",304,108,0.116637171832644,0.16075166016171,0.216200811268284,0.101815647870105,0.149524257622068,0.192206958552007,NA,NA,NA,0.086043161469609,0.130157649798675,0.397977976885747,0.3758926052642,"wvs_only"
"very_happy_minus_very_unhappy","group_gdp_ppp","region",304,108,0.0407137547822907,0.352296497181497,0.373241239997868,0.0246183479833358,0.343631567377905,0.354054747344741,NA,NA,NA,0.0308292487993307,0.342411991198537,0.0825987203330127,0.0494860303568425,"wvs_only"
"happiness_mean","group_gdp_ppp","region",304,108,0.0905011633434367,0.377057638018678,0.402182564835329,0.075241115748528,0.368723960935316,0.383882031105799,NA,NA,NA,0.0578130450800441,0.344369519755285,0.143748262940526,0.117743445373843,"wvs_only"
"satisfied_mean","group_gdp_ppp","region",304,108,0.206698751917851,0.48062080879239,0.541680247172787,0.193388328292312,0.473672592187606,0.527650050657668,NA,NA,NA,0.133879095149124,0.407801152023663,0.247155209826986,0.23440326259237,"wvs_only"
"satisfied","group_gdp_ppp","region",304,108,0.29419177803724,0.453060225721387,0.564353602229501,0.28234935820565,0.445743305664148,0.551017488012037,NA,NA,NA,0.202742577272677,0.361611024956824,0.359247423019423,0.351734336011737,"wvs_only"
"happiness_layard","group_gdp_ppp","region",302,108,0.278420574800275,0.455245780697367,0.557269791733422,0.266231733158388,0.447909023535041,0.543623997643013,NA,NA,NA,0.190222292918165,0.367047498815257,0.341346858810464,0.332901701208601,"wvs_only"
"happy","cluster5_gdp_ppp","region",304,108,0.186428420521715,0.356955599048332,0.417388317432059,0.175544519792909,0.348352998366704,0.401588678582759,NA,NA,NA,0.123430569452721,0.293957747979338,0.295721188873028,0.284843936358401,"wvs_only"
"very_happy","cluster5_gdp_ppp","region",304,108,0.0206821114491756,0.351139064828414,0.365260654686487,0.00758086879297737,0.342458650979965,0.348047384305104,NA,NA,NA,0.0174018506536244,0.347858804032863,0.0476422807393829,0.018919266042482,"wvs_only"
"very_unhappy","cluster5_gdp_ppp","region",304,108,0.106376337994287,0.16075166016171,0.215677941866621,0.0944215063955486,0.149524257622068,0.194408191137581,NA,NA,NA,0.080651309849599,0.135026632017022,0.373943246822501,0.35828078821143,"wvs_only"
"very_happy_minus_very_unhappy","cluster5_gdp_ppp","region",304,108,0.0273423608725583,0.352296497181497,0.365315537855192,0.014330218543094,0.343631567377905,0.348103755830926,NA,NA,NA,0.0201807007731266,0.345134837082065,0.0552418352956179,0.0270069005018826,"wvs_only"
"happiness_mean","cluster5_gdp_ppp","region",304,108,0.0776846943468401,0.377057638018678,0.395890183196986,0.0653460280504768,0.368723960935316,0.379507544097244,NA,NA,NA,0.0482586197625742,0.347631563434412,0.12189900586285,0.100300524187864,"wvs_only"
"satisfied_mean","cluster5_gdp_ppp","region",304,108,0.184344121892305,0.48062080879239,0.540413661589205,0.173432337569794,0.473672592187606,0.52795030325942,NA,NA,NA,0.12206848734456,0.418345174244645,0.225879721444477,0.215654813754049,"wvs_only"
"satisfied","cluster5_gdp_ppp","region",304,108,0.273653806389115,0.453060225721387,0.560967389514386,0.263936800454522,0.445743305664148,0.549061420416471,NA,NA,NA,0.190780485091057,0.370186904423329,0.340091935212509,0.334438827379527,"wvs_only"
"happiness_layard","cluster5_gdp_ppp","region",302,108,0.262432447629728,0.455245780697367,0.551895571137806,0.252498877900836,0.447909023535041,0.539660637926552,NA,NA,NA,0.179541119035084,0.372354452102722,0.325317194818099,0.318950899972066,"wvs_only"
"happy","cluster6_gdp_ppp","region",304,108,0.183108595453775,0.356955599048332,0.421299139977737,0.169402363833872,0.348352998366704,0.403583807528076,NA,NA,NA,0.12372606819159,0.297573071786147,0.293677476289481,0.278298049630766,"wvs_only"
"very_happy","cluster6_gdp_ppp","region",304,108,0.0288303086117402,0.351139064828414,0.376432409606214,0.0125355151320715,0.342458650979965,0.357343605818649,NA,NA,NA,0.0270618266947701,0.349370582911444,0.0718902676926238,0.0383670919589252,"wvs_only"
"very_unhappy","cluster6_gdp_ppp","region",304,108,0.123488157149964,0.16075166016171,0.229284267756584,0.108781582605501,0.149524257622068,0.205690929014438,NA,NA,NA,0.0960103823724187,0.133273885384165,0.418739511924764,0.400961420098143,"wvs_only"
"very_happy_minus_very_unhappy","cluster6_gdp_ppp","region",304,108,0.0352450669384036,0.352296497181497,0.376045666065454,0.0190579036320009,0.343631567377905,0.356945023189906,NA,NA,NA,0.0294971179111801,0.346548548154273,0.0784402549291604,0.0453450214191382,"wvs_only"
"happiness_mean","cluster6_gdp_ppp","region",304,108,0.0827239538956777,0.377057638018678,0.40537465860628,0.0673334162093635,0.368723960935316,0.387171842033003,NA,NA,NA,0.05552048724164,0.34985417136464,0.136960922600651,0.110779359439753,"wvs_only"
"satisfied_mean","cluster6_gdp_ppp","region",304,108,0.189921023175271,0.48062080879239,0.538075181034366,0.176329094033917,0.473672592187606,0.523934625351744,NA,NA,NA,0.123687697708623,0.414387483325742,0.229870661328131,0.216239885888371,"wvs_only"
"satisfied","cluster6_gdp_ppp","region",304,108,0.279618453907067,0.453060225721387,0.561824056418952,0.267531515214233,0.445743305664148,0.548410507125655,NA,NA,NA,0.194191142302316,0.367632914116636,0.345644050096544,0.337519715491991,"wvs_only"
"happiness_layard","cluster6_gdp_ppp","region",302,108,0.265512049878335,0.455245780697367,0.555517323179676,0.253105158828983,0.447909023535041,0.541817514647542,NA,NA,NA,0.182891796180322,0.372625526999354,0.329227890020574,0.320231111546126,"wvs_only"
"happy","cluster7_gdp_ppp","region",304,108,0.190482499114385,0.356955599048332,0.428811567946771,0.174128610207605,0.348352998366704,0.409317082211166,NA,NA,NA,0.131169234006412,0.297642333940359,0.305890148053782,0.287176744227331,"wvs_only"
"very_happy","cluster7_gdp_ppp","region",304,108,0.0394988804983482,0.351139064828414,0.383313312352791,0.0200948174781128,0.342458650979965,0.362265985129337,NA,NA,NA,0.0358365640113626,0.347476748341429,0.0934915716633906,0.0550730033531012,"wvs_only"
"very_unhappy","cluster7_gdp_ppp","region",304,108,0.12748491496106,0.16075166016171,0.229510762869546,0.109858347586536,0.149524257622068,0.203214201875332,NA,NA,NA,0.0981220088344475,0.131388754035098,0.42752682971221,0.40240369602744,"wvs_only"
"very_happy_minus_very_unhappy","cluster7_gdp_ppp","region",304,108,0.0452630068279436,0.352296497181497,0.381187039599313,0.0259753908042657,0.343631567377905,0.360067143339904,NA,NA,NA,0.0370767746228799,0.344110264976433,0.0972666191952731,0.0588931363923822,"wvs_only"
"happiness_mean","cluster7_gdp_ppp","region",304,108,0.0913666638947649,0.377057638018678,0.409443908487721,0.0730104348825379,0.368723960935316,0.389288410483889,NA,NA,NA,0.0618764671819038,0.347567441305817,0.151123184151021,0.120187092539945,"wvs_only"
"satisfied_mean","cluster7_gdp_ppp","region",304,108,0.208193518298761,0.48062080879239,0.546219313482585,0.192197427759342,0.473672592187606,0.530731918038304,NA,NA,NA,0.136896011494478,0.409323301988107,0.250624626620499,0.234823594679726,"wvs_only"
"satisfied","cluster7_gdp_ppp","region",304,108,0.299331892442451,0.453060225721387,0.57201019287414,0.285176981178663,0.445743305664148,0.55740303222138,NA,NA,NA,0.209140929797602,0.362869263076538,0.365624480827424,0.35596927608593,"wvs_only"
"happiness_layard","cluster7_gdp_ppp","region",302,108,0.281820310238972,0.455245780697367,0.566152147626003,0.26721326570146,0.447909023535041,0.55124328671968,NA,NA,NA,0.196363338583804,0.369788809042198,0.346838459250217,0.33610162501129,"wvs_only"
"happy","cluster7_gdp","region",304,108,0.225634863625241,0.356955599048332,0.419712826026037,0.209991123496458,0.348352998366704,0.399907803023513,NA,NA,NA,0.144196045301473,0.275516780724564,0.343558824891684,0.327007783013788,"wvs_only"
"very_happy","cluster7_gdp","region",304,108,0.0350009692058698,0.351139064828414,0.379083999803746,0.0155060392908369,0.342458650979965,0.3578923274421,NA,NA,NA,0.031472952090601,0.347611047713145,0.0830236889631183,0.0432248938865239,"wvs_only"
"very_unhappy","cluster7_gdp","region",304,108,0.141537157778284,0.16075166016171,0.228799344128228,0.124194474097037,0.149524257622068,0.202478502630898,NA,NA,NA,0.104792420872401,0.124006923255827,0.458010145403524,0.437450684403754,"wvs_only"
"very_happy_minus_very_unhappy","cluster7_gdp","region",304,108,0.046428044437246,0.352296497181497,0.375149825560165,0.0271639645268874,0.343631567377905,0.353823881040034,NA,NA,NA,0.0346406864079572,0.340509139152208,0.0923382713992536,0.0527893680878909,"wvs_only"
"happiness_mean","cluster7_gdp","region",304,108,0.107014942078203,0.377057638018678,0.396084092801478,0.0889748398979651,0.368723960935316,0.375472628391972,NA,NA,NA,0.0630206984305017,0.333063394370976,0.159109390091282,0.127470686431358,"wvs_only"
"satisfied_mean","cluster7_gdp","region",304,108,0.261280235190825,0.48062080879239,0.552890647343756,0.246356603578519,0.473672592187606,0.537630942474942,NA,NA,NA,0.166775036871095,0.38611561047266,0.301641993172303,0.288594767664733,"wvs_only"
"satisfied","cluster7_gdp","region",304,108,0.352130115483228,0.453060225721387,0.575988795812276,0.33904183498794,0.445743305664148,0.561517423655698,NA,NA,NA,0.237529342787058,0.338459453025218,0.412385352829802,0.404988281591032,"wvs_only"
"happiness_layard","cluster7_gdp","region",302,108,0.329042250027575,0.455245780697367,0.560793466207484,0.315395651723052,0.447909023535041,0.545700458173377,NA,NA,NA,0.217294967768846,0.343498498438638,0.387477709464702,0.378584148293047,"wvs_only"
"happy","log_gdp_ppp","region",201,72,0.201892983781908,0.210824827728595,0.249783323108135,0.197882395760712,0.202853361342015,0.238358703663081,NA,NA,NA,0.120425739580724,0.129357583527411,0.482120816082625,0.489572510873507,"wvs_no_latam_ee"
"very_happy","log_gdp_ppp","region",201,72,0.000478915473767771,0.019130996034502,0.0271052124930482,-0.00454380354395201,0.00922322831767874,0.0122895558305057,NA,NA,NA,0.004226565966157,0.0228786465268912,0.155931851382497,-0.0601110427220471,"wvs_no_latam_ee"
"very_unhappy","log_gdp_ppp","region",201,72,0.058361982600204,0.115518791427075,0.118371521627788,0.0536301332665367,0.106584637805126,0.104945707236333,NA,NA,NA,0.0306073564004586,0.0877641652273292,0.258570270784401,0.247705237626642,"wvs_no_latam_ee"
"very_happy_minus_very_unhappy","log_gdp_ppp","region",201,72,0.00185564524720783,0.0220334027070191,0.0264042111686841,-0.00316015553044435,0.0121549522293123,0.0115778793590702,NA,NA,NA,0.00311322685443638,0.0232909843142477,0.117906451912062,-0.161395203939429,"wvs_no_latam_ee"
"happiness_mean","log_gdp_ppp","region",201,72,0.05123958164283,0.0806039246781584,0.0824615363835028,0.046471941349578,0.0713170956345034,0.068488869424876,NA,NA,NA,0.0265485966740873,0.0559129397094156,0.321951273750443,0.318619036249551,"wvs_no_latam_ee"
"satisfied_mean","log_gdp_ppp","region",200,72,0.323786362141447,0.388795654111896,0.428854611850413,0.320371141748222,0.382590533849072,0.420112590603225,NA,NA,NA,0.181922659939982,0.246931951910431,0.424205907813433,0.425949146142571,"wvs_no_latam_ee"
"satisfied","log_gdp_ppp","region",200,72,0.410941006381616,0.395126849070155,0.481112329234413,0.407965960959301,0.388986004898278,0.473170171008409,NA,NA,NA,0.248463243272937,0.232649085961476,0.516434994855179,0.520056162902844,"wvs_no_latam_ee"
"happiness_layard","log_gdp_ppp","region",199,72,0.380024113521772,0.378508072566388,0.454214047128858,0.376877027803609,0.37216631820482,0.44581734016161,NA,NA,NA,0.227865044042121,0.226349003086737,0.501668861811923,0.505283228325171,"wvs_no_latam_ee"
"happy","log_gdp","region",201,72,0.2168071423712,0.210824827728595,0.255437380474708,0.212871499870553,0.202853361342015,0.2440988634261,NA,NA,NA,0.130709847558657,0.124727532916052,0.511709943610225,0.520520657875924,"wvs_no_latam_ee"
"very_happy","log_gdp","region",201,72,0.000325985924384931,0.019130996034502,0.0289856083064669,-0.00469750158353266,0.00922322831767874,0.0141985871131644,NA,NA,NA,0.00509029909817493,0.023895309208292,0.175614706593522,0.00978467821264166,"wvs_no_latam_ee"
"very_unhappy","log_gdp","region",201,72,0.0765038975936279,0.115518791427075,0.125028385983184,0.0718632136619375,0.106584637805126,0.111703945160593,NA,NA,NA,0.0430067460748687,0.0820216399083153,0.343975855856069,0.344582820717431,"wvs_no_latam_ee"
"very_happy_minus_very_unhappy","log_gdp","region",201,72,0.00309017321290639,0.0220334027070191,0.0260782963951084,-0.00191942390662669,0.0121549522293123,0.0112470014163537,NA,NA,NA,0.00356753345049782,0.0225107629446106,0.136800862926268,-0.125694601383891,"wvs_no_latam_ee"
"happiness_mean","log_gdp","region",201,72,0.058480540438705,0.0806039246781584,0.0831903532432396,0.0537492868730703,0.0713170956345034,0.0692287850185174,NA,NA,NA,0.0305334845018931,0.0526568687413465,0.367031552476001,0.373117744614946,"wvs_no_latam_ee"
"satisfied_mean","log_gdp","region",200,72,0.34998819046475,0.388795654111896,0.433604842124622,0.346705302537805,0.382590533849072,0.424935528483672,NA,NA,NA,0.197398689238738,0.236206152885884,0.455250195711615,0.457775675477972,"wvs_no_latam_ee"
"satisfied","log_gdp","region",200,72,0.437232935408002,0.395126849070155,0.489100145626137,0.434390677506022,0.388986004898278,0.481280249895925,NA,NA,NA,0.265603115981992,0.223497029644145,0.543044442650844,0.547170720819691,"wvs_no_latam_ee"
"happiness_layard","log_gdp","region",199,72,0.407535655629271,0.378508072566388,0.464000012905642,0.404528222409115,0.37216631820482,0.455753859258037,NA,NA,NA,0.246513797984263,0.217486214921379,0.531279722258097,0.535503708358038,"wvs_no_latam_ee"
"happy","group_gdp_ppp","region",201,72,0.240730269698649,0.210824827728595,0.274932104126425,0.221261815075537,0.202853361342015,0.248634304794223,NA,NA,NA,0.152418773048239,0.122513331078186,0.55438695867308,0.537019134887194,"wvs_no_latam_ee"
"very_happy","group_gdp_ppp","region",201,72,0.0435172070101539,0.019130996034502,0.0657084763912995,0.0189920071899015,0.00922322831767874,0.0318222553277715,NA,NA,NA,0.0450473436834757,0.0206611327078238,0.685563661759786,0.653489731818245,"wvs_no_latam_ee"
"very_unhappy","group_gdp_ppp","region",201,72,0.149612078181859,0.115518791427075,0.183872650121229,0.127807259673701,0.106584637805126,0.154272176291429,NA,NA,NA,0.108982968438006,0.0748896816832224,0.592708966592655,0.568783050770233,"wvs_no_latam_ee"
"very_happy_minus_very_unhappy","group_gdp_ppp","region",201,72,0.05754511054227,0.0220334027070191,0.0715912580593592,0.0333796005561743,0.0121549522293123,0.037918402134051,NA,NA,NA,0.053551482947305,0.0180397751120542,0.748017067990387,0.7798726625113,"wvs_no_latam_ee"
"happiness_mean","group_gdp_ppp","region",201,72,0.106737860642642,0.0806039246781584,0.123501343662381,0.0838337032232225,0.0713170956345034,0.0917112369558351,NA,NA,NA,0.0748176398134321,0.0486837038489486,0.605804257627863,0.568239225661882,"wvs_no_latam_ee"
"satisfied_mean","group_gdp_ppp","region",200,72,0.325397976884242,0.388795654111896,0.432652762430753,0.308011326803939,0.382590533849072,0.411968227727707,NA,NA,NA,0.184627542601549,0.248025219829204,0.426733765813178,0.409484273269701,"wvs_no_latam_ee"
"satisfied","group_gdp_ppp","region",200,72,0.417629758976409,0.395126849070155,0.481608679632753,0.402620216681987,0.388986004898278,0.462708996077697,NA,NA,NA,0.252055794769504,0.229552884863249,0.523362234587855,0.514733030802603,"wvs_no_latam_ee"
"happiness_layard","group_gdp_ppp","region",199,72,0.39872639688115,0.378508072566388,0.461717057466279,0.383149360530921,0.37216631820482,0.441989410357714,NA,NA,NA,0.240967690890521,0.220749366575758,0.521894712343651,0.512424553698257,"wvs_no_latam_ee"
"happy","cluster5_gdp_ppp","region",201,72,0.253566157464025,0.210824827728595,0.282567341279449,0.238332813738801,0.202853361342015,0.260378702349947,NA,NA,NA,0.16265433550744,0.119913005772009,0.575630342738655,0.5681304808661,"wvs_no_latam_ee"
"very_happy","cluster5_gdp_ppp","region",201,72,0.0677610987346132,0.019130996034502,0.0915950251971188,0.0487358150353197,0.00922322831767874,0.0635000259764111,NA,NA,NA,0.070112563948615,0.0214824612485038,0.765462576135854,0.811122602786958,"wvs_no_latam_ee"
"very_unhappy","cluster5_gdp_ppp","region",201,72,0.158316405355748,0.115518791427075,0.194028554386475,0.141139189138518,0.106584637805126,0.169101602460284,NA,NA,NA,0.118413084157574,0.0756154702289011,0.610286895823145,0.602170975409615,"wvs_no_latam_ee"
"very_happy_minus_very_unhappy","cluster5_gdp_ppp","region",201,72,0.0779800441186665,0.0220334027070191,0.0914401630508046,0.05916331032517,0.0121549522293123,0.0633403742791799,NA,NA,NA,0.073693402231226,0.0177467608195786,0.805919409726791,0.871077362825983,"wvs_no_latam_ee"
"happiness_mean","cluster5_gdp_ppp","region",201,72,0.129125263076159,0.0806039246781584,0.142632828131405,0.111352309261387,0.0713170956345034,0.116116317661242,NA,NA,NA,0.0955770832647025,0.0470557448667021,0.67009176300318,0.6723927111764,"wvs_no_latam_ee"
"satisfied_mean","cluster5_gdp_ppp","region",200,72,0.337467826801276,0.388795654111896,0.437037695314411,0.323877423248482,0.382590533849072,0.419536276515895,NA,NA,NA,0.192854934001896,0.244182761312515,0.441277574153308,0.43002618142085,"wvs_no_latam_ee"
"satisfied","cluster5_gdp_ppp","region",200,72,0.424974619568915,0.395126849070155,0.484075239696375,0.413179227149816,0.388986004898278,0.468036127977091,NA,NA,NA,0.256961505097568,0.227113734598807,0.530829681061029,0.525845464490214,"wvs_no_latam_ee"
"happiness_layard","cluster5_gdp_ppp","region",199,72,0.413066571115972,0.378508072566388,0.469680328846456,0.400964850932796,0.37216631820482,0.453107839122908,NA,NA,NA,0.25211941369802,0.217560915148436,0.536789382508801,0.53177889482526,"wvs_no_latam_ee"
"happy","cluster6_gdp_ppp","region",201,72,0.272077474546554,0.210824827728595,0.296198506191226,0.253412794406722,0.202853361342015,0.270672027141167,NA,NA,NA,0.178725576504593,0.117472929686634,0.603397967136293,0.593396117801154,"wvs_no_latam_ee"
"very_happy","cluster6_gdp_ppp","region",201,72,0.0761177052853809,0.019130996034502,0.0989587072998273,0.0524284156773137,0.00922322831767874,0.0662784531604428,NA,NA,NA,0.0779727082753531,0.0209859990244742,0.787931758638577,0.825936901809148,"wvs_no_latam_ee"
"very_unhappy","cluster6_gdp_ppp","region",201,72,0.161784765812987,0.115518791427075,0.195810590457411,0.1402920675005,0.106584637805126,0.166643098919596,NA,NA,NA,0.121038282421662,0.074772308035749,0.618139612055293,0.601136590455622,"wvs_no_latam_ee"
"very_happy_minus_very_unhappy","cluster6_gdp_ppp","region",201,72,0.0904179579089207,0.0220334027070191,0.102446449308562,0.0670953414450468,0.0121549522293123,0.0698926935840025,NA,NA,NA,0.085415502255232,0.0170309470533304,0.833757566335615,0.89303385231321,"wvs_no_latam_ee"
"happiness_mean","cluster6_gdp_ppp","region",201,72,0.14756223996751,0.0806039246781584,0.158044230206452,0.125704861505139,0.0713170956345034,0.127506974307204,NA,NA,NA,0.112501272747902,0.0455429574585499,0.711834102396161,0.713273690188893,"wvs_no_latam_ee"
"satisfied_mean","cluster6_gdp_ppp","region",200,72,0.361117488734889,0.388795654111896,0.448955107260082,0.344651444630118,0.382590533849072,0.428864928878939,NA,NA,NA,0.210638470941537,0.238316636318544,0.469174907547078,0.455768020810039,"wvs_no_latam_ee"
"satisfied","cluster6_gdp_ppp","region",200,72,0.445669269557943,0.395126849070155,0.495935910535781,0.431382395062013,0.388986004898278,0.477558573940732,NA,NA,NA,0.273239165511785,0.222696745023997,0.550956604889919,0.544388680757931,"wvs_no_latam_ee"
"happiness_layard","cluster6_gdp_ppp","region",199,72,0.435660831757717,0.378508072566388,0.48353388317446,0.421040646051958,0.37216631820482,0.464605805594466,NA,NA,NA,0.270343321182894,0.213190561991565,0.559099021992124,0.552597629279087,"wvs_no_latam_ee"
"happy","cluster7_gdp_ppp","region",201,72,0.250051957505286,0.210824827728595,0.293148142549832,0.226857688149779,0.202853361342015,0.263695981822742,NA,NA,NA,0.166187636163261,0.12696050638657,0.566906666089523,0.545515154690336,"wvs_no_latam_ee"
"very_happy","cluster7_gdp_ppp","region",201,72,0.0953007661572562,0.019130996034502,0.125522759240797,0.0673203774817074,0.00922322831767874,0.089086207542497,NA,NA,NA,0.100846264681776,0.0246764945590214,0.803410196618741,0.826072636644199,"wvs_no_latam_ee"
"very_unhappy","cluster7_gdp_ppp","region",201,72,0.148890191451977,0.115518791427075,0.197834780743701,0.122567207682451,0.106584637805126,0.164411229941355,NA,NA,NA,0.115603090384302,0.0822316903593989,0.584341590238716,0.548605468990853,"wvs_no_latam_ee"
"very_happy_minus_very_unhappy","cluster7_gdp_ppp","region",201,72,0.10353897272955,0.0220334027070191,0.124657448607992,0.0758133739479896,0.0121549522293123,0.0881848422999911,NA,NA,NA,0.103081509315261,0.0215759392927304,0.826918170284554,0.860937435835749,"wvs_no_latam_ee"
"happiness_mean","cluster7_gdp_ppp","region",201,72,0.143564886986317,0.0806039246781584,0.168554741304917,0.117077203078678,0.0713170956345034,0.133911188859288,NA,NA,NA,0.115757851806538,0.0527968894983789,0.686767105513401,0.670859910340495,"wvs_no_latam_ee"
"satisfied_mean","cluster7_gdp_ppp","region",200,72,0.334882543731246,0.388795654111896,0.443917416181265,0.314205317111492,0.382590533849072,0.420625999057967,NA,NA,NA,0.195002152900308,0.248915263280957,0.43927574317265,0.418710188040283,"wvs_no_latam_ee"
"satisfied","cluster7_gdp_ppp","region",200,72,0.420410748455922,0.395126849070155,0.483256970000171,0.40239242975507,0.388986004898278,0.461613282879759,NA,NA,NA,0.254270434692969,0.228986535307202,0.526159891067643,0.514521272842449,"wvs_no_latam_ee"
"happiness_layard","cluster7_gdp_ppp","region",199,72,0.40532896869206,0.378508072566388,0.471876097742401,0.386745498963686,0.37216631820482,0.44963930185787,NA,NA,NA,0.249348496934036,0.222527600808365,0.528419426470202,0.51621208455158,"wvs_no_latam_ee"
"happy","cluster7_gdp","region",201,72,0.261657501451385,0.210824827728595,0.290138995645008,0.238822166444727,0.202853361342015,0.260561453796883,NA,NA,NA,0.170485834683899,0.119653160961108,0.58760055436496,0.569021730917174,"wvs_no_latam_ee"
"very_happy","cluster7_gdp","region",201,72,0.122549277652491,0.019130996034502,0.136344429569434,0.095411626445867,0.00922322831767874,0.100358780801494,NA,NA,NA,0.119881355593711,0.0164630739757226,0.879253783761377,0.929401380924834,"wvs_no_latam_ee"
"very_unhappy","cluster7_gdp","region",201,72,0.177416287408977,0.115518791427075,0.212696065211757,0.151975554029873,0.106584637805126,0.17989173459558,NA,NA,NA,0.13729678059683,0.0753992846149273,0.645506913633494,0.626161761480571,"wvs_no_latam_ee"
"very_happy_minus_very_unhappy","cluster7_gdp","region",201,72,0.128655741630836,0.0220334027070191,0.13489291555925,0.101706950134883,0.0121549522293123,0.0988467870408858,NA,NA,NA,0.120757627241534,0.0141352883177166,0.895211040111978,0.952983858081949,"wvs_no_latam_ee"
"happiness_mean","cluster7_gdp","region",201,72,0.154011289890206,0.0806039246781584,0.162831784314125,0.127846690608459,0.0713170956345034,0.127949775327214,NA,NA,NA,0.118119574763086,0.0447122095510392,0.725408588136681,0.720905409288094,"wvs_no_latam_ee"
"satisfied_mean","cluster7_gdp","region",200,72,0.417591680758396,0.388795654111896,0.485868712704083,0.399485722647258,0.382590533849072,0.464334417948233,NA,NA,NA,0.257332369675291,0.228536343028791,0.529633546978398,0.518192910265882,"wvs_no_latam_ee"
"satisfied","cluster7_gdp","region",200,72,0.498828581071765,0.395126849070155,0.537380962925919,0.483248122452234,0.388986004898278,0.518004249331193,NA,NA,NA,0.320541347463765,0.216839615462154,0.596488096114326,0.590985853567476,"wvs_no_latam_ee"
"happiness_layard","cluster7_gdp","region",199,72,0.46314904792276,0.378508072566388,0.504357222700014,0.446372455670346,0.37216631820482,0.483488053129488,NA,NA,NA,0.294499099028193,0.209858123671821,0.583909748435104,0.576740404426965,"wvs_no_latam_ee"
"happy","log_gdp_ppp","region6",337,112,0.145169361170421,0.272731735733475,0.330655413490364,0.142617627920183,0.261745810291383,0.318485511917461,NA,NA,NA,0.101546519463655,0.229108894026709,0.307106780414512,0.312977077585129,"wvs_region6"
"very_happy","log_gdp_ppp","region6",337,112,5.44338257046917e-05,0.283408504602633,0.283484045453068,-0.00293047831212911,0.272583859657053,0.270456482643124,NA,NA,NA,6.49873380701993e-05,0.283419058114998,0.000229245134294368,-0.00935058992971536,"wvs_region6"
"very_unhappy","log_gdp_ppp","region6",337,112,0.0719783184105132,0.203761069710294,0.227089586620755,0.0692081044356192,0.191733291307126,0.213036670013859,NA,NA,NA,0.0476534176604871,0.179436168960268,0.209844134068858,0.21243169811203,"wvs_region6"
"very_happy_minus_very_unhappy","log_gdp_ppp","region6",337,112,0.00383931169707052,0.289471979216322,0.290029283709348,0.000865697702136292,0.278738927542853,0.277120725231336,NA,NA,NA,0.00219830809504823,0.2878309756143,0.0075796073656178,-0.00135771983266853,"wvs_region6"
"happiness_mean","log_gdp_ppp","region6",337,112,0.0454464685024525,0.286556398461416,0.302166446529277,0.0425970549755942,0.275779304782585,0.2894785637389,NA,NA,NA,0.0305282582851569,0.27163818824412,0.101031264840317,0.0972374486124067,"wvs_region6"
"satisfied_mean","log_gdp_ppp","region6",337,112,0.234101696128982,0.406708357190444,0.48071862713392,0.231815432535337,0.397746247782445,0.471277147627264,NA,NA,NA,0.154055983036229,0.326662644097691,0.320470175983656,0.323956226094859,"wvs_region6"
"satisfied","log_gdp_ppp","region6",337,112,0.317239571532451,0.403239204805122,0.52003765665772,0.315201480701205,0.394224691282541,0.511311068596952,NA,NA,NA,0.217019011692525,0.303018644965196,0.417314032770828,0.422724916949111,"wvs_region6"
"happiness_layard","log_gdp_ppp","region6",335,112,0.276064517490557,0.381174699016493,0.483854637453968,0.2738905370626,0.371770059183917,0.47441295399276,NA,NA,NA,0.189372227964015,0.294482409489952,0.391382479995413,0.39684143181848,"wvs_region6"
"happy","log_gdp","region6",337,112,0.196789188524132,0.272731735733475,0.335234126431052,0.194391544310772,0.261745810291383,0.323147474184344,NA,NA,NA,0.129645789610855,0.205588336820198,0.38673207585123,0.395784012933073,"wvs_region6"
"very_happy","log_gdp","region6",337,112,0.00378813613323614,0.283408504602633,0.283979653670361,0.000814369375424895,0.272583859657053,0.270961101918913,NA,NA,NA,0.00217964260048226,0.281800011069879,0.007675347766331,-0.00149170555660983,"wvs_region6"
"very_unhappy","log_gdp","region6",337,112,0.100729513585861,0.203761069710294,0.23867408200762,0.0980451240741774,0.191733291307126,0.224831792589577,NA,NA,NA,0.0678212629415939,0.170852819066026,0.28415847406267,0.291648311491308,"wvs_region6"
"very_happy_minus_very_unhappy","log_gdp","region6",337,112,0.0146666108962844,0.289471979216322,0.289756683979612,0.0117253171974674,0.278738927542853,0.276843169142878,NA,NA,NA,0.0074756578297871,0.282281026149825,0.0257997769960437,0.0177529372097662,"wvs_region6"
"happiness_mean","log_gdp","region6",337,112,0.0777566598851188,0.286556398461416,0.302180704273155,0.0750036946907461,0.275779304782585,0.289493080714486,NA,NA,NA,0.0466904828484292,0.255490221424726,0.154511794393806,0.153229000160706,"wvs_region6"
"satisfied_mean","log_gdp","region6",337,112,0.290284980164839,0.406708357190444,0.488634105917708,0.288166427866823,0.397746247782445,0.479336544207121,NA,NA,NA,0.186105364446051,0.302528741471657,0.380868552137852,0.385696363817953,"wvs_region6"
"satisfied","log_gdp","region6",337,112,0.379744116962979,0.403239204805122,0.527278632846476,0.377892606864361,0.394224691282541,0.51868369889823,NA,NA,NA,0.251891772502166,0.27538686034431,0.477720424858384,0.484256219683718,"wvs_region6"
"happiness_layard","log_gdp","region6",335,112,0.345196528867234,0.381174699016493,0.491965348253986,0.343230152077046,0.371770059183917,0.482672031453754,NA,NA,NA,0.227993589052363,0.263971759201623,0.463434243613958,0.470435507708088,"wvs_region6"
"happy","group_gdp_ppp","region6",337,112,0.206042208759224,0.272731735733475,0.340800700386442,0.194048888649847,0.261745810291383,0.320579862974983,NA,NA,NA,0.137055586706096,0.203745113680347,0.402157585212369,0.394414887739192,"wvs_region6"
"very_happy","group_gdp_ppp","region6",337,112,0.0321883694306586,0.283408504602633,0.302312233046524,0.017568858394868,0.272583859657053,0.280910767802553,NA,NA,NA,0.0255460489372751,0.276766184109249,0.0845022005224104,0.0460925131901122,"wvs_region6"
"very_unhappy","group_gdp_ppp","region6",337,112,0.116729489907575,0.203761069710294,0.246068655909969,0.103387035072342,0.191733291307126,0.222941927563649,NA,NA,NA,0.0795185380536252,0.166550117856344,0.323155900370827,0.30186262584107,"wvs_region6"
"very_happy_minus_very_unhappy","group_gdp_ppp","region6",337,112,0.041563107459098,0.289471979216322,0.31078274821095,0.0270852087802324,0.278738927542853,0.289641114720488,NA,NA,NA,0.0314369382268629,0.279345809984087,0.101154064721522,0.0655766637180064,"wvs_region6"
"happiness_mean","group_gdp_ppp","region6",337,112,0.097296300851772,0.286556398461416,0.316653179953522,0.0836602933117686,0.275779304782585,0.295691621056391,NA,NA,NA,0.0636965411719392,0.252956638781583,0.201155539259983,0.175136192928886,"wvs_region6"
"satisfied_mean","group_gdp_ppp","region6",337,112,0.228334185981432,0.406708357190444,0.471636414606946,0.216677602688101,0.397746247782445,0.455428942662374,NA,NA,NA,0.146631121698967,0.325005292907979,0.310898643865672,0.301210871628138,"wvs_region6"
"satisfied","group_gdp_ppp","region6",337,112,0.32171747114752,0.403239204805122,0.512754097173624,0.311471511497181,0.394224691282541,0.497807903835392,NA,NA,NA,0.215616181758011,0.297137915415613,0.420506014377104,0.416882416743704,"wvs_region6"
"happiness_layard","group_gdp_ppp","region6",335,112,0.304869080558121,0.381174699016493,0.483287650591553,0.294304780870555,0.371770059183917,0.467339738572773,NA,NA,NA,0.20349101606659,0.279796634524962,0.421055691817313,0.417121023615564,"wvs_region6"
"happy","cluster5_gdp_ppp","region6",337,112,0.185782244793866,0.272731735733475,0.331207335776027,0.175972392321502,0.261745810291383,0.312800198228578,NA,NA,NA,0.122128922418208,0.209078413357818,0.368738579210685,0.362894239748528,"wvs_region6"
"very_happy","cluster5_gdp_ppp","region6",337,112,0.0313898607769686,0.283408504602633,0.297134336066493,0.0197198590995826,0.272583859657053,0.277789409536213,NA,NA,NA,0.0225578461204145,0.274576489946079,0.075918005367668,0.0448638575177455,"wvs_region6"
"very_unhappy","cluster5_gdp_ppp","region6",337,112,0.10507026270663,0.203761069710294,0.244797604165897,0.0942879767151433,0.191733291307126,0.224012217124591,NA,NA,NA,0.0730533985811163,0.17174420558478,0.298423666481674,0.2824999996813,"wvs_region6"
"very_happy_minus_very_unhappy","cluster5_gdp_ppp","region6",337,112,0.0346094168070186,0.289471979216322,0.300767688066762,0.0229782049613201,0.278738927542853,0.281522762050251,NA,NA,NA,0.0229525628287294,0.277815125238033,0.076313260165216,0.0457548073219744,"wvs_region6"
"happiness_mean","cluster5_gdp_ppp","region6",337,112,0.0790896030664827,0.286556398461416,0.304211841961277,0.0679942970793319,0.275779304782585,0.285061709171221,NA,NA,NA,0.0483725232831721,0.255839318678105,0.159009336951878,0.135543812062025,"wvs_region6"
"satisfied_mean","cluster5_gdp_ppp","region6",337,112,0.205499557316533,0.406708357190444,0.469312444137466,0.195927262826371,0.397746247782445,0.454706364618314,NA,NA,NA,0.134051822131778,0.335260622005688,0.285634493195993,0.27807767752989,"wvs_region6"
"satisfied","cluster5_gdp_ppp","region6",337,112,0.295666505708718,0.403239204805122,0.508694837503351,0.287180559994366,0.394224691282541,0.495172677067664,NA,NA,NA,0.200561069203474,0.308133768299877,0.394265981128917,0.391912320443371,"wvs_region6"
"happiness_layard","cluster5_gdp_ppp","region6",335,112,0.277698506036476,0.381174699016493,0.475264846304763,0.268943336412676,0.371770059183917,0.460733718971664,NA,NA,NA,0.185894326662373,0.28937051964239,0.391138389695181,0.388409814023656,"wvs_region6"
"happy","cluster6_gdp_ppp","region6",337,112,0.19703998993264,0.272731735733475,0.343372300283247,0.184910684644614,0.261745810291383,0.323230346304205,NA,NA,NA,0.133840277241206,0.209532023042041,0.389781811552072,0.381144938083171,"wvs_region6"
"very_happy","cluster6_gdp_ppp","region6",337,112,0.0361025056074484,0.283408504602633,0.312258777972674,0.0215421204957784,0.272583859657053,0.291162421468768,NA,NA,NA,0.0324763894887447,0.279782388483929,0.104004728704814,0.0688974251984589,"wvs_region6"
"very_unhappy","cluster6_gdp_ppp","region6",337,112,0.131812120511986,0.203761069710294,0.261447844171093,0.118697499975913,0.191733291307126,0.238792870065912,NA,NA,NA,0.0947494474863924,0.1666983966847,0.362402863893526,0.347072922840926,"wvs_region6"
"very_happy_minus_very_unhappy","cluster6_gdp_ppp","region6",337,112,0.0412197362913057,0.289471979216322,0.315937322907176,0.0267366507367938,0.278738927542853,0.294953805204942,NA,NA,NA,0.0338425399910796,0.282094782916096,0.107117891864339,0.0728106022721744,"wvs_region6"
"happiness_mean","cluster6_gdp_ppp","region6",337,112,0.0905703148840139,0.286556398461416,0.321391132827902,0.0768327063475186,0.275779304782585,0.300574909908513,NA,NA,NA,0.06270252462525,0.258688608202652,0.195097245134096,0.169056544846639,"wvs_region6"
"satisfied_mean","cluster6_gdp_ppp","region6",337,112,0.222672438587151,0.406708357190444,0.472918069661485,0.21093033040871,0.397746247782445,0.456749912289138,NA,NA,NA,0.144441075529096,0.328476994132389,0.305425156692547,0.295494304052023,"wvs_region6"
"satisfied","cluster6_gdp_ppp","region6",337,112,0.315911998061694,0.403239204805122,0.517420357422278,0.30557834244329,0.394224691282541,0.502617300901489,NA,NA,NA,0.215046575339425,0.302373782082853,0.415612900139374,0.411815263143294,"wvs_region6"
"happiness_layard","cluster6_gdp_ppp","region6",335,112,0.296239976843046,0.381174699016493,0.487878538526628,0.285544535761634,0.371770059183917,0.472072320579919,NA,NA,NA,0.201471908176591,0.286406630350038,0.41295505390548,0.408673396359736,"wvs_region6"
"happy","cluster7_gdp_ppp","region6",337,112,0.204736605965875,0.272731735733475,0.344528601402052,0.190277271528891,0.261745810291383,0.322343415603353,NA,NA,NA,0.138266735817226,0.206261865584826,0.401321502059778,0.389142238831342,"wvs_region6"
"very_happy","cluster7_gdp_ppp","region6",337,112,0.0445576732882007,0.283408504602633,0.316551621418442,0.0271859946207135,0.272583859657053,0.293419522451066,NA,NA,NA,0.0388503950520048,0.277701226366437,0.122730045980872,0.0818310537308141,"wvs_region6"
"very_unhappy","cluster7_gdp_ppp","region6",337,112,0.132568043269867,0.203761069710294,0.260797533333363,0.116796553147501,0.191733291307126,0.235778372923108,NA,NA,NA,0.0948022534464686,0.165995279886895,0.363509011127371,0.341086488912062,"wvs_region6"
"very_happy_minus_very_unhappy","cluster7_gdp_ppp","region6",337,112,0.0492895218336128,0.289471979216322,0.319971890472115,0.0320038767760421,0.278738927542853,0.296955554457325,NA,NA,NA,0.0398947165447026,0.280077173927412,0.124681941547548,0.0845589566126995,"wvs_region6"
"happiness_mean","cluster7_gdp_ppp","region6",337,112,0.0998535688413229,0.286556398461416,0.324463101315077,0.0834872700929833,0.275779304782585,0.301598775513433,NA,NA,NA,0.0688801358474919,0.255582965467585,0.212289581059648,0.181212176073578,"wvs_region6"
"satisfied_mean","cluster7_gdp_ppp","region6",337,112,0.231221459018193,0.406708357190444,0.476149785149381,0.217243667363979,0.397746247782445,0.458419470185206,NA,NA,NA,0.150331443488565,0.325818341660816,0.315723010231753,0.303125093764515,"wvs_region6"
"satisfied","cluster7_gdp_ppp","region6",337,112,0.322957699429091,0.403239204805122,0.51941998540319,0.310647839418711,0.394224691282541,0.50315420029376,NA,NA,NA,0.219569240013579,0.299850745389611,0.422720045789426,0.416947079230348,"wvs_region6"
"happiness_layard","cluster7_gdp_ppp","region6",335,112,0.304688579518637,0.381174699016493,0.489744537000113,0.291969468168368,0.371770059183917,0.472367415969158,NA,NA,NA,0.206629208751128,0.283115328248985,0.421912227988937,0.415531228109985,"wvs_region6"
"happy","cluster7_gdp","region6",337,112,0.232540255324294,0.272731735733475,0.340921700298339,0.218586441784735,0.261745810291383,0.318614434769975,NA,NA,NA,0.150365109944579,0.19055659035376,0.441054675642515,0.43227022413814,"wvs_region6"
"very_happy","cluster7_gdp","region6",337,112,0.0422289030119114,0.283408504602633,0.312811617270642,0.0248148830666735,0.272583859657053,0.289552933547494,NA,NA,NA,0.0358160078399601,0.276995609430682,0.11449705146012,0.0721525360582484,"wvs_region6"
"very_unhappy","cluster7_gdp","region6",337,112,0.144782035065899,0.203761069710294,0.263314814722216,0.129232617521643,0.191733291307126,0.238380854605122,NA,NA,NA,0.102167890038911,0.161146924683305,0.388006615376703,0.368905844202515,"wvs_region6"
"very_happy_minus_very_unhappy","cluster7_gdp","region6",337,112,0.0521197631629318,0.289471979216322,0.313436729932432,0.0348855770386215,0.278738927542853,0.290199203868607,NA,NA,NA,0.0380422569395208,0.275394472992911,0.121371407070644,0.0798517927453713,"wvs_region6"
"happiness_mean","cluster7_gdp","region6",337,112,0.111826084454314,0.286556398461416,0.310119248655412,0.0956774678080283,0.275779304782585,0.286769438609903,NA,NA,NA,0.0676944673241549,0.242424781331257,0.218285280960981,0.185981466770676,"wvs_region6"
"satisfied_mean","cluster7_gdp","region6",337,112,0.289480656438607,0.406708357190444,0.492123370104159,0.276562122919309,0.397746247782445,0.474933699553838,NA,NA,NA,0.187447834676161,0.304675535427998,0.380896023361961,0.372419955693838,"wvs_region6"
"satisfied","cluster7_gdp","region6",337,112,0.381162699729538,0.403239204805122,0.53241838862204,0.369911112451893,0.394224691282541,0.516592549467709,NA,NA,NA,0.255170941773228,0.277247446848812,0.479267709805515,0.47646735434367,"wvs_region6"
"happiness_layard","cluster7_gdp","region6",335,112,0.351165329458363,0.381174699016493,0.493680357760912,0.339296402558211,0.371770059183917,0.476437273969488,NA,NA,NA,0.231835494101391,0.261844863659521,0.469606478071927,0.465920323198951,"wvs_region6"
"happy","log_gdp_ppp","region_wb",337,112,0.145169361170421,0.110464596753311,0.249845704714317,0.142617627920183,0.0942912257851898,0.233884975027388,NA,NA,NA,0.142275234565714,0.107570470148604,0.569452393541831,0.603312327201298,"wvs_region_wb"
"very_happy","log_gdp_ppp","region_wb",337,112,5.44338257046917e-05,0.229937197050592,0.249881476400108,-0.00293047831212911,0.215936055178784,0.233921507812877,NA,NA,NA,0.00999935658761075,0.239882119812498,0.0400163979005785,0.0321795427507385,"wvs_region_wb"
"very_unhappy","log_gdp_ppp","region_wb",337,112,0.0719783184105132,0.157558035273616,0.192980813110488,0.0692081044356192,0.142240908642227,0.175810192112838,NA,NA,NA,0.0537005481236925,0.139280264986795,0.278268845789075,0.292296443883829,"wvs_region_wb"
"very_happy_minus_very_unhappy","log_gdp_ppp","region_wb",337,112,0.00383931169707052,0.223099421810646,0.250855392591961,0.000865697702136292,0.208973956752658,0.234916145625832,NA,NA,NA,0.0157976412391928,0.235057751352768,0.0629750912506358,0.0570584165338938,"wvs_region_wb"
"happiness_mean","log_gdp_ppp","region_wb",337,112,0.0454464685024525,0.152658778741434,0.228368785143095,0.0425970549755942,0.137252574718551,0.211951099720608,NA,NA,NA,0.0605782374520569,0.167790547691038,0.265264963484824,0.276704343908263,"wvs_region_wb"
"satisfied_mean","log_gdp_ppp","region_wb",337,112,0.234101696128982,0.23059132464776,0.417947185908973,0.231815432535337,0.216602076004992,0.405563083481505,NA,NA,NA,0.210728778695098,0.207218407213876,0.504199539558554,0.518755844836453,"wvs_region_wb"
"satisfied","log_gdp_ppp","region_wb",337,112,0.317239571532451,0.205132715083376,0.456213702975786,0.315201480701205,0.190680582630347,0.444643781762504,NA,NA,NA,0.28416027971243,0.172053423263355,0.622866603652878,0.640023208665232,"wvs_region_wb"
"happiness_layard","log_gdp_ppp","region_wb",335,112,0.276064517490557,0.171386212278281,0.402584181342474,0.2738905370626,0.156228642990689,0.389795463511885,NA,NA,NA,0.253631243277375,0.148952938065099,0.630007971082235,0.650927736577319,"wvs_region_wb"
"happy","log_gdp","region_wb",337,112,0.196789188524132,0.110464596753311,0.284973445090375,0.194391544310772,0.0942912257851898,0.269760114134851,NA,NA,NA,0.185649018430598,0.0993244266597769,0.651460764604654,0.685535802515902,"wvs_region_wb"
"very_happy","log_gdp","region_wb",337,112,0.00378813613323614,0.229937197050592,0.256913843358598,0.000814369375424895,0.215936055178784,0.24110349960027,NA,NA,NA,0.0153823912206213,0.241531452137977,0.0598737343987754,0.0538810383092465,"wvs_region_wb"
"very_unhappy","log_gdp","region_wb",337,112,0.100729513585861,0.157558035273616,0.211818748922704,0.0980451240741774,0.142240908642227,0.195048935069996,NA,NA,NA,0.077495113617475,0.134323635305229,0.365855780055401,0.386705906514719,"wvs_region_wb"
"very_happy_minus_very_unhappy","log_gdp","region_wb",337,112,0.0146666108962844,0.223099421810646,0.261772432946471,0.0117253171974674,0.208973956752658,0.246065463434693,NA,NA,NA,0.0266698110160546,0.235102621930416,0.101881663840089,0.0991947898703375,"wvs_region_wb"
"happiness_mean","log_gdp","region_wb",337,112,0.0777566598851188,0.152658778741434,0.251435953785507,0.0750036946907461,0.137252574718551,0.235509059185198,NA,NA,NA,0.0882669174645958,0.163169036320911,0.351051296108169,0.367841856608042,"wvs_region_wb"
"satisfied_mean","log_gdp","region_wb",337,112,0.290284980164839,0.23059132464776,0.460719016258804,0.288166427866823,0.216602076004992,0.449244952774949,NA,NA,NA,0.260206335887941,0.200512680370863,0.564783147005534,0.579649589182677,"wvs_region_wb"
"satisfied","log_gdp","region_wb",337,112,0.379744116962979,0.205132715083376,0.499332733600432,0.377892606864361,0.190680582630347,0.488680238570654,NA,NA,NA,0.336972067740017,0.162360665860415,0.674844737917109,0.691548592983412,"wvs_region_wb"
"happiness_layard","log_gdp","region_wb",335,112,0.345196528867234,0.171386212278281,0.450030839128031,0.343230152077046,0.156228642990689,0.438257798987041,NA,NA,NA,0.311920577858492,0.138110261269539,0.693109339935152,0.713346470409174,"wvs_region_wb"
"happy","group_gdp_ppp","region_wb",337,112,0.206042208759224,0.110464596753311,0.298205317418173,0.194048888649847,0.0942912257851898,0.274452266623095,NA,NA,NA,0.196891464712043,0.10131385270613,0.660254707785583,0.681739549999152,"wvs_region_wb"
"very_happy","group_gdp_ppp","region_wb",337,112,0.0321883694306586,0.229937197050592,0.293795442925286,0.017568858394868,0.215936055178784,0.26989313483968,NA,NA,NA,0.0480233076526765,0.245772135272609,0.163458313629763,0.132507887053614,"wvs_region_wb"
"very_unhappy","group_gdp_ppp","region_wb",337,112,0.116729489907575,0.157558035273616,0.235986507441678,0.103387035072342,0.142240908642227,0.210127589232012,NA,NA,NA,0.0975789810378186,0.138407526403859,0.413493898849003,0.4075469487089,"wvs_region_wb"
"very_happy_minus_very_unhappy","group_gdp_ppp","region_wb",337,112,0.041563107459098,0.223099421810646,0.301937213368291,0.0270852087802324,0.208973956752658,0.27831047289768,NA,NA,NA,0.0602004495083718,0.24173676385992,0.199380688576938,0.173226907204286,"wvs_region_wb"
"happiness_mean","group_gdp_ppp","region_wb",337,112,0.097296300851772,0.152658778741434,0.281423343902009,0.0836602933117686,0.137252574718551,0.257102287849462,NA,NA,NA,0.113030433006174,0.168392910895836,0.401638440645956,0.395776342841878,"wvs_region_wb"
"satisfied_mean","group_gdp_ppp","region_wb",337,112,0.228334185981432,0.23059132464776,0.430431064146114,0.216677602688101,0.216602076004992,0.411153346317213,NA,NA,NA,0.214086962739893,0.216344101406221,0.497378048595534,0.500091847340883,"wvs_region_wb"
"satisfied","group_gdp_ppp","region_wb",337,112,0.32171747114752,0.205132715083376,0.46805716365534,0.311471511497181,0.190680582630347,0.45005294457906,NA,NA,NA,0.292320959859742,0.175736203795598,0.624541151291931,0.634196354364275,"wvs_region_wb"
"happiness_layard","group_gdp_ppp","region_wb",335,112,0.304869080558121,0.171386212278281,0.432592351451297,0.294304780870555,0.156228642990689,0.413268871160164,NA,NA,NA,0.283037609865568,0.149554741585728,0.654282510811877,0.667053639307803,"wvs_region_wb"
"happy","cluster5_gdp_ppp","region_wb",337,112,0.185782244793866,0.110464596753311,0.282507612103109,0.175972392321502,0.0942912257851898,0.260498643149216,NA,NA,NA,0.178912630071831,0.103594982031277,0.633301979864997,0.656778487497773,"wvs_region_wb"
"very_happy","cluster5_gdp_ppp","region_wb",337,112,0.0313898607769686,0.229937197050592,0.285353766225845,0.0197198590995826,0.215936055178784,0.263432102613141,NA,NA,NA,0.0434032149761112,0.241950551249734,0.152103178977352,0.127577288164929,"wvs_region_wb"
"very_unhappy","cluster5_gdp_ppp","region_wb",337,112,0.10507026270663,0.157558035273616,0.235042923847792,0.0942879767151433,0.142240908642227,0.211577982861528,NA,NA,NA,0.0912775756404031,0.143765348207389,0.388344282593728,0.386677878107791,"wvs_region_wb"
"very_happy_minus_very_unhappy","cluster5_gdp_ppp","region_wb",337,112,0.0346094168070186,0.223099421810646,0.287571229067965,0.0229782049613201,0.208973956752658,0.265717585787841,NA,NA,NA,0.0495406120321688,0.238030617035796,0.172272491211074,0.150012340658846,"wvs_region_wb"
"happiness_mean","cluster5_gdp_ppp","region_wb",337,112,0.0790896030664827,0.152658778741434,0.262607271675306,0.0679942970793319,0.137252574718551,0.239987862830991,NA,NA,NA,0.0945190480001775,0.168088223675129,0.359925478823157,0.355704624345954,"wvs_region_wb"
"satisfied_mean","cluster5_gdp_ppp","region_wb",337,112,0.205499557316533,0.23059132464776,0.418481219084678,0.195927262826371,0.216602076004992,0.400643219670097,NA,NA,NA,0.196694725876725,0.221786493207952,0.470020437970778,0.474197974452625,"wvs_region_wb"
"satisfied","cluster5_gdp_ppp","region_wb",337,112,0.295666505708718,0.205132715083376,0.457890121371405,0.287180559994366,0.190680582630347,0.44126098399016,NA,NA,NA,0.274211955998374,0.183678165373032,0.598859733372483,0.609345694345561,"wvs_region_wb"
"happiness_layard","cluster5_gdp_ppp","region_wb",335,112,0.277698506036476,0.171386212278281,0.417622868001218,0.268943336412676,0.156228642990689,0.399648265161749,NA,NA,NA,0.261967580879706,0.155655287121511,0.627282653685867,0.641017368580805,"wvs_region_wb"
"happy","cluster6_gdp_ppp","region_wb",337,112,0.19703998993264,0.110464596753311,0.294616612411195,0.184910684644614,0.0942912257851898,0.270742097754343,NA,NA,NA,0.190596002795262,0.104020609615933,0.646928906131227,0.667353838969009,"wvs_region_wb"
"very_happy","cluster6_gdp_ppp","region_wb",337,112,0.0361025056074484,0.229937197050592,0.301604747729891,0.0215421204957784,0.215936055178784,0.277966754576134,NA,NA,NA,0.053885028143374,0.247719719586517,0.178661073968345,0.150328804645301,"wvs_region_wb"
"very_unhappy","cluster6_gdp_ppp","region_wb",337,112,0.131812120511986,0.157558035273616,0.247864359015152,0.118697499975913,0.142240908642227,0.222407460397203,NA,NA,NA,0.111059222126761,0.136805136888391,0.448064508217464,0.447071450246617,"wvs_region_wb"
"very_happy_minus_very_unhappy","cluster6_gdp_ppp","region_wb",337,112,0.0412197362913057,0.223099421810646,0.302754359521088,0.0267366507367938,0.208973956752658,0.279155276304878,NA,NA,NA,0.0604373370008737,0.242317022520214,0.199624993332802,0.173591507156694,"wvs_region_wb"
"happiness_mean","cluster6_gdp_ppp","region_wb",337,112,0.0905703148840139,0.152658778741434,0.278937238258983,0.0768327063475186,0.137252574718551,0.254532037092364,NA,NA,NA,0.108424387200781,0.170512851058202,0.38870531549507,0.381311859478995,"wvs_region_wb"
"satisfied_mean","cluster6_gdp_ppp","region_wb",337,112,0.222672438587151,0.23059132464776,0.422988853488913,0.21093033040871,0.216602076004992,0.403459245453153,NA,NA,NA,0.207534983714152,0.215453869774761,0.49063936792271,0.492971104690001,"wvs_region_wb"
"satisfied","cluster6_gdp_ppp","region_wb",337,112,0.315911998061694,0.205132715083376,0.466211176862033,0.30557834244329,0.190680582630347,0.448144478232748,NA,NA,NA,0.288495229920175,0.177715946941858,0.618808051454224,0.628192765272978,"wvs_region_wb"
"happiness_layard","cluster6_gdp_ppp","region_wb",335,112,0.296239976843046,0.171386212278281,0.429713819501983,0.285544535761634,0.156228642990689,0.410292308711029,NA,NA,NA,0.277283792033374,0.152430027468609,0.645275482074866,0.657589954802227,"wvs_region_wb"
"happy","cluster7_gdp_ppp","region_wb",337,112,0.204736605965875,0.110464596753311,0.298301189396157,0.190277271528891,0.0942912257851898,0.272312344558978,NA,NA,NA,0.196286599304361,0.102014590091797,0.658014806114914,0.676242553195954,"wvs_region_wb"
"very_happy","cluster7_gdp_ppp","region_wb",337,112,0.0445576732882007,0.229937197050592,0.313001345562498,0.0271859946207135,0.215936055178784,0.287556950953702,NA,NA,NA,0.0638109109000535,0.249190434662444,0.203867848508377,0.171804037544444,"wvs_region_wb"
"very_unhappy","cluster7_gdp_ppp","region_wb",337,112,0.132568043269867,0.157558035273616,0.247063153426791,0.116796553147501,0.142240908642227,0.219176603553709,NA,NA,NA,0.111036580711521,0.13602657271527,0.449425902533149,0.441954672437265,"wvs_region_wb"
"very_happy_minus_very_unhappy","cluster7_gdp_ppp","region_wb",337,112,0.0492895218336128,0.223099421810646,0.312883240999523,0.0320038767760421,0.208973956752658,0.287434472147654,NA,NA,NA,0.0695366705112452,0.243346570488278,0.22224479102526,0.19215578310018,"wvs_region_wb"
"happiness_mean","cluster7_gdp_ppp","region_wb",337,112,0.0998535688413229,0.152658778741434,0.287503812399523,0.0834872700929833,0.137252574718551,0.261115064710617,NA,NA,NA,0.117349301249706,0.170154511149817,0.408166070113304,0.397046720216711,"wvs_region_wb"
"satisfied_mean","cluster7_gdp_ppp","region_wb",337,112,0.231221459018193,0.23059132464776,0.433677416348512,0.217243667363979,0.216602076004992,0.412702505842901,NA,NA,NA,0.217153775359473,0.216523640989039,0.500726501250329,0.50077730489869,"wvs_region_wb"
"satisfied","cluster7_gdp_ppp","region_wb",337,112,0.322957699429091,0.205132715083376,0.472618478480778,0.310647839418711,0.190680582630347,0.453085829535622,NA,NA,NA,0.295221731413246,0.177396747067532,0.624651267047853,0.632389107060931,"wvs_region_wb"
"happiness_layard","cluster7_gdp_ppp","region_wb",335,112,0.304688579518637,0.171386212278281,0.435766627938844,0.291969468168368,0.156228642990689,0.414739297303025,NA,NA,NA,0.2845344975896,0.151232130349244,0.652951555596248,0.663645965140484,"wvs_region_wb"
"happy","cluster7_gdp","region_wb",337,112,0.232540255324294,0.110464596753311,0.303611436136442,0.218586441784735,0.0942912257851898,0.277819267104458,NA,NA,NA,0.212843547353712,0.0907678887827297,0.701039295693925,0.723697976916791,"wvs_region_wb"
"very_happy","cluster7_gdp","region_wb",337,112,0.0422289030119114,0.229937197050592,0.309748832383669,0.0248148830666735,0.215936055178784,0.284183974323805,NA,NA,NA,0.0610202691724944,0.248728563211175,0.196999190288833,0.163736893385931,"wvs_region_wb"
"very_unhappy","cluster7_gdp","region_wb",337,112,0.144782035065899,0.157558035273616,0.244409026977967,0.129232617521643,0.142240908642227,0.216424176125299,NA,NA,NA,0.115816513385125,0.128592513592842,0.473863485392321,0.469947231974091,"wvs_region_wb"
"very_happy_minus_very_unhappy","cluster7_gdp","region_wb",337,112,0.0521197631629318,0.223099421810646,0.306937631525216,0.0348855770386215,0.208973956752658,0.281268654915038,NA,NA,NA,0.0679789864387508,0.238958645086465,0.221474916910493,0.190530073877905,"wvs_region_wb"
"happiness_mean","cluster7_gdp","region_wb",337,112,0.111826084454314,0.152658778741434,0.278858923631321,0.0956774678080283,0.137252574718551,0.252149994876925,NA,NA,NA,0.1190131146721,0.159845808959221,0.426786107908267,0.417558778990228,"wvs_region_wb"
"satisfied_mean","cluster7_gdp","region_wb",337,112,0.289480656438607,0.23059132464776,0.457261644913337,0.276562122919309,0.216602076004992,0.437160224354572,NA,NA,NA,0.258075488352092,0.199186156561245,0.564393474114812,0.568579028436133,"wvs_region_wb"
"satisfied","cluster7_gdp","region_wb",337,112,0.381162699729538,0.205132715083376,0.496129970887157,0.369911112451893,0.190680582630347,0.477468117957051,NA,NA,NA,0.336079977766659,0.160049993120498,0.67740309493034,0.687688479168434,"wvs_region_wb"
"happiness_layard","cluster7_gdp","region_wb",335,112,0.351165329458363,0.171386212278281,0.449535399904127,0.339296402558211,0.156228642990689,0.429021191204902,NA,NA,NA,0.314657258542105,0.134878141362023,0.699961023334785,0.713355148091145,"wvs_region_wb"
"happy","log_gdp_ppp","region_continent",337,112,0.145169361170421,0.0812833029878788,0.265682425367484,0.142617627920183,0.0702144271202629,0.254590014874546,NA,NA,NA,0.164784241775013,0.100898183592471,0.620230117016918,0.642195680446459,"wvs_region_continent"
"very_happy","log_gdp_ppp","region_continent",337,112,5.44338257046917e-05,0.230495298133426,0.248526670829817,-0.00293047831212911,0.221224157147082,0.237175109966219,NA,NA,NA,0.00904290326104779,0.239483767568769,0.0363860475451348,0.0274490744599268,"wvs_region_continent"
"very_unhappy","log_gdp_ppp","region_continent",337,112,0.0719783184105132,0.0982746633092648,0.137505697665149,0.0692081044356192,0.0874105026262438,0.124477082826254,NA,NA,NA,0.0556046763831987,0.0819010212819504,0.404380889863968,0.426884540602419,"wvs_region_continent"
"very_happy_minus_very_unhappy","log_gdp_ppp","region_continent",337,112,0.00383931169707052,0.214568100951463,0.24092518324933,0.000865697702136292,0.205105066023167,0.22945879628935,NA,NA,NA,0.015098196997469,0.225826986251861,0.0626675750282364,0.0549541538092041,"wvs_region_continent"
"happiness_mean","log_gdp_ppp","region_continent",337,112,0.0454464685024525,0.152521641490756,0.241422847631241,0.0425970549755942,0.142311058858114,0.229963978260111,NA,NA,NA,0.0671738373214688,0.174249010309772,0.278241425699994,0.283196471384458,"wvs_region_continent"
"satisfied_mean","log_gdp_ppp","region_continent",337,112,0.234101696128982,0.2355120992849,0.399959020681785,0.231815432535337,0.226301401685923,0.39089495755009,NA,NA,NA,0.199274308762933,0.200684711918851,0.498236815419848,0.507053085161258,"wvs_region_continent"
"satisfied","log_gdp_ppp","region_continent",337,112,0.317239571532451,0.185635473053876,0.427376309784641,0.315201480701205,0.175823852247296,0.418726405098608,NA,NA,NA,0.279490204131608,0.147886105653033,0.653967470196104,0.666430426594527,"wvs_region_continent"
"happiness_layard","log_gdp_ppp","region_continent",335,112,0.276064517490557,0.13543268887166,0.385952226451967,0.2738905370626,0.124953085100408,0.376620193419323,NA,NA,NA,0.263292027535432,0.122660198916536,0.682188129748227,0.697728978111867,"wvs_region_continent"
"happy","log_gdp","region_continent",337,112,0.196789188524132,0.0812833029878788,0.306514892440004,0.194391544310772,0.0702144271202629,0.296039286585624,NA,NA,NA,0.211010388988129,0.0955045034518753,0.688418064480932,0.709730807391662,"wvs_region_continent"
"very_happy","log_gdp","region_continent",337,112,0.00378813613323614,0.230495298133426,0.254782772328226,0.000814369375424895,0.221224157147082,0.243525714508411,NA,NA,NA,0.0140378051640183,0.240744967164208,0.0550971521180165,0.0474609566045557,"wvs_region_continent"
"very_unhappy","log_gdp","region_continent",337,112,0.100729513585861,0.0982746633092648,0.158339433009182,0.0980451240741774,0.0874105026262438,0.145625527163399,NA,NA,NA,0.0803971416428893,0.0779422913662927,0.507751860133459,0.536513589530224,"wvs_region_continent"
"very_happy_minus_very_unhappy","log_gdp","region_continent",337,112,0.0146666108962844,0.214568100951463,0.251260570744633,0.0117253171974674,0.205105066023167,0.23995030746283,NA,NA,NA,0.0256795403447274,0.225581030399906,0.10220282580997,0.0970420899426113,"wvs_region_continent"
"happiness_mean","log_gdp","region_continent",337,112,0.0777566598851188,0.152521641490756,0.266168213037162,0.0750036946907461,0.142311058858114,0.255083140726545,NA,NA,NA,0.0957016157157626,0.170466597321399,0.359553136055359,0.36806779159207,"wvs_region_continent"
"satisfied_mean","log_gdp","region_continent",337,112,0.290284980164839,0.2355120992849,0.436103515726309,0.288166427866823,0.226301401685923,0.427585441945739,NA,NA,NA,0.245438198303124,0.190665317423185,0.562798027193976,0.572342297131752,"wvs_region_continent"
"satisfied","log_gdp","region_continent",337,112,0.379744116962979,0.185635473053876,0.471244990773499,0.377892606864361,0.175823852247296,0.463257754984579,NA,NA,NA,0.332676817341301,0.138568173432198,0.705953005028758,0.718095382584357,"wvs_region_continent"
"happiness_layard","log_gdp","region_continent",335,112,0.345196528867234,0.13543268887166,0.436667768834143,0.343230152077046,0.124953085100408,0.42810648872524,NA,NA,NA,0.323215804414859,0.113451964419285,0.740186996804941,0.754933144819406,"wvs_region_continent"
"happy","group_gdp_ppp","region_continent",337,112,0.206042208759224,0.0812833029878788,0.32930302427517,0.194048888649847,0.0702144271202629,0.310843474484578,NA,NA,NA,0.227030965023258,0.102272059251912,0.689428727607274,0.699191026504447,"wvs_region_continent"
"very_happy","group_gdp_ppp","region_continent",337,112,0.0321883694306586,0.230495298133426,0.300881795453544,0.017568858394868,0.221224157147082,0.281640010007312,NA,NA,NA,0.0512874333753885,0.249594362078156,0.170457083646681,0.138447501214535,"wvs_region_continent"
"very_unhappy","group_gdp_ppp","region_continent",337,112,0.116729489907575,0.0982746633092648,0.19675122747719,0.103387035072342,0.0874105026262438,0.174643463095828,NA,NA,NA,0.10760302703775,0.0891482004394398,0.546898885549392,0.545740424986109,"wvs_region_continent"
"very_happy_minus_very_unhappy","group_gdp_ppp","region_continent",337,112,0.041563107459098,0.214568100951463,0.304013053080383,0.0270852087802324,0.205105066023167,0.284857449036723,NA,NA,NA,0.065504029794009,0.238509023286374,0.215464530651878,0.187528169186152,"wvs_region_continent"
"happiness_mean","group_gdp_ppp","region_continent",337,112,0.097296300851772,0.152521641490756,0.3119652225173,0.0836602933117686,0.142311058858114,0.293028485522363,NA,NA,NA,0.128369940939158,0.183595281578142,0.411487985434144,0.399923098872466,"wvs_region_continent"
"satisfied_mean","group_gdp_ppp","region_continent",337,112,0.228334185981432,0.2355120992849,0.412321612257678,0.216677602688101,0.226301401685923,0.39614697773266,NA,NA,NA,0.202571849477105,0.209749762780573,0.491295734821946,0.487853246978048,"wvs_region_continent"
"satisfied","group_gdp_ppp","region_continent",337,112,0.32171747114752,0.185635473053876,0.447153695022462,0.311471511497181,0.175823852247296,0.431937741674457,NA,NA,NA,0.291617846558053,0.155535848464409,0.652164680297239,0.657022235107345,"wvs_region_continent"
"happiness_layard","group_gdp_ppp","region_continent",335,112,0.304869080558121,0.13543268887166,0.428241813260964,0.294304780870555,0.124953085100408,0.412408509628191,NA,NA,NA,0.298839102473713,0.129402710787252,0.697827940242735,0.705320321739756,"wvs_region_continent"
"happy","cluster5_gdp_ppp","region_continent",337,112,0.185782244793866,0.0812833029878788,0.308965143501689,0.175972392321502,0.0702144271202629,0.292110634806608,NA,NA,NA,0.206732042653838,0.102233100847851,0.669111215300271,0.681023818717275,"wvs_region_continent"
"very_happy","cluster5_gdp_ppp","region_continent",337,112,0.0313898607769686,0.230495298133426,0.288072282632503,0.0197198590995826,0.221224157147082,0.270708191965003,NA,NA,NA,0.0444834226380226,0.24358885999448,0.154417572671407,0.127820095533811,"wvs_region_continent"
"very_unhappy","cluster5_gdp_ppp","region_continent",337,112,0.10507026270663,0.0982746633092648,0.192796072485736,0.0942879767151433,0.0874105026262438,0.173108171814656,NA,NA,NA,0.0997958359415503,0.0930002365441855,0.517623801433682,0.519864671947039,"wvs_region_continent"
"very_happy_minus_very_unhappy","cluster5_gdp_ppp","region_continent",337,112,0.0346094168070186,0.214568100951463,0.286341048081493,0.0229782049613201,0.205105066023167,0.268934732181042,NA,NA,NA,0.0531911819685245,0.233149866112969,0.185761637477091,0.16139207906541,"wvs_region_continent"
"happiness_mean","cluster5_gdp_ppp","region_continent",337,112,0.0790896030664827,0.152521641490756,0.288579802739866,0.0679942970793319,0.142311058858114,0.27122809061157,NA,NA,NA,0.107573882157797,0.181005920582069,0.372769962195749,0.362999511571218,"wvs_region_continent"
"satisfied_mean","cluster5_gdp_ppp","region_continent",337,112,0.205499557316533,0.2355120992849,0.396404908669081,0.195927262826371,0.226301401685923,0.381683077173205,NA,NA,NA,0.183196183350357,0.213208725318724,0.462144083849601,0.460210262550142,"wvs_region_continent"
"satisfied","cluster5_gdp_ppp","region_continent",337,112,0.295666505708718,0.185635473053876,0.42989201345853,0.287180559994366,0.175823852247296,0.415986940616055,NA,NA,NA,0.269961523056686,0.159930490401844,0.627975199829406,0.633846398617894,"wvs_region_continent"
"happiness_layard","cluster5_gdp_ppp","region_continent",335,112,0.277698506036476,0.13543268887166,0.406172588758551,0.268943336412676,0.124953085100408,0.391600136948945,NA,NA,NA,0.274219202961683,0.131953385796868,0.675129761463772,0.68384857119067,"wvs_region_continent"
"happy","cluster6_gdp_ppp","region_continent",337,112,0.19703998993264,0.0812833029878788,0.322206530169978,0.184910684644614,0.0702144271202629,0.303551664027868,NA,NA,NA,0.21898160855737,0.103224921612608,0.679631193203463,0.688923783191353,"wvs_region_continent"
"very_happy","cluster6_gdp_ppp","region_continent",337,112,0.0361025056074484,0.230495298133426,0.297220925028745,0.0215421204957784,0.221224157147082,0.277878381680912,NA,NA,NA,0.0514140662513837,0.245806858777361,0.172982660108508,0.140702462272509,"wvs_region_continent"
"very_unhappy","cluster6_gdp_ppp","region_continent",337,112,0.131812120511986,0.0982746633092648,0.211785591623853,0.118697499975913,0.0874105026262438,0.19009161708139,NA,NA,NA,0.122661524413287,0.0891240672105662,0.579177853756656,0.582294521531355,"wvs_region_continent"
"very_happy_minus_very_unhappy","cluster6_gdp_ppp","region_continent",337,112,0.0412197362913057,0.214568100951463,0.296689757548505,0.0267366507367938,0.205105066023167,0.277332594912225,NA,NA,NA,0.061670696444174,0.235019061104331,0.207862573193453,0.178421471982357,"wvs_region_continent"
"happiness_mean","cluster6_gdp_ppp","region_continent",337,112,0.0905703148840139,0.152521641490756,0.302971533957784,0.0768327063475186,0.142311058858114,0.2837872642502,NA,NA,NA,0.120510103675521,0.182461430282263,0.397760482977629,0.384634793806556,"wvs_region_continent"
"satisfied_mean","cluster6_gdp_ppp","region_continent",337,112,0.222672438587151,0.2355120992849,0.401301413867185,0.21093033040871,0.226301401685923,0.384823471129585,NA,NA,NA,0.194230876584718,0.207070537282467,0.484002472637689,0.480028412466508,"wvs_region_continent"
"satisfied","cluster6_gdp_ppp","region_continent",337,112,0.315911998061694,0.185635473053876,0.440199361419567,0.30557834244329,0.175823852247296,0.424792004394417,NA,NA,NA,0.285237943213692,0.154961418205875,0.647974459330993,0.652727086260689,"wvs_region_continent"
"happiness_layard","cluster6_gdp_ppp","region_continent",335,112,0.296239976843046,0.13543268887166,0.420526070176988,0.285544535761634,0.124953085100408,0.404479099812658,NA,NA,NA,0.290666679074187,0.129859391102801,0.691197763201348,0.698516376662734,"wvs_region_continent"
"happy","cluster7_gdp_ppp","region_continent",337,112,0.204736605965875,0.0812833029878788,0.326571024797794,0.190277271528891,0.0702144271202629,0.305913694270118,NA,NA,NA,0.225012163887895,0.101558860909899,0.689014477102548,0.696236465803021,"wvs_region_continent"
"very_happy","cluster7_gdp_ppp","region_continent",337,112,0.0445576732882007,0.230495298133426,0.308604291920443,0.0271859946207135,0.221224157147082,0.287395834617389,NA,NA,NA,0.0613333335376087,0.247270958382834,0.198744266179617,0.162420015960405,"wvs_region_continent"
"very_unhappy","cluster7_gdp_ppp","region_continent",337,112,0.132568043269867,0.0982746633092648,0.213026547822842,0.116796553147501,0.0874105026262438,0.188886257878758,NA,NA,NA,0.123659963891722,0.0893665839311199,0.580490859733412,0.577787687816124,"wvs_region_continent"
"very_happy_minus_very_unhappy","cluster7_gdp_ppp","region_continent",337,112,0.0492895218336128,0.214568100951463,0.307625291506501,0.0320038767760421,0.205105066023167,0.286386803515903,NA,NA,NA,0.0711733561943254,0.236451935312175,0.23136379926948,0.197784277903167,"wvs_region_continent"
"happiness_mean","cluster7_gdp_ppp","region_continent",337,112,0.0998535688413229,0.152521641490756,0.3125774820729,0.0834872700929833,0.142311058858114,0.291490901768388,NA,NA,NA,0.129954704711734,0.182622777361166,0.41575197243871,0.399098413692735,"wvs_region_continent"
"satisfied_mean","cluster7_gdp_ppp","region_continent",337,112,0.231221459018193,0.2355120992849,0.413814604245153,0.217243667363979,0.226301401685923,0.395833457136109,NA,NA,NA,0.204761981989223,0.20905262225593,0.494815745719592,0.488558654961258,"wvs_region_continent"
"satisfied","cluster7_gdp_ppp","region_continent",337,112,0.322957699429091,0.185635473053876,0.449665126815993,0.310647839418711,0.175823852247296,0.432783688988263,NA,NA,NA,0.293493676595604,0.156171450220389,0.652693880607967,0.655763711297205,"wvs_region_continent"
"happiness_layard","cluster7_gdp_ppp","region_continent",335,112,0.304688579518637,0.13543268887166,0.429221100865974,0.291969468168368,0.124953085100408,0.411604468176652,NA,NA,NA,0.299238495756475,0.129982605109499,0.697166320930512,0.702884560276785,"wvs_region_continent"
"happy","cluster7_gdp","region_continent",337,112,0.232540255324294,0.0812833029878788,0.335343482355964,0.218586441784735,0.0702144271202629,0.314955245618417,NA,NA,NA,0.24330021734619,0.0920432650097746,0.725525409460407,0.735544599952833,"wvs_region_continent"
"very_happy","cluster7_gdp","region_continent",337,112,0.0422289030119114,0.230495298133426,0.305023690034186,0.0248148830666735,0.221224157147082,0.283705398317443,NA,NA,NA,0.0583786474563357,0.24664504257785,0.191390535763936,0.153849952723419,"wvs_region_continent"
"very_unhappy","cluster7_gdp","region_continent",337,112,0.144782035065899,0.0982746633092648,0.208719118251571,0.129232617521643,0.0874105026262438,0.184446698566036,NA,NA,NA,0.127613245004102,0.0811058732474682,0.611411384223506,0.613371817496711,"wvs_region_continent"
"very_happy_minus_very_unhappy","cluster7_gdp","region_continent",337,112,0.0521197631629318,0.214568100951463,0.30077204773197,0.0348855770386215,0.205105066023167,0.279323337539699,NA,NA,NA,0.0691618549717197,0.231610192760251,0.22994774778191,0.195300273718889,"wvs_region_continent"
"happiness_mean","cluster7_gdp","region_continent",337,112,0.111826084454314,0.152521641490756,0.30451079216515,0.0956774678080283,0.142311058858114,0.28317676738494,NA,NA,NA,0.131907617564354,0.172603174600796,0.433178793521428,0.417659927612116,"wvs_region_continent"
"satisfied_mean","cluster7_gdp","region_continent",337,112,0.289480656438607,0.2355120992849,0.433460896300138,0.276562122919309,0.226301401685923,0.416082396186645,NA,NA,NA,0.243714726726922,0.189746169573215,0.562253086281096,0.560397557904421,"wvs_region_continent"
"satisfied","cluster7_gdp","region_continent",337,112,0.381162699729538,0.185635473053876,0.472851255773721,0.369911112451893,0.175823852247296,0.456681048895614,NA,NA,NA,0.334189241224691,0.138662014549029,0.706753418002161,0.712497607108895,"wvs_region_continent"
"happiness_layard","cluster7_gdp","region_continent",335,112,0.351165329458363,0.13543268887166,0.444483753758407,0.339296402558211,0.124953085100408,0.427338190602802,NA,NA,NA,0.330108197172555,0.114375556585852,0.74267775679374,0.750788862511272,"wvs_region_continent"
"happy","log_gdp_ppp","region_un_sub",337,112,0.145169361170421,0.303123657920334,0.419516259362829,0.142617627920183,0.275076003285548,0.394277835856865,NA,NA,NA,0.130780981306458,0.288735278056371,0.311742342251743,0.332024066129029,"wvs_region_un_sub"
"very_happy","log_gdp_ppp","region_un_sub",337,112,5.44338257046917e-05,0.456460414370594,0.487960879057409,-0.00293047831212911,0.434584208137831,0.465698308581645,NA,NA,NA,0.0157774492562601,0.472183429801149,0.032333430677347,0.0302595281240353,"wvs_region_un_sub"
"very_unhappy","log_gdp_ppp","region_un_sub",337,112,0.0719783184105132,0.225173367498624,0.247572612988394,0.0692081044356192,0.193988394673491,0.214858378770498,NA,NA,NA,0.0471887819501417,0.200383831038253,0.190605824208649,0.209622005546369,"wvs_region_un_sub"
"very_happy_minus_very_unhappy","log_gdp_ppp","region_un_sub",337,112,0.00383931169707052,0.449432918212944,0.486095879053491,0.000865697702136292,0.427273871577552,0.463752221621034,NA,NA,NA,0.0202511362688086,0.465844742784682,0.0416607857450694,0.0402629313721489,"wvs_region_un_sub"
"happiness_mean","log_gdp_ppp","region_un_sub",337,112,0.0454464685024525,0.390428755488351,0.466601427985461,0.0425970549755942,0.365894928309864,0.443410185723959,NA,NA,NA,0.0608095704997812,0.40579185748568,0.130324441488156,0.135441535012983,"wvs_region_un_sub"
"satisfied_mean","log_gdp_ppp","region_un_sub",337,112,0.234101696128982,0.407095828771407,0.544639389065042,0.231815432535337,0.383232812591928,0.524841101633087,NA,NA,NA,0.185822628211308,0.358816760853733,0.34118470302029,0.35574931194847,"wvs_region_un_sub"
"satisfied","log_gdp_ppp","region_un_sub",337,112,0.317239571532451,0.376188201793325,0.559415509496974,0.315201480701205,0.351081225394914,0.540259662083799,NA,NA,NA,0.25023343961805,0.309182069878924,0.447312302519213,0.466793981476129,"wvs_region_un_sub"
"happiness_layard","log_gdp_ppp","region_un_sub",335,112,0.276064517490557,0.368369711127768,0.544383110427486,0.2738905370626,0.342789668276245,0.524449871508689,NA,NA,NA,0.226038958395137,0.318344152032349,0.415220373419808,0.434312948713819,"wvs_region_un_sub"
"happy","log_gdp","region_un_sub",337,112,0.196789188524132,0.303123657920334,0.441011430268622,0.194391544310772,0.275076003285548,0.416707579410736,NA,NA,NA,0.16733848043621,0.273672949832411,0.379442501828771,0.403188155242014,"wvs_region_un_sub"
"very_happy","log_gdp","region_un_sub",337,112,0.00378813613323614,0.456460414370594,0.491096787035816,0.000814369375424895,0.434584208137831,0.468970560385199,NA,NA,NA,0.0192122543992292,0.471884532636587,0.0391211160537037,0.0375297775556316,"wvs_region_un_sub"
"very_unhappy","log_gdp","region_un_sub",337,112,0.100729513585861,0.225173367498624,0.257930993896631,0.0980451240741774,0.193988394673491,0.225667124066049,NA,NA,NA,0.066743569991934,0.191187423904697,0.258765218493604,0.287423021859328,"wvs_region_un_sub"
"very_happy_minus_very_unhappy","log_gdp","region_un_sub",337,112,0.0146666108962844,0.449432918212944,0.491760698787297,0.0117253171974674,0.427273871577552,0.469663337865006,NA,NA,NA,0.0284971957353189,0.463263503051978,0.0579493151965869,0.0576101849155574,"wvs_region_un_sub"
"happiness_mean","log_gdp","region_un_sub",337,112,0.0777566598851188,0.390428755488351,0.479667514853823,0.0750036946907461,0.365894928309864,0.457044363325729,NA,NA,NA,0.0834977096252955,0.396169805228528,0.174074138939221,0.181769148729438,"wvs_region_un_sub"
"satisfied_mean","log_gdp","region_un_sub",337,112,0.290284980164839,0.407095828771407,0.575525697520962,0.288166427866823,0.383232812591928,0.557070293065352,NA,NA,NA,0.229357424457197,0.346168273063765,0.398518129503406,0.414672900432376,"wvs_region_un_sub"
"satisfied","log_gdp","region_un_sub",337,112,0.379744116962979,0.376188201793325,0.590401575843155,0.377892606864361,0.351081225394914,0.572592948705901,NA,NA,NA,0.296978745506404,0.293422830336751,0.503011437735896,0.523412252569685,"wvs_region_un_sub"
"happiness_layard","log_gdp","region_un_sub",335,112,0.345196528867234,0.368369711127768,0.576033083340371,0.343230152077046,0.342789668276245,0.557484530736513,NA,NA,NA,0.276429950539919,0.299603132800453,0.479885545699776,0.500395063698197,"wvs_region_un_sub"
"happy","group_gdp_ppp","region_un_sub",337,112,0.206042208759224,0.303123657920334,0.445832649142954,0.194048888649847,0.275076003285548,0.414464685886895,NA,NA,NA,0.174375599990922,0.271457049152032,0.391123441331928,0.402250882409541,"wvs_region_un_sub"
"very_happy","group_gdp_ppp","region_un_sub",337,112,0.0321883694306586,0.456460414370594,0.493105704627583,0.017568858394868,0.434584208137831,0.464413574700843,NA,NA,NA,0.0344168298438239,0.458688874783759,0.0697960488407189,0.0510301889737086,"wvs_region_un_sub"
"very_unhappy","group_gdp_ppp","region_un_sub",337,112,0.116729489907575,0.225173367498624,0.272124589353031,0.103387035072342,0.193988394673491,0.230924094410749,NA,NA,NA,0.0818403558809908,0.19028423347204,0.300745904938485,0.30382870000565,"wvs_region_un_sub"
"very_happy_minus_very_unhappy","group_gdp_ppp","region_un_sub",337,112,0.041563107459098,0.449432918212944,0.494715305715331,0.0270852087802324,0.427273871577552,0.466114285284124,NA,NA,NA,0.0434227474807427,0.451292558234589,0.0877732040611837,0.0707183029657832,"wvs_region_un_sub"
"happiness_mean","group_gdp_ppp","region_un_sub",337,112,0.097296300851772,0.390428755488351,0.480293467203159,0.0836602933117686,0.365894928309864,0.45087611629013,NA,NA,NA,0.0935805062832901,0.386712960919869,0.194840264699471,0.187015318841504,"wvs_region_un_sub"
"satisfied_mean","group_gdp_ppp","region_un_sub",337,112,0.228334185981432,0.407095828771407,0.540037335045798,0.216677602688101,0.383232812591928,0.514001712501221,NA,NA,NA,0.180637846127912,0.359399488917887,0.334491403474155,0.337981853121324,"wvs_region_un_sub"
"satisfied","group_gdp_ppp","region_un_sub",337,112,0.32171747114752,0.376188201793325,0.556741457733202,0.311471511497181,0.351081225394914,0.531651351567157,NA,NA,NA,0.251135363543699,0.305606094189503,0.451080766584561,0.462748412299738,"wvs_region_un_sub"
"happiness_layard","group_gdp_ppp","region_un_sub",335,112,0.304869080558121,0.368369711127768,0.554462647973909,0.294304780870555,0.342789668276245,0.529083938048373,NA,NA,NA,0.245481008702131,0.308981639271778,0.442736782358841,0.454180344630631,"wvs_region_un_sub"
"happy","cluster5_gdp_ppp","region_un_sub",337,112,0.185782244793866,0.303123657920334,0.433523447859398,0.175972392321502,0.275076003285548,0.403335042259429,NA,NA,NA,0.158091017366465,0.275432430492933,0.364665436545747,0.377144804467174,"wvs_region_un_sub"
"very_happy","cluster5_gdp_ppp","region_un_sub",337,112,0.0313898607769686,0.456460414370594,0.487866179441272,0.0197198590995826,0.434584208137831,0.460573781480462,NA,NA,NA,0.0313978129238234,0.456468366517449,0.0643574288338284,0.0496222693086063,"wvs_region_un_sub"
"very_unhappy","cluster5_gdp_ppp","region_un_sub",337,112,0.10507026270663,0.225173367498624,0.274528732909354,0.0942879767151433,0.193988394673491,0.23586725472584,NA,NA,NA,0.0772128140586796,0.197315918850674,0.281255857047847,0.28865142159255,"wvs_region_un_sub"
"very_happy_minus_very_unhappy","cluster5_gdp_ppp","region_un_sub",337,112,0.0346094168070186,0.449432918212944,0.485901521136709,0.0229782049613201,0.427273871577552,0.458504423517035,NA,NA,NA,0.0355390098653917,0.450362511271317,0.073140355235465,0.0591147588991466,"wvs_region_un_sub"
"happiness_mean","cluster5_gdp_ppp","region_un_sub",337,112,0.0790896030664827,0.390428755488351,0.466557537909001,0.0679942970793319,0.365894928309864,0.438129569709794,NA,NA,NA,0.0776091927435661,0.388948345165434,0.166344312196502,0.160031356217461,"wvs_region_un_sub"
"satisfied_mean","cluster5_gdp_ppp","region_un_sub",337,112,0.205499557316533,0.407095828771407,0.529060520644963,0.195927262826371,0.383232812591928,0.503963432403472,NA,NA,NA,0.163732124595045,0.365328396049919,0.309477116900432,0.31416751918659,"wvs_region_un_sub"
"satisfied","cluster5_gdp_ppp","region_un_sub",337,112,0.295666505708718,0.376188201793325,0.545002949593761,0.287180559994366,0.351081225394914,0.520755457879322,NA,NA,NA,0.232240626754577,0.312762322839184,0.426127284132474,0.438646187539952,"wvs_region_un_sub"
"happiness_layard","cluster5_gdp_ppp","region_un_sub",335,112,0.277698506036476,0.368369711127768,0.538796514145843,0.268943336412676,0.342789668276245,0.514063204178901,NA,NA,NA,0.224062654527275,0.314733859618567,0.415857654317759,0.428173878947899,"wvs_region_un_sub"
"happy","cluster6_gdp_ppp","region_un_sub",337,112,0.19703998993264,0.303123657920334,0.447888991758353,0.184910684644614,0.275076003285548,0.416637425254108,NA,NA,NA,0.17090266188533,0.276986329873023,0.381573704712832,0.39179402380146,"wvs_region_un_sub"
"very_happy","cluster6_gdp_ppp","region_un_sub",337,112,0.0361025056074484,0.456460414370594,0.49148293964889,0.0215421204957784,0.434584208137831,0.462698955100714,NA,NA,NA,0.0355625154428724,0.455920424206018,0.0723575786135686,0.0536600168546441,"wvs_region_un_sub"
"very_unhappy","cluster6_gdp_ppp","region_un_sub",337,112,0.131812120511986,0.225173367498624,0.294224683125288,0.118697499975913,0.193988394673491,0.254275136887097,NA,NA,NA,0.100431718069325,0.193792965055963,0.3413436187696,0.351949947566032,"wvs_region_un_sub"
"very_happy_minus_very_unhappy","cluster6_gdp_ppp","region_un_sub",337,112,0.0412197362913057,0.449432918212944,0.490673828475039,0.0267366507367938,0.427273871577552,0.461844045181173,NA,NA,NA,0.0412303232767002,0.449443505198338,0.0840279649820322,0.0663717817519609,"wvs_region_un_sub"
"happiness_mean","cluster6_gdp_ppp","region_un_sub",337,112,0.0905703148840139,0.390428755488351,0.477000761840391,0.0768327063475186,0.365894928309864,0.447397031378526,NA,NA,NA,0.0885711606180269,0.388429601222364,0.185683478316254,0.176951117588239,"wvs_region_un_sub"
"satisfied_mean","cluster6_gdp_ppp","region_un_sub",337,112,0.222672438587151,0.407095828771407,0.535962652748887,0.21093033040871,0.383232812591928,0.509696387810145,NA,NA,NA,0.175769631282315,0.360193021466571,0.327951267463907,0.330975374454292,"wvs_region_un_sub"
"satisfied","cluster6_gdp_ppp","region_un_sub",337,112,0.315911998061694,0.376188201793325,0.557358000291859,0.30557834244329,0.351081225394914,0.53230279276121,NA,NA,NA,0.248540898280114,0.308817102011745,0.445926851592632,0.457258459310736,"wvs_region_un_sub"
"happiness_layard","cluster6_gdp_ppp","region_un_sub",335,112,0.296239976843046,0.368369711127768,0.555430344648443,0.285544535761634,0.342789668276245,0.53010675668538,NA,NA,NA,0.241650305181861,0.313780039466583,0.435068604929772,0.446006033885938,"wvs_region_un_sub"
"happy","cluster7_gdp_ppp","region_un_sub",337,112,0.204736605965875,0.303123657920334,0.44845695173094,0.190277271528891,0.275076003285548,0.415399166503456,NA,NA,NA,0.175034949888241,0.273422001842699,0.390304909340008,0.397931028039326,"wvs_region_un_sub"
"very_happy","cluster7_gdp_ppp","region_un_sub",337,112,0.0445576732882007,0.456460414370594,0.499331647586812,0.0271859946207135,0.434584208137831,0.46932313435069,NA,NA,NA,0.0437144532522092,0.455617194334602,0.0875459295710056,0.0659725850924068,"wvs_region_un_sub"
"very_unhappy","cluster7_gdp_ppp","region_un_sub",337,112,0.132568043269867,0.225173367498624,0.293518632140632,0.116796553147501,0.193988394673491,0.251174323026032,NA,NA,NA,0.100456653955938,0.193061978184694,0.342249666480479,0.346338111722531,"wvs_region_un_sub"
"very_happy_minus_very_unhappy","cluster7_gdp_ppp","region_un_sub",337,112,0.0492895218336128,0.449432918212944,0.497434319918938,0.0320038767760421,0.427273871577552,0.46731208672796,NA,NA,NA,0.0486454617698034,0.448788858149135,0.0977927332752809,0.0770813488164587,"wvs_region_un_sub"
"happiness_mean","cluster7_gdp_ppp","region_un_sub",337,112,0.0998535688413229,0.390428755488351,0.481575094795496,0.0834872700929833,0.365894928309864,0.450502308679138,NA,NA,NA,0.0954999540742342,0.386075140721262,0.198307501999846,0.186563583830577,"wvs_region_un_sub"
"satisfied_mean","cluster7_gdp_ppp","region_un_sub",337,112,0.231221459018193,0.407095828771407,0.541510707407262,0.217243667363979,0.383232812591928,0.514030276620947,NA,NA,NA,0.182818168827024,0.358692538580238,0.33760767114348,0.338541470437205,"wvs_region_un_sub"
"satisfied","cluster7_gdp_ppp","region_un_sub",337,112,0.322957699429091,0.376188201793325,0.560730973887355,0.310647839418711,0.351081225394914,0.534402546454736,NA,NA,NA,0.25375023576156,0.306980738125795,0.452534722671725,0.462169542188336,"wvs_region_un_sub"
"happiness_layard","cluster7_gdp_ppp","region_un_sub",335,112,0.304688579518637,0.368369711127768,0.55801402703568,0.291969468168368,0.342789668276245,0.53135455565053,NA,NA,NA,0.247166447713274,0.310847579322406,0.442939488504059,0.452178635181119,"wvs_region_un_sub"
"happy","cluster7_gdp","region_un_sub",337,112,0.232540255324294,0.303123657920334,0.452443521071756,0.218586441784735,0.275076003285548,0.419624678486151,NA,NA,NA,0.190930059237858,0.261513461833898,0.421997554049574,0.432690372615112,"wvs_region_un_sub"
"very_happy","cluster7_gdp","region_un_sub",337,112,0.0422289030119114,0.456460414370594,0.508981859149799,0.0248148830666735,0.434584208137831,0.479551749761301,NA,NA,NA,0.0473751738955581,0.461606685254241,0.0930783151578199,0.0727579710895407,"wvs_region_un_sub"
"very_unhappy","cluster7_gdp","region_un_sub",337,112,0.144782035065899,0.225173367498624,0.287846527962468,0.129232617521643,0.193988394673491,0.245162250458641,NA,NA,NA,0.103727597764871,0.184118930197596,0.360357300465324,0.367932813818796,"wvs_region_un_sub"
"very_happy_minus_very_unhappy","cluster7_gdp","region_un_sub",337,112,0.0521197631629318,0.449432918212944,0.50163139276981,0.0348855770386215,0.427273871577552,0.471760719150335,NA,NA,NA,0.0521591188598991,0.449472273909911,0.103978976618463,0.0841236048163981,"wvs_region_un_sub"
"happiness_mean","cluster7_gdp","region_un_sub",337,112,0.111826084454314,0.390428755488351,0.480257062965531,0.0956774678080283,0.365894928309864,0.449105278095958,NA,NA,NA,0.100827195965747,0.379429866999784,0.209944223085759,0.19916022625312,"wvs_region_un_sub"
"satisfied_mean","cluster7_gdp","region_un_sub",337,112,0.289480656438607,0.407095828771407,0.568215700233761,0.276562122919309,0.383232812591928,0.542335884159444,NA,NA,NA,0.22530026395048,0.342915436283281,0.396504820014288,0.401656249578666,"wvs_region_un_sub"
"satisfied","cluster7_gdp","region_un_sub",337,112,0.381162699729538,0.376188201793325,0.585240044170384,0.369911112451893,0.351081225394914,0.560380614641164,NA,NA,NA,0.295107271053298,0.290132773117086,0.504249963742027,0.516800980052671,"wvs_region_un_sub"
"happiness_layard","cluster7_gdp","region_un_sub",335,112,0.351165329458363,0.368369711127768,0.571236652949831,0.339296402558211,0.342789668276245,0.545374736778551,NA,NA,NA,0.277016135640213,0.294220517309618,0.484941108400028,0.49679737116293,"wvs_region_un_sub"
"satisfied","log_gdp_ppp","region",2344,167,0.654774382521835,0.54172285809969,0.733492272445615,0.654626976194987,0.540939143449155,0.732922324354181,0.648896801738019,0.519169631255766,0.719570963707638,0.42327189843388,0.310220374011735,0.577063882380934,0.577557900044871,"gallup"
"very_satisfied","log_gdp_ppp","region",2344,167,0.442183599163396,0.515727700907703,0.618488457051716,0.441945419658342,0.514899531093095,0.617672564102725,0.430150907808348,0.489824283311888,0.595466925760453,0.272472177653705,0.346016279398011,0.440545291584838,0.440944348450436,"gallup"
"extremely_satisfied","log_gdp_ppp","region",2344,167,0.178306362743587,0.310920921143094,0.36842051102458,0.177955511489421,0.309742504590966,0.367069827771852,0.164545862573158,0.282045437151454,0.336955663656708,0.117902976312536,0.250517534712043,0.320022834734819,0.320487843005916,"gallup"
"completely_satisfied","log_gdp_ppp","region",2344,167,0.0151840479512907,0.218595061577641,0.239767804802733,0.0147635458368377,0.217258755569223,0.238141987447734,0.00372668133088694,0.196822020802192,0.213135949191983,0.0181783955881913,0.221589409214541,0.0758166660580116,0.0748435378771089,"gallup"
"unsatisfied","log_gdp_ppp","region",2344,167,0.638775096851805,0.498190367701473,0.690931856903237,0.638620859062246,0.497332206722766,0.690270889959061,0.633977831963536,0.477684458874763,0.677470932302506,0.415758293026785,0.275173563876452,0.601735596459855,0.602342902181388,"gallup"
"dissatisfied","log_gdp_ppp","region",2344,167,0.431579539074739,0.312814073414263,0.447250710981279,0.431336831789972,0.311638894403428,0.446068612416226,0.424608264981639,0.291145306934064,0.427622472180664,0.283008088320877,0.164242622660401,0.632772808119077,0.634169872139372,"gallup"
"satisfied_mean","log_gdp_ppp","region",2344,167,0.611360233747111,0.516477829085154,0.691753908098071,0.611194290209002,0.515650942089147,0.691094699176125,0.605099163560368,0.494002683806362,0.676083784278327,0.393318156380014,0.298435751718056,0.568581039840331,0.569124642566174,"gallup"
"satisfied","log_gdp","region",2344,167,0.724345496737784,0.54172285809969,0.760285778105517,0.724227796266707,0.540939143449155,0.759773130068959,0.720333843874093,0.519169631255766,0.748584111669027,0.471454208371805,0.288831569733711,0.620101311833791,0.620620646850802,"gallup"
"very_satisfied","log_gdp","region",2344,167,0.53611297809475,0.515727700907703,0.646928725426809,0.535914905070879,0.514899531093095,0.646173654266472,0.525984254174047,0.489824283311888,0.625784284442098,0.333657001306928,0.313271724119881,0.51575542744187,0.516261398030566,"gallup"
"extremely_satisfied","log_gdp","region",2344,167,0.232605916314195,0.310920921143094,0.387956963618888,0.23227825018111,0.309742504590966,0.386648060632615,0.219549506991383,0.282045437151454,0.357708065776922,0.154820979394994,0.233135984223893,0.399067406731959,0.3998258852209,"gallup"
"completely_satisfied","log_gdp","region",2344,167,0.023818388753917,0.218595061577641,0.24490186430862,0.0234015733776376,0.217258755569223,0.243287026550511,0.0125285794686162,0.196822020802192,0.219154472649734,0.0250625957424479,0.219839268566172,0.102337300751882,0.101587505630234,"gallup"
"unsatisfied","log_gdp","region",2344,167,0.656568887038267,0.498190367701473,0.699081964791925,0.656422246938795,0.497332206722766,0.698438427505338,0.652153746161094,0.477684458874763,0.68638574658172,0.42873024206436,0.270351722727566,0.613276072988046,0.613889810433442,"gallup"
"dissatisfied","log_gdp","region",2344,167,0.42257066039292,0.312814073414263,0.446694299206176,0.422324106447742,0.311638894403428,0.445511010710039,0.415650413542341,0.291145306934064,0.427518051548514,0.278225443092417,0.16846885611376,0.622854250853107,0.624222756995285,"gallup"
"satisfied_mean","log_gdp","region",2344,167,0.667312982872916,0.516477829085154,0.712446260690049,0.667170930346388,0.515650942089147,0.711831304019156,0.662457770046945,0.494002683806362,0.698594290298084,0.431640707238906,0.280805553451144,0.605857214859735,0.606429702797367,"gallup"
"satisfied","group_gdp_ppp","region",2344,167,0.682661777501866,0.54172285809969,0.748177504135849,0.681983124331425,0.540939143449155,0.747206466234059,0.668371184993017,0.519169631255766,0.728083117598519,0.444558211769013,0.303619292366836,0.594188156301867,0.594380862088317,"gallup"
"very_satisfied","group_gdp_ppp","region",2344,167,0.52364133176497,0.515727700907703,0.659614391240795,0.522622600652406,0.514899531093095,0.658301850332983,0.497851468715391,0.489824283311888,0.628817920352317,0.333764011049031,0.325850380191764,0.505998679654624,0.505865902970958,"gallup"
"extremely_satisfied","group_gdp_ppp","region",2344,167,0.224586611569767,0.310920921143094,0.405054481556235,0.222928328018804,0.309742504590966,0.402760347166349,0.189565992156127,0.282045437151454,0.362498043383803,0.159360085991454,0.245694395564781,0.393428768839161,0.392226013331564,"gallup"
"completely_satisfied","group_gdp_ppp","region",2344,167,0.027444542587107,0.218595061577641,0.252588228090083,0.0253646549536322,0.217258755569223,0.249706177555726,-0.00730496000371406,0.196822020802192,0.21425240969176,0.0307188545497748,0.221869373540309,0.121616334941861,0.115760205666585,"gallup"
"unsatisfied","group_gdp_ppp","region",2344,167,0.631390811326539,0.498190367701473,0.686079330736005,0.630602511094132,0.497332206722766,0.684868839723419,0.617350343521626,0.477684458874763,0.664748048782258,0.409639887180536,0.276439443555469,0.597073645610467,0.597296224212206,"gallup"
"dissatisfied","group_gdp_ppp","region",2344,167,0.423079520439375,0.312814073414263,0.441677712640464,0.421845729850067,0.311638894403428,0.439524798935993,0.405578629338327,0.291145306934064,0.410972815007039,0.275971579832788,0.165706132807676,0.624825686093505,0.625370440659354,"gallup"
"satisfied_mean","group_gdp_ppp","region",2344,167,0.62512802246628,0.516477829085154,0.701398665030936,0.62432632875898,0.515650942089147,0.700247246001493,0.608425323147997,0.494002683806362,0.678117347905688,0.405024429206031,0.296374235824905,0.577452523648825,0.577597867960484,"gallup"
"satisfied","cluster5_gdp_ppp","region",2344,167,0.702354244872663,0.54172285809969,0.76177302601267,0.701845231182834,0.540939143449155,0.760956830812713,0.692079018265666,0.519169631255766,0.74649373206037,0.461202206392822,0.300570819619848,0.605432577216446,0.605726160288113,"gallup"
"very_satisfied","cluster5_gdp_ppp","region",2344,167,0.525520978066999,0.515727700907703,0.66112935912922,0.524709556054288,0.514899531093095,0.659968346226879,0.505672029728947,0.489824283311888,0.636371372877003,0.335461318144258,0.325668040984962,0.507406475770638,0.507432193541764,"gallup"
"extremely_satisfied","cluster5_gdp_ppp","region",2344,167,0.215820105306744,0.310920921143094,0.400129729686853,0.214479053755324,0.309742504590966,0.398074499638671,0.186751789346557,0.282045437151454,0.362998855730794,0.152514456925252,0.247615272761602,0.381162522076556,0.380344695625929,"gallup"
"completely_satisfied","cluster5_gdp_ppp","region",2344,167,0.0182914211313888,0.218595061577641,0.248729934251418,0.0166125693505105,0.217258755569223,0.246155989700673,-0.0121924053910019,0.196822020802192,0.213071019648256,0.0242131469025828,0.224516787348835,0.0973471366663412,0.0924409833319527,"gallup"
"unsatisfied","cluster5_gdp_ppp","region",2344,167,0.651909958500892,0.498190367701473,0.699638183039542,0.651314678395721,0.497332206722766,0.698609106150598,0.641181521874213,0.477684458874763,0.68158764570113,0.426678886919481,0.272959296120061,0.609856490487407,0.610206459032156,"gallup"
"dissatisfied","cluster5_gdp_ppp","region",2344,167,0.443724230962808,0.312814073414263,0.458501751818864,0.442772925671594,0.311638894403428,0.456646511568137,0.428616424827945,0.291145306934064,0.430687860592358,0.294705954683704,0.16379579713516,0.642758623090564,0.643583743602736,"gallup"
"satisfied_mean","cluster5_gdp_ppp","region",2344,167,0.643208626331714,0.516477829085154,0.713211532509651,0.642598465795299,0.515650942089147,0.712228959601761,0.630693485578765,0.494002683806362,0.694447703367997,0.419971164878105,0.293240367631545,0.588845168277509,0.589119883427047,"gallup"
"satisfied","cluster6_gdp_ppp","region",2344,167,0.682939468366163,0.54172285809969,0.745697921969865,0.682261409059846,0.540939143449155,0.744717322697255,0.67091293170367,0.519169631255766,0.727290467674103,0.443457266118169,0.302240655851696,0.594687544450593,0.594883159894041,"gallup"
"very_satisfied","cluster6_gdp_ppp","region",2344,167,0.516224080390224,0.515727700907703,0.650715395784207,0.515189486892342,0.514899531093095,0.649368539983889,0.494102983458218,0.489824283311888,0.622069834585258,0.325605887633364,0.325109508150843,0.500381410587284,0.500223259814261,"gallup"
"extremely_satisfied","cluster6_gdp_ppp","region",2344,167,0.213725818262965,0.310920921143094,0.391570720741375,0.212044308036838,0.309742504590966,0.389224592415184,0.181763213709304,0.282045437151454,0.349222110704686,0.147187808930623,0.244382911810752,0.375890742423098,0.374496372456967,"gallup"
"completely_satisfied","cluster6_gdp_ppp","region",2344,167,0.0257158562739089,0.218595061577641,0.244932645206148,0.0236322717064879,0.217258755569223,0.242021074429308,-0.00812800227234201,0.196822020802192,0.20361374108652,0.0260267199512081,0.21890592525494,0.106260722939985,0.0999801167743111,"gallup"
"unsatisfied","cluster6_gdp_ppp","region",2344,167,0.625771420206053,0.498190367701473,0.679319725191001,0.62497110245628,0.497332206722766,0.678083168861403,0.612083257784173,0.477684458874763,0.657884223874773,0.40345038884779,0.27586933634321,0.593903538918076,0.594117433963032,"gallup"
"dissatisfied","cluster6_gdp_ppp","region",2344,167,0.419710868956898,0.312814073414263,0.440275036567581,0.41846987423696,0.311638894403428,0.438116714086479,0.397732263731318,0.291145306934064,0.405455343221408,0.273585916055108,0.166689120512473,0.621397747617048,0.62192068505796,"gallup"
"satisfied_mean","cluster6_gdp_ppp","region",2344,167,0.620966814778959,0.516477829085154,0.69532655112569,0.620156221996194,0.515650942089147,0.694151717775275,0.606051668141724,0.494002683806362,0.672844996591813,0.399907768409748,0.295418782715942,0.575136628627689,0.575275532157423,"gallup"
"satisfied","cluster7_gdp_ppp","region",2344,167,0.685968609713304,0.54172285809969,0.748751563142171,0.685162367376239,0.540939143449155,0.747674630279514,0.671587467951992,0.519169631255766,0.72875982680329,0.446498657377893,0.302252905764278,0.59632417394114,0.59644785183708,"gallup"
"very_satisfied","cluster7_gdp_ppp","region",2344,167,0.516191983160377,0.515727700907703,0.650567957153778,0.514949857314832,0.514899531093095,0.649070177287314,0.489994981285227,0.489824283311888,0.619237364256852,0.325516119703226,0.325051837450552,0.500356828404756,0.500038767935655,"gallup"
"extremely_satisfied","cluster7_gdp_ppp","region",2344,167,0.213604498579916,0.310920921143094,0.392193017446161,0.211585511413241,0.309742504590966,0.38958775819818,0.174908561050892,0.282045437151454,0.346031057848309,0.147438297441492,0.244754720004669,0.375932999525499,0.374024541182075,"gallup"
"completely_satisfied","cluster7_gdp_ppp","region",2344,167,0.0232634079831375,0.218595061577641,0.244479170690629,0.0207557402244292,0.217258755569223,0.24124076164944,-0.0190253115102907,0.196822020802192,0.19912892023485,0.024573758548063,0.219905412142566,0.100514732926509,0.092724268483403,"gallup"
"unsatisfied","cluster7_gdp_ppp","region",2344,167,0.638688583967512,0.498190367701473,0.690153186519369,0.637760955171536,0.497332206722766,0.688825081875217,0.623313410625825,0.477684458874763,0.668076571924646,0.415325701392704,0.274827485126665,0.601787703810085,0.60193353301427,"gallup"
"dissatisfied","cluster7_gdp_ppp","region",2344,167,0.435296697033439,0.312814073414263,0.451439003614671,0.43384688110798,0.311638894403428,0.449087692014219,0.411266854362347,0.291145306934064,0.415061594226569,0.286960813616923,0.164478189997747,0.635657998797687,0.636062498346851,"gallup"
"satisfied_mean","cluster7_gdp_ppp","region",2344,167,0.626677679484117,0.516477829085154,0.700215477876138,0.625719213962895,0.515650942089147,0.698930503499267,0.609294094190055,0.494002683806362,0.676229891359206,0.405207664137551,0.295007813738587,0.578689956078389,0.578740498034268,"gallup"
"satisfied","cluster7_gdp","region",2344,167,0.734828069585073,0.54172285809969,0.773974380707069,0.734147268736768,0.540939143449155,0.773005561078724,0.722619833676283,0.519169631255766,0.755232265076552,0.483539796096226,0.290434584610843,0.62474909783769,0.624972015090029,"gallup"
"very_satisfied","cluster7_gdp","region",2344,167,0.591761914101615,0.515727700907703,0.690670328340285,0.590713806050528,0.514899531093095,0.689344440334885,0.568255700439825,0.489824283311888,0.66059813033597,0.383352270767098,0.307318057573187,0.555043781435222,0.554990125778488,"gallup"
"extremely_satisfied","cluster7_gdp","region",2344,167,0.259844914299161,0.310920921143094,0.417915263574973,0.257944644502753,0.309742504590966,0.415420258275252,0.221233379972387,0.282045437151454,0.371185910711334,0.18341962836552,0.234495635209453,0.438891910279834,0.437656073510633,"gallup"
"completely_satisfied","cluster7_gdp","region",2344,167,0.0308529577188812,0.218595061577641,0.247928607379133,0.0283647753253482,0.217258755569223,0.24470498375024,-0.0124713738070275,0.196822020802192,0.20217208102282,0.0300932517601869,0.217835355618946,0.121378698804887,0.114037324967866,"gallup"
"unsatisfied","cluster7_gdp","region",2344,167,0.660927211002648,0.498190367701473,0.700351046685755,0.660056677526403,0.497332206722766,0.699066653401082,0.646189058682177,0.477684458874763,0.677498665185007,0.431543944993465,0.26880710169229,0.616182337465824,0.616386949664923,"gallup"
"dissatisfied","cluster7_gdp","region",2344,167,0.429271559671221,0.312814073414263,0.448810593430608,0.427806274843676,0.311638894403428,0.446448015605622,0.407219828576361,0.291145306934064,0.413594464456126,0.282634039843783,0.166176553586825,0.629740126415893,0.630101799514847,"gallup"
"satisfied_mean","cluster7_gdp","region",2344,167,0.673249543895331,0.516477829085154,0.723984534024499,0.672410646703791,0.515650942089147,0.722801441585685,0.657731544700861,0.494002683806362,0.701023413218693,0.440378124417338,0.283606409607161,0.608270071695255,0.608438981714497,"gallup"
"satisfied","log_gdp_ppp","region",167,167,0.655575081706559,0.547467652077567,0.720076295317128,0.653487657959326,0.53629401385726,0.711383012563002,0.647409949776462,0.520074289777628,0.698430493914887,0.41409186247306,0.305984432844068,0.575066649417601,0.582370285790095,"gallup_last"
"very_satisfied","log_gdp_ppp","region",167,167,0.378638421154082,0.445825912093619,0.527771568534388,0.374872593403501,0.432142601281116,0.513106089296326,0.363416898482152,0.408351426030172,0.490128014168623,0.230292038797426,0.297479529736963,0.436347943935181,0.444192819894074,"gallup_last"
"extremely_satisfied","log_gdp_ppp","region",167,167,0.0567661163120404,0.221228630270988,0.244239851394365,0.0510495473199922,0.20199970756163,0.220769039325867,0.0334250148520481,0.172690040045355,0.185653143897722,0.0398886687177086,0.204351182676657,0.163317609677472,0.158126518323009,"gallup_last"
"completely_satisfied","log_gdp_ppp","region",167,167,0.0117536972409449,0.27747225002473,0.277907813800508,0.00576432570907193,0.259632058667316,0.255482590626611,-0.0128518188530926,0.23559614729202,0.223334411349333,0.00609463050836145,0.271813183292147,0.0219304035572616,0.00316040647702447,"gallup_last"
"unsatisfied","log_gdp_ppp","region",167,167,0.654849436868394,0.505390148575841,0.696963829489143,0.652757615273657,0.493177559651787,0.687552768293154,0.646520727242365,0.47831246888887,0.671734385647774,0.423211558890848,0.273752270598295,0.607221696427276,0.61604931503514,"gallup_last"
"dissatisfied","log_gdp_ppp","region",167,167,0.548605788445822,0.370775638270408,0.5668760850203,0.545870065951554,0.355239234277085,0.553425031760061,0.53309488327583,0.33923821666354,0.528765411320724,0.372353117597857,0.194522967422443,0.656850989902887,0.672228233938213,"gallup_last"
"satisfied_mean","log_gdp_ppp","region",167,167,0.611491657755444,0.483603224688096,0.665651096046219,0.609137061741841,0.470852687026073,0.65526758971225,0.601492118037678,0.454194011331307,0.638468607046968,0.396769764556784,0.268881331489435,0.596062662427036,0.605517483915611,"gallup_last"
"satisfied","log_gdp","region",167,167,0.711581910327954,0.547467652077567,0.751301696008999,0.709833921905699,0.53629401385726,0.743578146195613,0.705189666490011,0.520074289777628,0.732732905352897,0.457707977129693,0.293593718879306,0.60921994394674,0.616692447818918,"gallup_last"
"very_satisfied","log_gdp","region",167,167,0.459585240723887,0.445825912093619,0.560248012244831,0.456309999758577,0.432142601281116,0.546591118215167,0.445846348268989,0.408351426030172,0.525790867139917,0.287003670437549,0.273244341807282,0.512279676437526,0.522107383080406,"gallup_last"
"extremely_satisfied","log_gdp","region",167,167,0.0880369536087925,0.221228630270988,0.263545422443032,0.0825099048427851,0.20199970756163,0.240674162270455,0.065425121920531,0.172690040045355,0.208122776357734,0.0651768728904181,0.198368549552614,0.247307930019186,0.251760218895933,"gallup_last"
"completely_satisfied","log_gdp","region",167,167,0.00608122066951822,0.27747225002473,0.280698723918107,5.74704917577495e-05,0.259632058667316,0.258360174971465,-0.0174981386997293,0.23559614729202,0.228472456291989,0.00465384728144752,0.27604487663666,0.0165795099332381,-0.00235023297268652,"gallup_last"
"unsatisfied","log_gdp","region",167,167,0.652639208825261,0.505390148575841,0.709044523707478,0.65053399190905,0.493177559651787,0.700008639350567,0.644360415664891,0.47831246888887,0.685030614233464,0.428146791978449,0.280897731729029,0.603836258038832,0.612396064428041,"gallup_last"
"dissatisfied","log_gdp","region",167,167,0.51876513233962,0.370775638270408,0.561368683094139,0.515848557384102,0.355239234277085,0.547746592507001,0.503131522183939,0.33923821666354,0.522904907107234,0.354679088581675,0.206689594512464,0.631811319838441,0.646609148558934,"gallup_last"
"satisfied_mean","log_gdp","region",167,167,0.641845882534797,0.483603224688096,0.6879056285349,0.639675251519856,0.470852687026073,0.678213256750269,0.632896253946715,0.454194011331307,0.663103084622268,0.423074143190801,0.264831485344099,0.615017708303773,0.6244612684974,"gallup_last"
"satisfied","group_gdp_ppp","region",167,167,0.674174607757588,0.547467652077567,0.742341889354385,0.664055806756271,0.53629401385726,0.727571679189986,0.649352498732958,0.520074289777628,0.703680363006768,0.434524422517203,0.307817466837182,0.585342722468631,0.587800141589657,"gallup_last"
"very_satisfied","group_gdp_ppp","region",167,167,0.434025089783032,0.445825912093619,0.579157503086089,0.416448229217288,0.432142601281116,0.555032773963635,0.391018014454698,0.408351426030172,0.518979413585784,0.283678340387751,0.295479162698338,0.489812078538476,0.485861760962555,"gallup_last"
"extremely_satisfied","group_gdp_ppp","region",167,167,0.0709431592922347,0.221228630270988,0.291802554902805,0.0420904623758445,0.20199970756163,0.251205249132902,0.000476284109435898,0.172690040045355,0.196226929403249,0.0707585419620257,0.221044012940779,0.242487739648456,0.181715955901096,"gallup_last"
"completely_satisfied","group_gdp_ppp","region",167,167,0.0203140114416719,0.27747225002473,0.302595114053882,-0.0101110192588973,0.259632058667316,0.262616490018754,-0.0539767077439213,0.23559614729202,0.209636296286029,0.0227184377354117,0.27987667631847,0.0750786667737348,-0.0135684318737008,"gallup_last"
"unsatisfied","group_gdp_ppp","region",167,167,0.649861489369515,0.505390148575841,0.697459223066938,0.638987622579749,0.493177559651787,0.680116121204533,0.623254445331231,0.47831246888887,0.653180268384478,0.420965281930306,0.276493941136632,0.603569740004577,0.607194976256203,"gallup_last"
"dissatisfied","group_gdp_ppp","region",167,167,0.571676340739197,0.370775638270408,0.58616833857353,0.55837436374352,0.355239234277085,0.562445504479019,0.539216279297313,0.33923821666354,0.531116196583476,0.39353452052116,0.192633818052371,0.671367753295658,0.680582054482411,"gallup_last"
"satisfied_mean","group_gdp_ppp","region",167,167,0.610137234968309,0.483603224688096,0.676964553104617,0.59802969568161,0.470852687026073,0.658446597550104,0.580501963894119,0.454194011331307,0.630220698668651,0.401749281692415,0.275215271412202,0.593456894973243,0.596573517980598,"gallup_last"
"satisfied","cluster5_gdp_ppp","region",167,167,0.66022523763382,0.547467652077567,0.737400698995633,0.651835737328482,0.53629401385726,0.724104531856171,0.639476214785712,0.520074289777628,0.704529778829512,0.425079142275942,0.31232155671969,0.576456115182581,0.579782488845251,"gallup_last"
"very_satisfied","cluster5_gdp_ppp","region",167,167,0.413851374671726,0.445825912093619,0.586731852239648,0.399378569108064,0.432142601281116,0.565806882732795,0.380158696300843,0.408351426030172,0.539133087463926,0.277378657408877,0.309353194830771,0.472752001361575,0.471046629890039,"gallup_last"
"extremely_satisfied","cluster5_gdp_ppp","region",167,167,0.0741359080665676,0.221228630270988,0.316724933573103,0.0512750662904334,0.20199970756163,0.28212872767807,0.0170576751906388,0.172690040045355,0.237073026601714,0.084816105684341,0.231908827888762,0.267791059982225,0.23287966363499,"gallup_last"
"completely_satisfied","cluster5_gdp_ppp","region",167,167,0.0181066540684839,0.27747225002473,0.320104796318857,-0.0061376260779733,0.259632058667316,0.285679722714749,-0.0457930316970625,0.23559614729202,0.235546808992884,0.0303696001813054,0.289735196137552,0.0948739304457473,0.0348467818791241,"gallup_last"
"unsatisfied","cluster5_gdp_ppp","region",167,167,0.630491899443111,0.505390148575841,0.679112587690913,0.621368242639237,0.493177559651787,0.662865123776529,0.605351049118672,0.47831246888887,0.635487248719462,0.402107169279091,0.277005418411822,0.592106782538544,0.596694394070027,"gallup_last"
"dissatisfied","cluster5_gdp_ppp","region",167,167,0.545393882060553,0.370775638270408,0.558052632471463,0.534169039642295,0.355239234277085,0.535675550571284,0.509307926741455,0.33923821666354,0.497291387008436,0.366335438130804,0.191717194340659,0.65645320318337,0.667013227665876,"gallup_last"
"satisfied_mean","cluster5_gdp_ppp","region",167,167,0.591231680567609,0.483603224688096,0.662634242359912,0.581138635643353,0.470852687026073,0.64555243184649,0.563881837677412,0.454194011331307,0.61861726447272,0.385131349119713,0.277502893240199,0.58121256720465,0.585419822756941,"gallup_last"
"satisfied","cluster6_gdp_ppp","region",167,167,0.693472288828138,0.547467652077567,0.743026707602453,0.683952794692366,0.53629401385726,0.728295754535078,0.671556513327679,0.520074289777628,0.707473673492511,0.444515672176512,0.298511035425941,0.598249925108135,0.601372814488921,"gallup_last"
"very_satisfied","cluster6_gdp_ppp","region",167,167,0.433369768331962,0.445825912093619,0.55943781101506,0.415772556168358,0.432142601281116,0.534182653684713,0.393269551659573,0.408351426030172,0.499408940773871,0.273490833626701,0.285946977388358,0.488867266820009,0.484677483441441,"gallup_last"
"extremely_satisfied","cluster6_gdp_ppp","region",167,167,0.0714005984216604,0.221228630270988,0.272405191184697,0.0425621076894138,0.20199970756163,0.230695934628406,-0.000769422483676507,0.172690040045355,0.170046079653541,0.0612885796676845,0.211116611517013,0.224990498166129,0.154442112018509,"gallup_last"
"completely_satisfied","cluster6_gdp_ppp","region",167,167,0.0234929872054681,0.27747225002473,0.290050100470405,-0.00683331753970373,0.259632058667316,0.249352335529218,-0.0558584024794546,0.23559614729202,0.186226107732828,0.0180354188255716,0.272014681644834,0.0621803571049333,-0.034314979728346,"gallup_last"
"unsatisfied","cluster6_gdp_ppp","region",167,167,0.656878445241068,0.505390148575841,0.69123866395595,0.646222496335511,0.493177559651787,0.673538969533042,0.628062019261164,0.47831246888887,0.642494402456155,0.421363480310588,0.269875183645361,0.609577418455054,0.613612532909438,"gallup_last"
"dissatisfied","cluster6_gdp_ppp","region",167,167,0.570615401671355,0.370775638270408,0.57775802124256,0.557280476257422,0.355239234277085,0.553553067046274,0.521896102263704,0.33923821666354,0.50464332955534,0.388798892321753,0.188959128920807,0.672944170442809,0.682494916935802,"gallup_last"
"satisfied_mean","cluster6_gdp_ppp","region",167,167,0.618429509358501,0.483603224688096,0.666462540562383,0.606579494121187,0.470852687026073,0.647342558811182,0.586238176159527,0.454194011331307,0.61566235906549,0.400644412616394,0.265818127945989,0.601150684745638,0.604833835847569,"gallup_last"
"satisfied","cluster7_gdp_ppp","region",167,167,0.677654029221964,0.547467652077567,0.741986560023003,0.665566055317788,0.53629401385726,0.725447236947555,0.649720248305581,0.520074289777628,0.700722387018772,0.4360864685837,0.305900091439303,0.587728258272199,0.589098169292409,"gallup_last"
"very_satisfied","cluster7_gdp_ppp","region",167,167,0.459094504629199,0.445825912093619,0.604228849572611,0.438810548552794,0.432142601281116,0.578858904032394,0.411833369446761,0.408351426030172,0.543238141698642,0.308748721054095,0.295480128518515,0.510979774091361,0.50575956180792,"gallup_last"
"extremely_satisfied","cluster7_gdp_ppp","region",167,167,0.0912085424737384,0.221228630270988,0.318327408199181,0.0571288628165035,0.20199970756163,0.274630447186308,0.00745510637887103,0.172690040045355,0.213156362810622,0.0941536602009657,0.224173747998216,0.295776165595055,0.236244021321411,"gallup_last"
"completely_satisfied","cluster7_gdp_ppp","region",167,167,0.016154993722833,0.27747225002473,0.311792650833224,-0.0207391940125607,0.259632058667316,0.267676795117405,-0.0761521626790609,0.23559614729202,0.203376757621346,0.0252376972656634,0.286554953567561,0.080943849055515,-0.0237122862235854,"gallup_last"
"unsatisfied","cluster7_gdp_ppp","region",167,167,0.643372606176509,0.505390148575841,0.68644190454957,0.629999078908128,0.493177559651787,0.666342026636081,0.609091897351624,0.47831246888887,0.632320029495863,0.412212181075119,0.274229723474451,0.600505561130632,0.602666133747455,"gallup_last"
"dissatisfied","cluster7_gdp_ppp","region",167,167,0.560538242564995,0.370775638270408,0.572969560855889,0.544058426661182,0.355239234277085,0.545595814756908,0.507871281382597,0.33923821666354,0.495409555583336,0.381366082575238,0.191603478280651,0.665595711586427,0.673039443556057,"gallup_last"
"satisfied_mean","cluster7_gdp_ppp","region",167,167,0.609837543282845,0.483603224688096,0.671538613033995,0.595206451155952,0.470852687026073,0.65048339592079,0.571940362554859,0.454194011331307,0.61602580157073,0.398886465814372,0.272652147219623,0.593988875803006,0.595585655921201,"gallup_last"
"satisfied","cluster7_gdp","region",167,167,0.70672311231694,0.547467652077567,0.765045286972021,0.695725229028826,0.53629401385726,0.749984087418946,0.68091596251055,0.520074289777628,0.727375597960096,0.462150373605697,0.302894913366324,0.604082374567453,0.606289731906342,"gallup_last"
"very_satisfied","cluster7_gdp","region",167,167,0.479883378946633,0.445825912093619,0.604589882117573,0.460379005657132,0.432142601281116,0.579243079689213,0.433031091767833,0.408351426030172,0.542568280895124,0.319323674485294,0.28526620763228,0.528165759848418,0.524373536228664,"gallup_last"
"extremely_satisfied","cluster7_gdp","region",167,167,0.0911114686967635,0.221228630270988,0.297139023746867,0.057028148772892,0.20199970756163,0.25208383296141,0.00517752541831973,0.172690040045355,0.190166918337544,0.0835109310863211,0.213628092660546,0.281050028479141,0.212453676450304,"gallup_last"
"completely_satisfied","cluster7_gdp","region",167,167,0.0281086295996772,0.27747225002473,0.300094948978227,-0.00833729679033501,0.259632058667316,0.255229240579396,-0.0665231604642058,0.23559614729202,0.192229775791061,0.0253656642765872,0.27472928470164,0.0845254622343793,-0.0249581804367989,"gallup_last"
"unsatisfied","cluster7_gdp","region",167,167,0.635414826273568,0.505390148575841,0.692595214395488,0.621742882258826,0.493177559651787,0.67288977942084,0.601987375073386,0.47831246888887,0.641602563763257,0.411309946046607,0.28128526834888,0.59386772749449,0.595532230195037,"gallup_last"
"dissatisfied","cluster7_gdp","region",167,167,0.533859791117618,0.370775638270408,0.560696371142369,0.516379533284528,0.355239234277085,0.532535882113034,0.481729228011764,0.33923821666354,0.485520167712065,0.361890261994789,0.19880610914758,0.645430005650777,0.651295250160477,"gallup_last"
"satisfied_mean","cluster7_gdp","region",167,167,0.616399316960577,0.483603224688096,0.678067667248813,0.602014291346598,0.470852687026073,0.657430979251941,0.580049360295782,0.454194011331307,0.62537197511285,0.405431879760647,0.272635787488166,0.597922448368087,0.599753136420319,"gallup_last"
"satisfied","log_gdp_ppp","region",109,109,0.694697352916213,0.510766355137798,0.75930641582265,0.691844057149075,0.491949676489252,0.747622261250934,NA,NA,NA,0.471618706800532,0.287687709022118,0.621117768759493,0.633686749994146,"gallup_wvs_countries"
"very_satisfied","log_gdp_ppp","region",109,109,0.402731587463521,0.460827499893115,0.586931407458685,0.397149639682806,0.44009009604285,0.56687953403435,NA,NA,NA,0.264417747514546,0.322513659944139,0.450508771816166,0.462125589493021,"gallup_wvs_countries"
"extremely_satisfied","log_gdp_ppp","region",109,109,0.100714539381728,0.303770894574318,0.360882429360981,0.0923100023666045,0.276992852057945,0.329857304572679,NA,NA,NA,0.0789130370841957,0.281969392276785,0.218666886121134,0.220056449969188,"gallup_wvs_countries"
"completely_satisfied","log_gdp_ppp","region",109,109,0.00526401930946552,0.405734542237717,0.413518331023062,-0.00403257864091322,0.382878178477629,0.385048347092142,NA,NA,NA,0.00652390404740505,0.406994426975657,0.0157765776217577,-0.00241841062358141,"gallup_wvs_countries"
"unsatisfied","log_gdp_ppp","region",109,109,0.654465881379241,0.449855598009804,0.702988392230998,0.651236590551009,0.428696197933259,0.688570353018911,NA,NA,NA,0.453799337800217,0.249189054430781,0.645528920271419,0.661595973194361,"gallup_wvs_countries"
"dissatisfied","log_gdp_ppp","region",109,109,0.609215500273911,0.39284093076144,0.632467335516982,0.605563308687686,0.36948865886765,0.614625944037224,NA,NA,NA,0.424420952514726,0.208046383002256,0.671055924442015,0.692047416896657,"gallup_wvs_countries"
"satisfied_mean","log_gdp_ppp","region",109,109,0.63426909187647,0.465122313705953,0.705409975021708,0.630851046006157,0.444550095002336,0.691109488372277,NA,NA,NA,0.437278376596113,0.268131598425596,0.619892533533646,0.634783962699313,"gallup_wvs_countries"
"satisfied","log_gdp","region",109,109,0.738839297392162,0.510766355137798,0.778624279456116,0.736398543162183,0.491949676489252,0.767877885254957,NA,NA,NA,0.50334861085524,0.275275668600876,0.646458920092806,0.65917170644377,"gallup_wvs_countries"
"very_satisfied","log_gdp","region",109,109,0.489854931206978,0.460827499893115,0.615194941214059,0.485087220283679,0.44009009604285,0.59651508399144,NA,NA,NA,0.322111186263961,0.293083754950098,0.52359205949953,0.537716669241406,"gallup_wvs_countries"
"extremely_satisfied","log_gdp","region",109,109,0.145387881613377,0.303770894574318,0.380154717573323,0.137400852469577,0.276992852057945,0.350065140756494,NA,NA,NA,0.110885852306191,0.269268865267132,0.291686114048561,0.300619965634525,"gallup_wvs_countries"
"completely_satisfied","log_gdp","region",109,109,0.00226030134823774,0.405734542237717,0.415684251343127,-0.00706436873261973,0.382878178477629,0.387319409175318,NA,NA,NA,0.00610500522682389,0.409579246116303,0.0146866406583792,-0.00338627237983812,"gallup_wvs_countries"
"unsatisfied","log_gdp","region",109,109,0.628862166473828,0.449855598009804,0.693008022240469,0.625393588590406,0.428696197933259,0.678105499048259,NA,NA,NA,0.436007295352246,0.257000726888223,0.629151873224571,0.645034504906108,"gallup_wvs_countries"
"dissatisfied","log_gdp","region",109,109,0.536114465523758,0.39284093076144,0.599439070062954,0.531779086696877,0.36948865886765,0.579994364726204,NA,NA,NA,0.371356302412636,0.228082767650318,0.619506336771868,0.639906900566042,"gallup_wvs_countries"
"satisfied_mean","log_gdp","region",109,109,0.653071980634889,0.465122313705953,0.711187334516908,0.649829662696897,0.444550095002336,0.697167302211903,NA,NA,NA,0.449568500722921,0.261618833793986,0.632137945803411,0.647224035782566,"gallup_wvs_countries"
"satisfied","group_gdp_ppp","region",109,109,0.686884074200028,0.510766355137798,0.759528954996153,0.671684271976729,0.491949676489252,0.737667950904894,NA,NA,NA,0.467823337029191,0.291705617966962,0.615938778833732,0.62182621955244,"gallup_wvs_countries"
"very_satisfied","group_gdp_ppp","region",109,109,0.480703999450527,0.460827499893115,0.658922303745336,0.455495455734534,0.44009009604285,0.627915240449458,NA,NA,NA,0.339399401651375,0.319522902093962,0.515082582153035,0.512267069422186,"gallup_wvs_countries"
"extremely_satisfied","group_gdp_ppp","region",109,109,0.146520965790011,0.303770894574318,0.42905783414664,0.105089944711857,0.276992852057945,0.377154000887243,NA,NA,NA,0.135903952681167,0.293153881465473,0.31674972897644,0.272105152084172,"gallup_wvs_countries"
"completely_satisfied","group_gdp_ppp","region",109,109,0.0225912877446467,0.405734542237717,0.439138123713201,-0.0248557371221181,0.382878178477629,0.388150680414402,NA,NA,NA,0.0279974346100655,0.411140689103136,0.0637554179385037,-0.0252263311305267,"gallup_wvs_countries"
"unsatisfied","group_gdp_ppp","region",109,109,0.576204107578758,0.449855598009804,0.651667990058712,0.555631491441805,0.428696197933259,0.620001443700413,NA,NA,NA,0.389008249813833,0.262659740244879,0.596942393593378,0.602366933817885,"gallup_wvs_countries"
"dissatisfied","group_gdp_ppp","region",109,109,0.554108079825569,0.39284093076144,0.58720277549797,0.53246284098215,0.36948865886765,0.549675755088695,NA,NA,NA,0.374234962281049,0.212967813216921,0.637318108661329,0.648245743609524,"gallup_wvs_countries"
"satisfied_mean","group_gdp_ppp","region",109,109,0.598827844241336,0.465122313705953,0.691716241881949,0.579353467748197,0.444550095002336,0.663690445689399,NA,NA,NA,0.412710886208666,0.279005355673283,0.596647673164079,0.601555908798594,"gallup_wvs_countries"
"satisfied","cluster5_gdp_ppp","region",109,109,0.69984562126372,0.510766355137798,0.750664517022287,0.688301222081555,0.491949676489252,0.73071767838407,NA,NA,NA,0.469871891574104,0.280792625448183,0.625941257271594,0.634355272494926,"gallup_wvs_countries"
"very_satisfied","cluster5_gdp_ppp","region",109,109,0.432857973146116,0.460827499893115,0.587345874381939,0.411044818267121,0.44009009604285,0.554333544332494,NA,NA,NA,0.27968817381747,0.307657700564469,0.47618990107283,0.4738016235237,"gallup_wvs_countries"
"extremely_satisfied","cluster5_gdp_ppp","region",109,109,0.103001889717404,0.303770894574318,0.363298870493369,0.068501962398843,0.276992852057945,0.312362780132838,NA,NA,NA,0.0812649328182276,0.282033937675141,0.223686169758436,0.166268033645946,"gallup_wvs_countries"
"completely_satisfied","cluster5_gdp_ppp","region",109,109,0.023668562913494,0.405734542237717,0.423117426025125,-0.0138826462052177,0.382878178477629,0.376966820107135,NA,NA,NA,0.0205257233504507,0.402591702674674,0.0485107019658224,-0.0262543061085415,"gallup_wvs_countries"
"unsatisfied","cluster5_gdp_ppp","region",109,109,0.637800556775163,0.449855598009804,0.682783089220947,0.623869808958823,0.428696197933259,0.657405736358623,NA,NA,NA,0.435364023993153,0.247419065227794,0.637631527297932,0.648442278665404,"gallup_wvs_countries"
"dissatisfied","cluster5_gdp_ppp","region",109,109,0.628255515882155,0.39284093076144,0.645163354950714,0.613957651108391,0.36948865886765,0.616776423346771,NA,NA,NA,0.440288970035714,0.204874384915,0.682445719610577,0.698182828482805,"gallup_wvs_countries"
"satisfied_mean","cluster5_gdp_ppp","region",109,109,0.620454119946725,0.465122313705953,0.685289976145841,0.605856201483137,0.444550095002336,0.660113174237508,NA,NA,NA,0.420310891193306,0.264979084952535,0.613332904060831,0.6221806447562,"gallup_wvs_countries"
"satisfied","cluster6_gdp_ppp","region",109,109,0.698226283966802,0.510766355137798,0.756480353181137,0.683577074450627,0.491949676489252,0.734342203470331,NA,NA,NA,0.47197014100507,0.284510212176067,0.623902708140866,0.630475544681886,"gallup_wvs_countries"
"very_satisfied","cluster6_gdp_ppp","region",109,109,0.483281746382939,0.460827499893115,0.64429660276226,0.458198336013179,0.44009009604285,0.611959930286101,NA,NA,NA,0.333375424626042,0.310921178136217,0.517425395690089,0.514795282398525,"gallup_wvs_countries"
"extremely_satisfied","cluster6_gdp_ppp","region",109,109,0.149265221931485,0.303770894574318,0.416862021634243,0.107967417170877,0.276992852057945,0.363849478146447,NA,NA,NA,0.131178174495705,0.285683847138538,0.31468008042911,0.267726154578905,"gallup_wvs_countries"
"completely_satisfied","cluster6_gdp_ppp","region",109,109,0.0127131469519739,0.405734542237717,0.431173029964786,-0.0352133993124935,0.382878178477629,0.379461487234312,NA,NA,NA,0.0190758173395212,0.412097212625265,0.0442416756471971,-0.050901200590032,"gallup_wvs_countries"
"unsatisfied","cluster6_gdp_ppp","region",109,109,0.646667272901479,0.449855598009804,0.687539140158447,0.629515198770482,0.428696197933259,0.659133607445579,NA,NA,NA,0.442175407525061,0.245363732633387,0.643127615139349,0.652335580046876,"gallup_wvs_countries"
"dissatisfied","cluster6_gdp_ppp","region",109,109,0.618586580768313,0.39284093076144,0.631715958389573,0.600071366242503,0.36948865886765,0.598235590970443,NA,NA,NA,0.428730804198223,0.20298515419135,0.678676545216907,0.692718981330422,"gallup_wvs_countries"
"satisfied_mean","cluster6_gdp_ppp","region",109,109,0.634814869744315,0.465122313705953,0.702613402449089,0.617087436236757,0.444550095002336,0.675578257217188,NA,NA,NA,0.436152979243725,0.266460423205364,0.620758126337234,0.627696043642027,"gallup_wvs_countries"
"satisfied","cluster7_gdp_ppp","region",109,109,0.69876014605736,0.510766355137798,0.751361762856759,0.681040154648969,0.491949676489252,0.725990514168673,NA,NA,NA,0.46967777688816,0.281683985968599,0.625102048183014,0.630229303599265,"gallup_wvs_countries"
"very_satisfied","cluster7_gdp_ppp","region",109,109,0.45514324283983,0.460827499893115,0.606997217641741,0.42309284535982,0.44009009604285,0.566894892911306,NA,NA,NA,0.300656480294228,0.306340737347513,0.495317723963078,0.48500846374207,"gallup_wvs_countries"
"extremely_satisfied","cluster7_gdp_ppp","region",109,109,0.116770303216247,0.303770894574318,0.383168116088718,0.0648156151701437,0.276992852057945,0.320226087118179,NA,NA,NA,0.0980837623653234,0.285084353723395,0.255981012633664,0.168707133142625,"gallup_wvs_countries"
"completely_satisfied","cluster7_gdp_ppp","region",109,109,0.0195090493067003,0.405734542237717,0.429671514410318,-0.038166888969376,0.382878178477629,0.371474730166473,NA,NA,NA,0.0217230107396504,0.407948503670667,0.0505572513213103,-0.066721008530403,"gallup_wvs_countries"
"unsatisfied","cluster7_gdp_ppp","region",109,109,0.64684151794307,0.449855598009804,0.687061054814529,0.62606748958678,0.428696197933259,0.65512850938744,NA,NA,NA,0.442023487373897,0.245037567440632,0.643354013848479,0.650635553807655,"gallup_wvs_countries"
"dissatisfied","cluster7_gdp_ppp","region",109,109,0.6172021705743,0.39284093076144,0.630261654109256,0.594684651196317,0.36948865886765,0.592533251467343,NA,NA,NA,0.427311446961057,0.202950207148198,0.677990552296845,0.690028147594244,"gallup_wvs_countries"
"satisfied_mean","cluster7_gdp_ppp","region",109,109,0.6274313529476,0.465122313705953,0.692746488245657,0.605515550179811,0.444550095002336,0.661394089087051,NA,NA,NA,0.427527763743652,0.265218724502005,0.617148944091139,0.621686493599952,"gallup_wvs_countries"
"satisfied","cluster7_gdp","region",109,109,0.723015518657088,0.510766355137798,0.769240949289305,0.706722313872211,0.491949676489252,0.745694107380051,NA,NA,NA,0.490745056404297,0.278495892885008,0.637960130512673,0.644008538660409,"gallup_wvs_countries"
"very_satisfied","cluster7_gdp","region",109,109,0.475442245888293,0.460827499893115,0.614274226905209,0.444585907411134,0.44009009604285,0.574914454140435,NA,NA,NA,0.314444486450194,0.299829740455016,0.511895945943239,0.503909982899113,"gallup_wvs_countries"
"extremely_satisfied","cluster7_gdp","region",109,109,0.136275338394027,0.303770894574318,0.37876324113001,0.0854680053583809,0.276992852057945,0.315371735122868,NA,NA,NA,0.105633842474859,0.27312939865515,0.278891484188669,0.19635064691998,"gallup_wvs_countries"
"completely_satisfied","cluster7_gdp","region",109,109,0.0460578769047832,0.405734542237717,0.425549027243784,-0.0100563656302295,0.382878178477629,0.36693158104417,NA,NA,NA,0.032936180955425,0.392612846288359,0.0773969128040255,-0.0354329858848517,"gallup_wvs_countries"
"unsatisfied","cluster7_gdp","region",109,109,0.657199986472148,0.449855598009804,0.693178658814836,0.637035279794039,0.428696197933259,0.661870358693901,NA,NA,NA,0.45026152363859,0.242917135176247,0.64956056842319,0.657386623471026,"gallup_wvs_countries"
"dissatisfied","cluster7_gdp","region",109,109,0.586832804001588,0.39284093076144,0.612385789255665,0.562528851295799,0.36948865886765,0.57283331877155,NA,NA,NA,0.403188831247906,0.209196958007759,0.658390247327537,0.668495953449536,"gallup_wvs_countries"
"satisfied_mean","cluster7_gdp","region",109,109,0.642078313326531,0.465122313705953,0.697123869395017,0.621024096463386,0.444550095002336,0.666218141782263,NA,NA,NA,0.437039934507797,0.26008393488722,0.626918620484294,0.632444608149627,"gallup_wvs_countries"
"satisfied","log_gdp_ppp","region6",167,167,0.655575081706559,0.547221235247291,0.729488285473538,0.653487657959326,0.533159782925778,0.719344096178796,NA,NA,NA,0.418921065966403,0.310567219507135,0.574267022937134,0.583637215953212,"gallup_region6"
"very_satisfied","log_gdp_ppp","region6",167,167,0.378638421154082,0.466823038445638,0.546800489912817,0.374872593403501,0.450264747714136,0.529805508284547,NA,NA,NA,0.229307936310631,0.317492553602186,0.419363077650483,0.428849216239044,"gallup_region6"
"extremely_satisfied","log_gdp_ppp","region6",167,167,0.0567661163120404,0.236853978175017,0.255638593941166,0.0510495473199922,0.213153791161819,0.22772504121396,NA,NA,NA,0.0377753660390946,0.217863227902072,0.147768634839966,0.144079010859589,"gallup_region6"
"completely_satisfied","log_gdp_ppp","region6",167,167,0.0117536972409449,0.272094989706108,0.272150193765645,0.00576432570907193,0.249489244044807,0.244855826031857,NA,NA,NA,0.00590445065024114,0.266245743115404,0.021695559237138,0.00230933385259714,"gallup_region6"
"unsatisfied","log_gdp_ppp","region6",167,167,0.654849436868394,0.515931192092298,0.712900185282634,0.652757615273657,0.500897999300133,0.702133942230733,NA,NA,NA,0.425909215029365,0.286990970253269,0.597431763691449,0.608141486146542,"gallup_region6"
"dissatisfied","log_gdp_ppp","region6",167,167,0.548605788445822,0.386398463525984,0.589984793772779,0.545870065951554,0.367342515188281,0.574609223539258,NA,NA,NA,0.376096059346309,0.21388873442647,0.637467377661186,0.655346924004846,"gallup_region6"
"satisfied_mean","log_gdp_ppp","region6",167,167,0.611491657755444,0.492283473581808,0.67905265146246,0.609137061741841,0.476515879593665,0.667017125892302,NA,NA,NA,0.399130417818048,0.279922233644412,0.587775361687271,0.599413625977565,"gallup_region6"
"satisfied","log_gdp","region6",167,167,0.711581910327954,0.547221235247291,0.757852293738452,0.709833921905699,0.533159782925778,0.748771754753644,NA,NA,NA,0.461106484409558,0.296745809328895,0.608438462506908,0.6179759638757,"gallup_region6"
"very_satisfied","log_gdp","region6",167,167,0.459585240723887,0.466823038445638,0.574550489778211,0.456309999758577,0.450264747714136,0.558596133144893,NA,NA,NA,0.28365634602823,0.290894143749981,0.493701338828773,0.505411111611538,"gallup_region6"
"extremely_satisfied","log_gdp","region6",167,167,0.0880369536087925,0.236853978175017,0.271564333604949,0.0825099048427851,0.213153791161819,0.244247996115135,NA,NA,NA,0.0613736545193621,0.210190679085587,0.226000423931383,0.232558939281019,"gallup_region6"
"completely_satisfied","log_gdp","region6",167,167,0.00608122066951822,0.272094989706108,0.273992455018908,5.74704917577495e-05,0.249489244044807,0.246767172082117,NA,NA,NA,0.003989342991159,0.270003112027749,0.0145600468848082,-0.00539901934371928,"gallup_region6"
"unsatisfied","log_gdp","region6",167,167,0.652639208825261,0.515931192092298,0.728661265323518,0.65053399190905,0.500897999300133,0.71848606277315,NA,NA,NA,0.432684641028241,0.295976624295277,0.593807660183684,0.604132842905376,"gallup_region6"
"dissatisfied","log_gdp","region6",167,167,0.51876513233962,0.386398463525984,0.58947374547728,0.515848557384102,0.367342515188281,0.574079010932678,NA,NA,NA,0.360920207145458,0.228553538331822,0.612275287770842,0.629342859926676,"gallup_region6"
"satisfied_mean","log_gdp","region6",167,167,0.641845882534797,0.492283473581808,0.701709878887,0.639675251519856,0.476515879593665,0.690523999345263,NA,NA,NA,0.425636143919994,0.276073734967005,0.606569975322432,0.618141709832601,"gallup_region6"
"satisfied","group_gdp_ppp","region6",167,167,0.674174607757588,0.547221235247291,0.750132271846486,0.664055806756271,0.533159782925778,0.734115109785363,NA,NA,NA,0.438542822178391,0.311589449668094,0.584620657765993,0.589152247437574,"gallup_region6"
"very_satisfied","group_gdp_ppp","region6",167,167,0.434025089783032,0.466823038445638,0.590153261391928,0.416448229217288,0.450264747714136,0.563881034558077,NA,NA,NA,0.278677656364661,0.311475605027267,0.472212346513812,0.47001449204321,"gallup_region6"
"extremely_satisfied","group_gdp_ppp","region6",167,167,0.0709431592922347,0.236853978175017,0.296897207912939,0.0420904623758445,0.213153791161819,0.251826516112487,NA,NA,NA,0.0654931945150784,0.231404013397861,0.220592153679947,0.160354812061246,"gallup_region6"
"completely_satisfied","group_gdp_ppp","region6",167,167,0.0203140114416719,0.272094989706108,0.294066806181565,-0.0101110192588973,0.249489244044807,0.248814678372691,NA,NA,NA,0.0211429139585647,0.272923892223001,0.0718983357322907,-0.0216739321842935,"gallup_region6"
"unsatisfied","group_gdp_ppp","region6",167,167,0.649861489369515,0.515931192092298,0.716176793659174,0.638987622579749,0.500897999300133,0.697982998380916,NA,NA,NA,0.425053545468196,0.291123248190978,0.593503656124436,0.598920477719326,"gallup_region6"
"dissatisfied","group_gdp_ppp","region6",167,167,0.571676340739197,0.386398463525984,0.609740855418483,0.55837436374352,0.367342515188281,0.584724243586335,NA,NA,NA,0.397509366315848,0.212231489102635,0.651931657167742,0.663352084893529,"gallup_region6"
"satisfied_mean","group_gdp_ppp","region6",167,167,0.610137234968309,0.492283473581808,0.692202752213368,0.59802969568161,0.476515879593665,0.672472159406532,NA,NA,NA,0.405028256799934,0.287174495413433,0.585129509388438,0.59034858498468,"gallup_region6"
"satisfied","cluster5_gdp_ppp","region6",167,167,0.66022523763382,0.547221235247291,0.742632860429628,0.651835737328482,0.533159782925778,0.727879330135785,NA,NA,NA,0.427818431408078,0.31481442902155,0.576083357206381,0.581521723099737,"gallup_region6"
"very_satisfied","cluster5_gdp_ppp","region6",167,167,0.413851374671726,0.466823038445638,0.593960025069044,0.399378569108064,0.450264747714136,0.570683848162173,NA,NA,NA,0.270494180647566,0.323465844421478,0.455408056486837,0.455416489559022,"gallup_region6"
"extremely_satisfied","cluster5_gdp_ppp","region6",167,167,0.0741359080665676,0.236853978175017,0.314964530113543,0.0512750662904334,0.213153791161819,0.275694980884383,NA,NA,NA,0.0761232300025466,0.238841300110996,0.241688262405626,0.206416989616376,"gallup_region6"
"completely_satisfied","cluster5_gdp_ppp","region6",167,167,0.0181066540684839,0.272094989706108,0.309300126536046,-0.0061376260779733,0.249489244044807,0.269705866273781,NA,NA,NA,0.0276558954492109,0.281644231086835,0.0894144330263889,0.0261006487280275,"gallup_region6"
"unsatisfied","cluster5_gdp_ppp","region6",167,167,0.630491899443111,0.515931192092298,0.692608908384617,0.621368242639237,0.500897999300133,0.674987763005391,NA,NA,NA,0.403584807867715,0.289024100516902,0.582702305705253,0.589238835088438,"gallup_region6"
"dissatisfied","cluster5_gdp_ppp","region6",167,167,0.545393882060553,0.386398463525984,0.578179470094605,0.534169039642295,0.367342515188281,0.553998675386653,NA,NA,NA,0.368587444314587,0.209592025780018,0.637496596436184,0.650565815286093,"gallup_region6"
"satisfied_mean","cluster5_gdp_ppp","region6",167,167,0.591231680567609,0.492283473581808,0.673240183262936,0.581138635643353,0.476515879593665,0.654508728800301,NA,NA,NA,0.386094195124368,0.287145988138567,0.573486557580563,0.579924645345417,"gallup_region6"
"satisfied","cluster6_gdp_ppp","region6",167,167,0.693472288828138,0.547221235247291,0.751056711604035,0.683952794692366,0.533159782925778,0.735098808501729,NA,NA,NA,0.448653882592441,0.302402829011594,0.597363522168984,0.602566491757708,"gallup_region6"
"very_satisfied","cluster6_gdp_ppp","region6",167,167,0.433369768331962,0.466823038445638,0.571214049453605,0.415772556168358,0.450264747714136,0.543727770572425,NA,NA,NA,0.268880389669965,0.30233365978364,0.470717395566797,0.468281745560407,"gallup_region6"
"extremely_satisfied","cluster6_gdp_ppp","region6",167,167,0.0714005984216604,0.236853978175017,0.278779923662582,0.0425621076894138,0.213153791161819,0.232547867487107,NA,NA,NA,0.0566632719546127,0.22211665170797,0.203254492684324,0.133211679565577,"gallup_region6"
"completely_satisfied","cluster6_gdp_ppp","region6",167,167,0.0234929872054681,0.272094989706108,0.284420828263449,-0.00683331753970373,0.249489244044807,0.238550368536747,NA,NA,NA,0.0179094128814045,0.266511415382044,0.0629680076200876,-0.037250399479107,"gallup_region6"
"unsatisfied","cluster6_gdp_ppp","region6",167,167,0.656878445241068,0.515931192092298,0.707266985679725,0.646222496335511,0.500897999300133,0.688502048864322,NA,NA,NA,0.424107119414247,0.283159866265477,0.599642183222586,0.605536720823917,"gallup_region6"
"dissatisfied","cluster6_gdp_ppp","region6",167,167,0.570615401671355,0.386398463525984,0.59871987112102,0.557280476257422,0.367342515188281,0.57299678593647,NA,NA,NA,0.391468404633195,0.207251466487825,0.653842345169244,0.665740860796206,"gallup_region6"
"satisfied_mean","cluster6_gdp_ppp","region6",167,167,0.618429509358501,0.492283473581808,0.679849259949687,0.606579494121187,0.476515879593665,0.659326776613129,NA,NA,NA,0.40299764786319,0.276851612086497,0.592775004113433,0.598633651127928,"gallup_region6"
"satisfied","cluster7_gdp_ppp","region6",167,167,0.677654029221964,0.547221235247291,0.752255122836071,0.665566055317788,0.533159782925778,0.734673228327663,NA,NA,NA,0.441343958405372,0.310911164430699,0.586694520259915,0.590112356954538,"gallup_region6"
"very_satisfied","cluster7_gdp_ppp","region6",167,167,0.459094504629199,0.466823038445638,0.616368029042486,0.438810548552794,0.450264747714136,0.589142534329373,NA,NA,NA,0.304319747613024,0.312048281429462,0.493730585095041,0.490278923610243,"gallup_region6"
"extremely_satisfied","cluster7_gdp_ppp","region6",167,167,0.0912085424737384,0.236853978175017,0.324475053203108,0.0571288628165035,0.213153791161819,0.276534573107845,NA,NA,NA,0.0894148087509147,0.235060244452194,0.275567591000423,0.217892546686255,"gallup_region6"
"completely_satisfied","cluster7_gdp_ppp","region6",167,167,0.016154993722833,0.272094989706108,0.305080964623253,-0.0207391940125607,0.249489244044807,0.255764129854581,NA,NA,NA,0.0245704843199892,0.280510480303264,0.0805375856547834,-0.0282766551568641,"gallup_region6"
"unsatisfied","cluster7_gdp_ppp","region6",167,167,0.643372606176509,0.515931192092298,0.707291803066084,0.629999078908128,0.500897999300133,0.686518963283677,NA,NA,NA,0.417366608575148,0.289925194490936,0.590091114821179,0.594025865644332,"gallup_region6"
"dissatisfied","cluster7_gdp_ppp","region6",167,167,0.560538242564995,0.386398463525984,0.598302509639797,0.544058426661182,0.367342515188281,0.569794945807783,NA,NA,NA,0.386221144339404,0.212081365300393,0.645528203737479,0.655069742872478,"gallup_region6"
"satisfied_mean","cluster7_gdp_ppp","region6",167,167,0.609837543282845,0.492283473581808,0.689336824755401,0.595206451155952,0.476515879593665,0.667289760705784,NA,NA,NA,0.403445447228219,0.285891377527182,0.585266059696397,0.588934806549968,"gallup_region6"
"satisfied","cluster7_gdp","region6",167,167,0.70672311231694,0.547221235247291,0.771832220965002,0.695725229028826,0.533159782925778,0.755639668904453,NA,NA,NA,0.465667049017325,0.306165171947676,0.603326780573003,0.607568099447941,"gallup_region6"
"very_satisfied","cluster7_gdp","region6",167,167,0.479883378946633,0.466823038445638,0.613587959602957,0.460379005657132,0.450264747714136,0.586165169639296,NA,NA,NA,0.313324150051976,0.300263809550981,0.510642598421787,0.50862748118352,"gallup_region6"
"extremely_satisfied","cluster7_gdp","region6",167,167,0.0911114686967635,0.236853978175017,0.302121984523188,0.057028148772892,0.213153791161819,0.252595157618382,NA,NA,NA,0.0781897375224668,0.223932247000721,0.258801879796556,0.19095677870278,"gallup_region6"
"completely_satisfied","cluster7_gdp","region6",167,167,0.0281086295996772,0.272094989706108,0.291402139744929,-0.00833729679033501,0.249489244044807,0.241114549662311,NA,NA,NA,0.0237078898192489,0.26769424992568,0.0813579812420081,-0.0346557086584719,"gallup_region6"
"unsatisfied","cluster7_gdp","region6",167,167,0.635414826273568,0.515931192092298,0.711490429758496,0.621742882258826,0.500897999300133,0.69101555703168,NA,NA,NA,0.415487031969883,0.296003397788613,0.583967140796136,0.58744005958259,"gallup_region6"
"dissatisfied","cluster7_gdp","region6",167,167,0.533859791117618,0.386398463525984,0.586052226326009,0.516379533284528,0.367342515188281,0.556675287549145,NA,NA,NA,0.366756776958822,0.219295449367188,0.625809032853673,0.633863512023685,"gallup_region6"
"satisfied_mean","cluster7_gdp","region6",167,167,0.616399316960577,0.492283473581808,0.693366901398462,0.602014291346598,0.476515879593665,0.671605842788031,NA,NA,NA,0.408741372388616,0.284625529009847,0.589502284525291,0.59343159615166,"gallup_region6"
"satisfied","log_gdp_ppp","region_wb",167,167,0.655575081706559,0.45801136268497,0.708232221571721,0.653487657959326,0.437686788785656,0.695387099250979,NA,NA,NA,0.452897970296655,0.255334251275066,0.639476652575304,0.655165999920127,"gallup_region_wb"
"very_satisfied","log_gdp_ppp","region_wb",167,167,0.378638421154082,0.304682136376231,0.478869741853804,0.374872593403501,0.278607716490339,0.455926900300198,NA,NA,NA,0.276413013315828,0.202456728537977,0.577219626042304,0.605570516731714,"gallup_region_wb"
"extremely_satisfied","log_gdp_ppp","region_wb",167,167,0.0567661163120404,0.195481305792008,0.248728966086869,0.0510495473199922,0.165311854759209,0.215654140694467,NA,NA,NA,0.0550068883034503,0.193722077783418,0.221151919572725,0.235079727495007,"gallup_region_wb"
"completely_satisfied","log_gdp_ppp","region_wb",167,167,0.0117536972409449,0.278922295942669,0.279252886071495,0.00576432570907193,0.251881882040519,0.247521881055775,NA,NA,NA,0.00604214368488554,0.27321074238661,0.0216368173302911,0.0028367688511774,"gallup_region_wb"
"unsatisfied","log_gdp_ppp","region_wb",167,167,0.654849436868394,0.525564779182949,0.718943415103047,0.652757615273657,0.507773458402309,0.706569854761672,NA,NA,NA,0.424114036394246,0.294829378708801,0.589912957660871,0.602597185468839,"gallup_region_wb"
"dissatisfied","log_gdp_ppp","region_wb",167,167,0.548605788445822,0.427869260610303,0.590688935340441,0.545870065951554,0.40641435788319,0.572668951361719,NA,NA,NA,0.35571273158798,0.234976203752461,0.602199754060005,0.621759445607066,"gallup_region_wb"
"satisfied_mean","log_gdp_ppp","region_wb",167,167,0.611491657755444,0.456986167026975,0.675978034895235,0.609137061741841,0.436623148290486,0.661712916934648,NA,NA,NA,0.415241762811852,0.260736272083383,0.614282922486095,0.63035404707718,"gallup_region_wb"
"satisfied","log_gdp","region_wb",167,167,0.711581910327954,0.45801136268497,0.754870450041631,0.709833921905699,0.437686788785656,0.744078583062332,NA,NA,NA,0.504220498842308,0.250649951199323,0.667956334513426,0.682875262986332,"gallup_region_wb"
"very_satisfied","log_gdp","region_wb",167,167,0.459585240723887,0.304682136376231,0.545881573601398,0.456309999758577,0.278607716490339,0.525888938476931,NA,NA,NA,0.350392338974527,0.195489234626871,0.641883433915619,0.668954193810289,"gallup_region_wb"
"extremely_satisfied","log_gdp","region_wb",167,167,0.0880369536087925,0.195481305792008,0.278206532360787,0.0825099048427851,0.165311854759209,0.246429461458432,NA,NA,NA,0.0853810900887856,0.192825442272001,0.306898221850739,0.331996650428117,"gallup_region_wb"
"completely_satisfied","log_gdp","region_wb",167,167,0.00608122066951822,0.278922295942669,0.280087573384273,5.74704917577495e-05,0.251881882040519,0.248393315608738,NA,NA,NA,0.003623249055561,0.276464324328712,0.0129361292676487,-0.00690657864849357,"gallup_region_wb"
"unsatisfied","log_gdp","region_wb",167,167,0.652639208825261,0.525564779182949,0.727078453450251,0.65053399190905,0.507773458402309,0.715063039451205,NA,NA,NA,0.427076441546281,0.300002011903969,0.587387013766739,0.599823739747692,"gallup_region_wb"
"dissatisfied","log_gdp","region_wb",167,167,0.51876513233962,0.427869260610303,0.578120395036741,0.515848557384102,0.40641435788319,0.559547079094963,NA,NA,NA,0.334508133383029,0.243612261653712,0.578613272001535,0.597788196551679,"gallup_region_wb"
"satisfied_mean","log_gdp","region_wb",167,167,0.641845882534797,0.456986167026975,0.702495317208586,0.639675251519856,0.436623148290486,0.689397626771228,NA,NA,NA,0.443677516358204,0.258817800850382,0.631573628307143,0.64726777069161,"gallup_region_wb"
"satisfied","group_gdp_ppp","region_wb",167,167,0.674174607757588,0.45801136268497,0.745636565298844,0.664055806756271,0.437686788785656,0.72758496670715,NA,NA,NA,0.480899905185731,0.264736660113113,0.644952149031199,0.655561912579846,"gallup_region_wb"
"very_satisfied","group_gdp_ppp","region_wb",167,167,0.434025089783032,0.304682136376231,0.577183635673141,0.416448229217288,0.278607716490339,0.547177313043493,NA,NA,NA,0.353263294539971,0.22392034113317,0.61204662209104,0.625955983043464,"gallup_region_wb"
"extremely_satisfied","group_gdp_ppp","region_wb",167,167,0.0709431592922347,0.195481305792008,0.301635817466551,0.0420904623758445,0.165311854759209,0.252074488383533,NA,NA,NA,0.0885488354833889,0.213086981983163,0.293562071729788,0.255585356587371,"gallup_region_wb"
"completely_satisfied","group_gdp_ppp","region_wb",167,167,0.0203140114416719,0.278922295942669,0.291751749854803,-0.0101110192588973,0.251881882040519,0.24148897081224,NA,NA,NA,0.0165717326769027,0.2751800171779,0.0568007996015449,-0.0424531406511278,"gallup_region_wb"
"unsatisfied","group_gdp_ppp","region_wb",167,167,0.649861489369515,0.525564779182949,0.720252180752989,0.638987622579749,0.507773458402309,0.700399109709653,NA,NA,NA,0.422274445469778,0.297977735283211,0.586286937761591,0.593670995835384,"gallup_region_wb"
"dissatisfied","group_gdp_ppp","region_wb",167,167,0.571676340739197,0.427869260610303,0.612371948628114,0.55837436374352,0.40641435788319,0.5848628611114,NA,NA,NA,0.378089514378504,0.23428243424961,0.617418082630223,0.6299108012873,"gallup_region_wb"
"satisfied_mean","group_gdp_ppp","region_wb",167,167,0.610137234968309,0.456986167026975,0.692246733020246,0.59802969568161,0.436623148290486,0.670406178589425,NA,NA,NA,0.42269890048079,0.269547832539456,0.610618844868463,0.620379668733613,"gallup_region_wb"
"satisfied","cluster5_gdp_ppp","region_wb",167,167,0.66022523763382,0.45801136268497,0.737685228725156,0.651835737328482,0.437686788785656,0.720870179284461,NA,NA,NA,0.469949551837003,0.267735676888153,0.637059728916024,0.648535030784178,"gallup_region_wb"
"very_satisfied","cluster5_gdp_ppp","region_wb",167,167,0.413851374671726,0.304682136376231,0.566261975596458,0.399378569108064,0.278607716490339,0.53845825608341,NA,NA,NA,0.337715606945976,0.228546368650482,0.596394639760602,0.612145046763864,"gallup_region_wb"
"extremely_satisfied","cluster5_gdp_ppp","region_wb",167,167,0.0741359080665676,0.195481305792008,0.318322916120894,0.0512750662904334,0.165311854759209,0.274625667154284,NA,NA,NA,0.0984887591977264,0.219834156923167,0.309398897188797,0.292377767070276,"gallup_region_wb"
"completely_satisfied","cluster5_gdp_ppp","region_wb",167,167,0.0181066540684839,0.278922295942669,0.297075590846591,-0.0061376260779733,0.251881882040519,0.252016333849577,NA,NA,NA,0.0181299744862027,0.278945616360388,0.0610281525807517,-0.0119102880698567,"gallup_region_wb"
"unsatisfied","cluster5_gdp_ppp","region_wb",167,167,0.630491899443111,0.525564779182949,0.70415572233043,0.621368242639237,0.507773458402309,0.685191345556739,NA,NA,NA,0.404541421295296,0.299614301035134,0.574505622075257,0.582892745926781,"gallup_region_wb"
"dissatisfied","cluster5_gdp_ppp","region_wb",167,167,0.545393882060553,0.427869260610303,0.589441639714425,0.534169039642295,0.40641435788319,0.563123796106375,NA,NA,NA,0.353483130582337,0.235958509132087,0.599691482185742,0.613433922205422,"gallup_region_wb"
"satisfied_mean","cluster5_gdp_ppp","region_wb",167,167,0.591231680567609,0.456986167026975,0.678286116784758,0.581138635643353,0.436623148290486,0.657663431963268,NA,NA,NA,0.406265815162696,0.272020301622062,0.598959355217966,0.609870398998357,"gallup_region_wb"
"satisfied","cluster6_gdp_ppp","region_wb",167,167,0.693472288828138,0.45801136268497,0.746285751764865,0.683952794692366,0.437686788785656,0.728280224470759,NA,NA,NA,0.490873338954017,0.255412412810848,0.657755206759834,0.669073659857833,"gallup_region_wb"
"very_satisfied","cluster6_gdp_ppp","region_wb",167,167,0.433369768331962,0.304682136376231,0.553445975539356,0.415772556168358,0.278607716490339,0.521755044771181,NA,NA,NA,0.341066803747543,0.212379171791812,0.616260337633063,0.631445628607361,"gallup_region_wb"
"extremely_satisfied","cluster6_gdp_ppp","region_wb",167,167,0.0714005984216604,0.195481305792008,0.281190894317118,0.0425621076894138,0.165311854759209,0.230178635204139,NA,NA,NA,0.0785550934733849,0.202635800843733,0.279365708708878,0.23335981647269,"gallup_region_wb"
"completely_satisfied","cluster6_gdp_ppp","region_wb",167,167,0.0234929872054681,0.278922295942669,0.283755520782019,-0.00683331753970373,0.251881882040519,0.232925267418162,NA,NA,NA,0.0141631060224088,0.26959241475961,0.0499130589014652,-0.0553609585768155,"gallup_region_wb"
"unsatisfied","cluster6_gdp_ppp","region_wb",167,167,0.656878445241068,0.525564779182949,0.714857151970109,0.646222496335511,0.507773458402309,0.694621207916375,NA,NA,NA,0.423085409014114,0.291771742955995,0.591846088198338,0.599657940439582,"gallup_region_wb"
"dissatisfied","cluster6_gdp_ppp","region_wb",167,167,0.570615401671355,0.427869260610303,0.604282475471243,0.557280476257422,0.40641435788319,0.576199296311138,NA,NA,NA,0.373514308266147,0.230768167205096,0.618112097285075,0.630914875582187,"gallup_region_wb"
"satisfied_mean","cluster6_gdp_ppp","region_wb",167,167,0.618429509358501,0.456986167026975,0.681432891771952,0.606579494121187,0.436623148290486,0.658824903446091,NA,NA,NA,0.421438117051739,0.259994774720213,0.618458724462008,0.628984457738101,"gallup_region_wb"
"satisfied","cluster7_gdp_ppp","region_wb",167,167,0.677654029221964,0.45801136268497,0.746965225471759,0.665566055317788,0.437686788785656,0.727248230053974,NA,NA,NA,0.483303946004377,0.263661279467382,0.647023354667064,0.656672273038891,"gallup_region_wb"
"very_satisfied","cluster7_gdp_ppp","region_wb",167,167,0.459094504629199,0.304682136376231,0.603478925979318,0.438810548552794,0.278607716490339,0.572581179951732,NA,NA,NA,0.378945647116143,0.224533278863175,0.627935178517121,0.639895300152862,"gallup_region_wb"
"extremely_satisfied","cluster7_gdp_ppp","region_wb",167,167,0.0912085424737384,0.195481305792008,0.325829177120163,0.0571288628165035,0.165311854759209,0.273296385726929,NA,NA,NA,0.110778206900947,0.215050970219217,0.339988603476393,0.302077529025944,"gallup_region_wb"
"completely_satisfied","cluster7_gdp_ppp","region_wb",167,167,0.016154993722833,0.278922295942669,0.297310876846731,-0.0207391940125607,0.251881882040519,0.242555880237386,NA,NA,NA,0.0172717873134476,0.280039089533284,0.0580933583615628,-0.0619758131327712,"gallup_region_wb"
"unsatisfied","cluster7_gdp_ppp","region_wb",167,167,0.643372606176509,0.525564779182949,0.713224251629224,0.629999078908128,0.507773458402309,0.690878089418514,NA,NA,NA,0.415516039311392,0.297708212317832,0.582588208914973,0.588456720786073,"gallup_region_wb"
"dissatisfied","cluster7_gdp_ppp","region_wb",167,167,0.560538242564995,0.427869260610303,0.601610338944483,0.544058426661182,0.40641435788319,0.570566988732365,NA,NA,NA,0.367139660449587,0.234470678494896,0.610261554170975,0.620620428009512,"gallup_region_wb"
"satisfied_mean","cluster7_gdp_ppp","region_wb",167,167,0.609837543282845,0.456986167026975,0.690062674550132,0.595206451155952,0.436623148290486,0.665911714125467,NA,NA,NA,0.421457025403001,0.268605649147131,0.610751806968489,0.619072318072773,"gallup_region_wb"
"satisfied","cluster7_gdp","region_wb",167,167,0.70672311231694,0.45801136268497,0.770747005662843,0.695725229028826,0.437686788785656,0.752883135974233,NA,NA,NA,0.509729377647407,0.261017628015436,0.661344609712806,0.671366861544366,"gallup_region_wb"
"very_satisfied","cluster7_gdp","region_wb",167,167,0.479883378946633,0.304682136376231,0.604615214906341,0.460379005657132,0.278607716490339,0.573806010873068,NA,NA,NA,0.389908228738371,0.214706986167969,0.644886564422252,0.658390889710462,"gallup_region_wb"
"extremely_satisfied","cluster7_gdp","region_wb",167,167,0.0911114686967635,0.195481305792008,0.30450934451324,0.057028148772892,0.165311854759209,0.250315267462324,NA,NA,NA,0.100069753708998,0.204439590804242,0.328626216279043,0.283705350688178,"gallup_region_wb"
"completely_satisfied","cluster7_gdp","region_wb",167,167,0.0281086295996772,0.278922295942669,0.293785962426413,-0.00833729679033501,0.251881882040519,0.238756297160938,NA,NA,NA,0.0214861480417105,0.272299814384702,0.07313538013952,-0.0449472577794424,"gallup_region_wb"
"unsatisfied","cluster7_gdp","region_wb",167,167,0.635414826273568,0.525564779182949,0.716410862820285,0.621742882258826,0.507773458402309,0.694313007975113,NA,NA,NA,0.413130454955452,0.303280407864833,0.576666932895304,0.582073519109844,"gallup_region_wb"
"dissatisfied","cluster7_gdp","region_wb",167,167,0.533859791117618,0.427869260610303,0.590949914467425,0.516379533284528,0.40641435788319,0.559075881828522,NA,NA,NA,0.34847022248737,0.242479691980055,0.589678099541511,0.598345483122689,"gallup_region_wb"
"satisfied_mean","cluster7_gdp","region_wb",167,167,0.616399316960577,0.456986167026975,0.694687884054077,0.602014291346598,0.436623148290486,0.670897329564784,NA,NA,NA,0.42705051699384,0.267637367060237,0.614737246461889,0.623261142776796,"gallup_region_wb"
"satisfied_mean","log_gdp_ppp","region",147,147,0.634402085973701,0.552498170883271,0.714880840455872,0.631880721049382,0.539892485556039,0.704770231961399,0.62414669675885,0.524259123934432,0.686750917117317,0.398392377773151,0.316488462682721,0.557285012029558,0.565261152728696,"whr_2025"
"satisfied_mean","log_gdp","region",147,147,0.662199127847652,0.552498170883271,0.741916331404164,0.659869466660395,0.539892485556039,0.732764428262468,0.652905379744753,0.524259123934432,0.716484272811273,0.425808644184273,0.316107687219892,0.573930814244754,0.581865997090528,"whr_2025"
"satisfied_mean","group_gdp_ppp","region",147,147,0.640567703991721,0.552498170883271,0.717619718421947,0.627821877892136,0.539892485556039,0.699069188975213,0.609496783617127,0.524259123934432,0.669890995480947,0.402844625765198,0.314775092656749,0.561362258343538,0.562890335980187,"whr_2025"
"satisfied_mean","cluster5_gdp_ppp","region",147,147,0.626004842101009,0.552498170883271,0.723814866608955,0.615469767230615,0.539892485556039,0.70780413423846,0.597849092176528,0.524259123934432,0.680627363123616,0.398660768913346,0.325154097695609,0.550777259910475,0.553388556253553,"whr_2025"
"satisfied_mean","cluster6_gdp_ppp","region",147,147,0.627607669037774,0.552498170883271,0.710965525923272,0.614402267230603,0.539892485556039,0.691977859743049,0.591945652477734,0.524259123934432,0.658144433534698,0.393037512038887,0.317928013884385,0.552822180131002,0.553838269986146,"whr_2025"
"satisfied_mean","cluster7_gdp_ppp","region",147,147,0.63323422376155,0.552498170883271,0.717252551308037,0.617515690494188,0.539892485556039,0.696462297727745,0.592208305289371,0.524259123934432,0.660076729066085,0.398994302093158,0.318258249214879,0.556281467895125,0.555726781759328,"whr_2025"
"satisfied_mean","cluster7_gdp","region",147,147,0.634019810126546,0.552498170883271,0.721153796795391,0.618334944846255,0.539892485556039,0.700650399500935,0.596391127921988,0.524259123934432,0.666928197050864,0.401337718019333,0.319816078776058,0.556521673743891,0.55597831625165,"whr_2025"
"satisfied","log_gdp_ppp","region",337,112,0.317239571532451,0.395476069270876,0.532376911587574,0.315201480701205,0.388192648418718,0.525313118711253,NA,NA,NA,0.227070206924575,0.305306704662999,0.426521515081186,0.430526037597746,"wvs_satisfaction"
"very_satisfied","log_gdp_ppp","region",337,112,0.211294834343269,0.418397290996665,0.48228155804719,0.208940490565189,0.411390029442408,0.474461037776,NA,NA,NA,0.137589550696897,0.344692007350293,0.285288849223288,0.286653146667021,"wvs_satisfaction"
"extremely_satisfied","log_gdp_ppp","region",337,112,0.0376088785370965,0.343181973542676,0.351148217131932,0.0347360692192968,0.335268503344395,0.341346830683774,NA,NA,NA,0.0227875610631761,0.328360656068756,0.064894423355749,0.0597843496553306,"wvs_satisfaction"
"completely_satisfied","log_gdp_ppp","region",337,112,0.000597586263219707,0.315135691529929,0.315372750981802,-0.00238570452405429,0.306884314319447,0.305030949637117,NA,NA,NA,0.000417322857546365,0.314955428124256,0.00132326859643763,-0.00694858867834123,"wvs_satisfaction"
"unsatisfied","log_gdp_ppp","region",337,112,0.274206138401721,0.379842237390487,0.494648388955961,0.272039589561129,0.372370457118083,0.487014678819344,NA,NA,NA,0.194506144983597,0.300142243972363,0.39322102189423,0.396994000468134,"wvs_satisfaction"
"dissatisfied","log_gdp_ppp","region",337,112,0.230545484405365,0.286655608262159,0.372925397498135,0.228248605254337,0.27806109751833,0.363452971478469,NA,NA,NA,0.15840763682067,0.214517760677464,0.424770310317797,0.431473263155115,"wvs_satisfaction"
"satisfied_mean","log_gdp_ppp","region",337,112,0.234101696128982,0.415005942920954,0.502397509436287,0.231815432535337,0.407957821751327,0.49488085550028,NA,NA,NA,0.160746631322158,0.34165087811413,0.319959052946984,0.322035559409622,"wvs_satisfaction"
"satisfied","log_gdp","region",337,112,0.379744116962979,0.395476069270876,0.537121215730287,0.377892606864361,0.388192648418718,0.530129089079687,NA,NA,NA,0.260694631711195,0.276426584019092,0.485355305425324,0.490285345808662,"wvs_satisfaction"
"very_satisfied","log_gdp","region",337,112,0.269674644762604,0.418397290996665,0.488237458901571,0.267494569075328,0.411390029442408,0.480506906921232,NA,NA,NA,0.169757406333755,0.318480052567816,0.347694350850655,0.350267021873768,"wvs_satisfaction"
"extremely_satisfied","log_gdp","region",337,112,0.0580300229293534,0.343181973542676,0.351115999947591,0.0552181722515306,0.335268503344395,0.341314126835017,NA,NA,NA,0.0329820246671341,0.318133975280457,0.0939348382644401,0.0897469382680514,"wvs_satisfaction"
"completely_satisfied","log_gdp","region",337,112,4.05766874866931e-06,0.315135691529929,0.315717073359422,-0.0029810048456731,0.306884314319447,0.305380473259111,NA,NA,NA,0.000292719749120762,0.315424353610301,0.000927158439694267,-0.00734304629589572,"wvs_satisfaction"
"unsatisfied","log_gdp","region",337,112,0.331806833801963,0.379842237390487,0.500944619257296,0.3298122273357,0.372370457118083,0.493406018339732,NA,NA,NA,0.226454607834386,0.27449001142291,0.45205517562027,0.456873013096205,"wvs_satisfaction"
"dissatisfied","log_gdp","region",337,112,0.271659512502118,0.286655608262159,0.383467648748788,0.269485361793169,0.27806109751833,0.37415447123744,NA,NA,NA,0.184235776494373,0.199231872254415,0.480446726328842,0.488539845993557,"wvs_satisfaction"
"satisfied_mean","log_gdp","region",337,112,0.290284980164839,0.415005942920954,0.507020928242242,0.288166427866823,0.407957821751327,0.499574114469466,NA,NA,NA,0.191149982743063,0.315870945499179,0.377006099937036,0.380106484288404,"wvs_satisfaction"
"satisfied","group_gdp_ppp","region",337,112,0.32171747114752,0.395476069270876,0.53290814193547,0.311471511497181,0.388192648418718,0.520052402722685,NA,NA,NA,0.229574771906057,0.303333370029413,0.430796142600232,0.426237109452941,"wvs_satisfaction"
"very_satisfied","group_gdp_ppp","region",337,112,0.204859297284634,0.418397290996665,0.474287287669509,0.192848108421864,0.411390029442408,0.459818130449403,NA,NA,NA,0.130374646978739,0.34391264069077,0.274885391972778,0.262360478471182,"wvs_satisfaction"
"extremely_satisfied","group_gdp_ppp","region",337,112,0.0304716407732175,0.343181973542676,0.34985286923977,0.0158261972803657,0.335268503344395,0.331958911512424,NA,NA,NA,0.0185712682351554,0.331281601004614,0.0530830811120995,0.0188526426227992,"wvs_satisfaction"
"completely_satisfied","group_gdp_ppp","region",337,112,0.0116258010002672,0.315135691529929,0.322473737971696,-0.00330432285169246,0.306884314319447,0.303826226172752,NA,NA,NA,0.00948192372101714,0.312991814250679,0.0294037082853841,-0.0104704769541015,"wvs_satisfaction"
"unsatisfied","group_gdp_ppp","region",337,112,0.288331383271353,0.379842237390487,0.50824668441468,0.277581102051887,0.372370457118083,0.494712189490314,NA,NA,NA,0.208367915147773,0.299878769266907,0.409973978261637,0.404197473723202,"wvs_satisfaction"
"dissatisfied","group_gdp_ppp","region",337,112,0.251378843959413,0.286655608262159,0.395603132008952,0.240070367282063,0.27806109751833,0.378968355825712,NA,NA,NA,0.180163183853103,0.215439948155849,0.455413947150009,0.449876118081823,"wvs_satisfaction"
"satisfied_mean","group_gdp_ppp","region",337,112,0.228334185981432,0.415005942920954,0.498463670607848,0.216677602688101,0.407957821751327,0.484659918422742,NA,NA,NA,0.155895956834163,0.342567713773685,0.312752896603391,0.302665527112577,"wvs_satisfaction"
"satisfied","cluster5_gdp_ppp","region",337,112,0.295666505708718,0.395476069270876,0.521637369974455,0.287180559994366,0.388192648418718,0.50996998875432,NA,NA,NA,0.210913903206149,0.310723466768306,0.404330508790959,0.400962712853859,"wvs_satisfaction"
"very_satisfied","cluster5_gdp_ppp","region",337,112,0.193463120490459,0.418397290996665,0.474150460540909,0.183745808689139,0.411390029442408,0.461324862017516,NA,NA,NA,0.124608145017351,0.349542315523557,0.262802961058392,0.253271241704045,"wvs_satisfaction"
"extremely_satisfied","cluster5_gdp_ppp","region",337,112,0.0362551030760165,0.343181973542676,0.354136985425622,0.0246437187757276,0.335268503344395,0.338384228972589,NA,NA,NA,0.0236050574794812,0.330531927946141,0.0666551601525362,0.0410176391615603,"wvs_satisfaction"
"completely_satisfied","cluster5_gdp_ppp","region",337,112,0.0275695248063794,0.315135691529929,0.326866221488489,0.0158534949847696,0.306884314319447,0.310448324451622,NA,NA,NA,0.0196500273824693,0.307216194106019,0.0601164210024112,0.0312733289046489,"wvs_satisfaction"
"unsatisfied","cluster5_gdp_ppp","region",337,112,0.256331015744869,0.379842237390487,0.490349470077033,0.247371148464686,0.372370457118083,0.477918969347205,NA,NA,NA,0.183419124215707,0.306930345861326,0.374057963572169,0.369225416157749,"wvs_satisfaction"
"dissatisfied","cluster5_gdp_ppp","region",337,112,0.215029297704512,0.286655608262159,0.372289057725568,0.205571819363603,0.27806109751833,0.356979034743265,NA,NA,NA,0.15033137358396,0.221957684141607,0.403802825961049,0.398468437779742,"wvs_satisfaction"
"satisfied_mean","cluster5_gdp_ppp","region",337,112,0.205499557316533,0.415005942920954,0.490944261421202,0.195927262826371,0.407957821751327,0.478528267797328,NA,NA,NA,0.14071893790839,0.350225323512811,0.286629153177252,0.278455555090888,"wvs_satisfaction"
"satisfied","cluster6_gdp_ppp","region",337,112,0.315911998061694,0.395476069270876,0.533622884134691,0.30557834244329,0.388192648418718,0.520786816725554,NA,NA,NA,0.227029406462755,0.306593477671937,0.425449157471759,0.420683182328938,"wvs_satisfaction"
"very_satisfied","cluster6_gdp_ppp","region",337,112,0.198564293039802,0.418397290996665,0.470097216840909,0.18645801347847,0.411390029442408,0.455512736570475,NA,NA,NA,0.125132109442023,0.344965107398886,0.266183472182458,0.253100190285088,"wvs_satisfaction"
"extremely_satisfied","cluster6_gdp_ppp","region",337,112,0.0365161638291706,0.343181973542676,0.350437873320671,0.0219620273311217,0.335268503344395,0.332560016623074,NA,NA,NA,0.0218860318035825,0.328551841517088,0.062453386091507,0.0289474675959362,"wvs_satisfaction"
"completely_satisfied","cluster6_gdp_ppp","region",337,112,0.0304241745433923,0.315135691529929,0.327560227135386,0.0157780140380055,0.306884314319447,0.309052710451039,NA,NA,NA,0.0214243550744248,0.306135872060962,0.0654058499769256,0.0290345458278086,"wvs_satisfaction"
"unsatisfied","cluster6_gdp_ppp","region",337,112,0.283024033192057,0.379842237390487,0.508582085408051,0.272193580521242,0.372370457118083,0.495056821703686,NA,NA,NA,0.205881940604811,0.302700144803241,0.404815557826079,0.398822850019425,"wvs_satisfaction"
"dissatisfied","cluster6_gdp_ppp","region",337,112,0.256072534586903,0.286655608262159,0.399729024354887,0.244834959580663,0.27806109751833,0.383207804841719,NA,NA,NA,0.184572975339816,0.215156049015071,0.461745242637043,0.456647362713045,"wvs_satisfaction"
"satisfied_mean","cluster6_gdp_ppp","region",337,112,0.222672438587151,0.415005942920954,0.496392387312052,0.21093033040871,0.407957821751327,0.482531627329815,NA,NA,NA,0.152029441489125,0.344362945822927,0.306268680533879,0.295839816311204,"wvs_satisfaction"
"satisfied","cluster7_gdp_ppp","region",337,112,0.322957699429091,0.395476069270876,0.536275275368726,0.310647839418711,0.388192648418718,0.522050590564086,NA,NA,NA,0.231878452763471,0.304396822605255,0.432386991184776,0.425730560982396,"wvs_satisfaction"
"very_satisfied","cluster7_gdp_ppp","region",337,112,0.212776331409414,0.418397290996665,0.478293720412862,0.198463173798676,0.411390029442408,0.462290460302827,NA,NA,NA,0.136336380412806,0.341957340000056,0.28504739785235,0.269704467290703,"wvs_satisfaction"
"extremely_satisfied","cluster7_gdp_ppp","region",337,112,0.0442990929501805,0.343181973542676,0.354125233427606,0.026922712822002,0.335268503344395,0.334313124023545,NA,NA,NA,0.0276211764175552,0.326504057010051,0.0779983288685974,0.0388368443162329,"wvs_satisfaction"
"completely_satisfied","cluster7_gdp_ppp","region",337,112,0.029704640521983,0.315135691529929,0.326815141271049,0.0120629067132918,0.306884314319447,0.30616529897875,NA,NA,NA,0.0206920451315512,0.306123096139498,0.0633142180961254,0.0185257627341076,"wvs_satisfaction"
"unsatisfied","cluster7_gdp_ppp","region",337,112,0.287142540626769,0.379842237390487,0.509396322704998,0.274181495910892,0.372370457118083,0.494347130149937,NA,NA,NA,0.20834831297064,0.301048009734358,0.409010241503645,0.400688245952384,"wvs_satisfaction"
"dissatisfied","cluster7_gdp_ppp","region",337,112,0.258134193981952,0.286655608262159,0.399972252783753,0.244645724781624,0.27806109751833,0.38156649366669,NA,NA,NA,0.185725419251773,0.21424683353198,0.464345758884895,0.456212910080758,"wvs_satisfaction"
"satisfied_mean","cluster7_gdp_ppp","region",337,112,0.231221459018193,0.415005942920954,0.499936867605069,0.217243667363979,0.407957821751327,0.484597507715653,NA,NA,NA,0.158076191851154,0.341860675753915,0.31619230765759,0.303224169180774,"wvs_satisfaction"
"satisfied","cluster7_gdp","region",337,112,0.381162699729538,0.395476069270876,0.540418870581517,0.369911112451893,0.388192648418718,0.526321289924508,NA,NA,NA,0.26305275052009,0.277366120061427,0.48675715234931,0.482632722334445,"wvs_satisfaction"
"very_satisfied","cluster7_gdp","region",337,112,0.26094908948884,0.418397290996665,0.485171362603939,0.247511800206819,0.411390029442408,0.469379073113262,NA,NA,NA,0.163861580548057,0.321309782055882,0.337739597136574,0.325430831259019,"wvs_satisfaction"
"extremely_satisfied","cluster7_gdp","region",337,112,0.0621798970167604,0.343181973542676,0.356618367085253,0.0451286224170652,0.335268503344395,0.336882734173758,NA,NA,NA,0.0378081452796686,0.318810221805585,0.106018502604579,0.0693755549109244,"wvs_satisfaction"
"completely_satisfied","cluster7_gdp","region",337,112,0.0344041714073544,0.315135691529929,0.330117851452595,0.0168478836147608,0.306884314319447,0.309569319288564,NA,NA,NA,0.0246931656650098,0.305424685787585,0.0748010613674911,0.0315484890892408,"wvs_satisfaction"
"unsatisfied","cluster7_gdp","region",337,112,0.344519692778141,0.379842237390487,0.513631088180707,0.332601869010471,0.372370457118083,0.498711796407109,NA,NA,NA,0.23915427178418,0.274476816396527,0.465614868896021,0.460128687155468,"wvs_satisfaction"
"dissatisfied","cluster7_gdp","region",337,112,0.293470286562652,0.286655608262159,0.403231481575955,0.280624291772882,0.27806109751833,0.384925698802212,NA,NA,NA,0.205023079938224,0.198208401637731,0.508450082163549,0.503329466261318,"wvs_satisfaction"
"satisfied_mean","cluster7_gdp","region",337,112,0.289480656438607,0.415005942920954,0.507603538448535,0.276562122919309,0.407957821751327,0.492499352511374,NA,NA,NA,0.191039125983094,0.316564412465441,0.376354992652328,0.366603176063075,"wvs_satisfaction"
