"country","code","year","region","satisfied","very_satisfied","extremely_satisfied","completely_satisfied","unsatisfied","dissatisfied","satisfied_mean","n","gdp_ppp","gdp","source_ppp"
"Afghanistan","AFG",2008,"Asia",0.146825396825397,0.0198412698412698,0.00992063492063492,0.00595238095238095,0.670634920634921,0.250992063492063,3.75396825396825,1010,2191.50435559062,417.647282647498,"wb"
"Afghanistan","AFG",2009,"Asia",0.252758274824473,0.0551654964894684,0.0160481444332999,0.00551654964894684,0.484954864593781,0.110330992978937,4.53059177532598,2000,2565.02208584099,488.830652491949,"wb"
"Afghanistan","AFG",2010,"Asia",0.319,0.086,0.034,0.004,0.443,0.107,4.787,1000,2848.58606111495,542.871030476037,"wb"
"Afghanistan","AFG",2011,"Asia",0.154,0.042,0.015,0.006,0.587,0.281,3.949,1000,2757.05258747725,525.42698276582,"wb"
"Afghanistan","AFG",2012,"Asia",0.141206030150754,0.0422110552763819,0.0110552763819095,0.00301507537688442,0.612060301507538,0.293467336683417,3.85527638190955,2000,2985.31914452845,568.929021458341,"wb"
"Afghanistan","AFG",2013,"Asia",0.054,0.007,0.004,0,0.817,0.218,3.572,1000,3046.57993117128,580.603833333096,"wb"
"Afghanistan","AFG",2014,"Asia",0.0552016985138004,0,0,0,0.849256900212314,0.374734607218684,3.16666666666667,1000,3017.94254424696,575.146245808546,"wb"
"Afghanistan","AFG",2015,"Asia",0.222668004012036,0.0641925777331996,0.0300902708124373,0.0170511534603811,0.55667001003009,0.271815446339017,4.04012036108325,1000,2967.692067153,565.569730408751,"wb"
"Afghanistan","AFG",2016,"Asia",0.227,0.044,0.013,0.008,0.529,0.173,4.252,1000,2958.7853992308,563.872336723147,"wb"
"Afghanistan","AFG",2017,"Asia",0.0403309203722854,0,0,0,0.894519131334023,0.434332988624612,2.66184074457084,1000,2952.99891598909,562.769574140988,"wb"
"Afghanistan","AFG",2018,"Asia",0.0371900826446281,0,0,0,0.875,0.411157024793388,2.71177685950413,1000,2902.39211285546,553.125151688293,"wb"
"Afghanistan","AFG",2019,"Asia",0.00535236396074933,0.00178412132024978,0.00178412132024978,0.00178412132024978,0.934879571810883,0.536128456735058,2.37198929527208,1127,2927.2451435353,557.861533207459,"wb"
"Afghanistan","AFG",2021,"Asia",0.00501002004008016,0.00100200400801603,0,0,0.952905811623247,0.523046092184369,2.46092184368737,1000,2144.16657002819,408.625855217403,"wb"
"Afghanistan","AFG",2022,"Asia",0.00100300902708124,0,0,0,0.993981945837513,0.872617853560682,1.25476429287864,1000,1981.71016810561,377.665627080705,"wb"
"Afghanistan","AFG",2023,"Asia",0.00700700700700701,0.002002002002002,0,0,0.977977977977978,0.827827827827828,1.40840840840841,1000,1983.81261992909,378.06630312259,"wb"
"Angola","AGO",2011,"Africa",0.490413723511604,0.174571140262361,0.0645812310797175,0.029263370332997,0.267406659939455,0.0918264379414733,5.49142280524723,1000,11034.5919687814,3528.16824373698,"wb"
"Angola","AGO",2012,"Africa",0.315206445115811,0.108761329305136,0.0352467270896274,0.0231621349446123,0.501510574018127,0.208459214501511,4.57401812688822,1000,11516.8133246588,3682.35229323075,"wb"
"Angola","AGO",2013,"Africa",0.20507614213198,0.0934010152284264,0.0619289340101523,0.0385786802030457,0.660913705583756,0.325888324873096,3.89644670050761,1000,11622.978345524,3716.29718727597,"wb"
"Angola","AGO",2014,"Africa",0.176772867420349,0.0719424460431655,0.0493319630010277,0.0215827338129496,0.681397738951696,0.279547790339157,3.82219938335046,1000,11718.4286832376,3746.81619978931,"wb"
"Albania","ALB",2006,"Eastern Europe",0.324352331606218,0.0632124352331606,0.0207253886010363,0.00414507772020725,0.455958549222798,0.10259067357513,4.73678756476684,981,9563.98954154527,2894.36032580174,"wb"
"Albania","ALB",2009,"Eastern Europe",0.485456369107322,0.123370110330993,0.0501504513540622,0.0320962888665998,0.284854563691073,0.0561685055165497,5.46238716148445,1000,11430.5746310655,3459.24695646692,"wb"
"Albania","ALB",2010,"Eastern Europe",0.448136958710977,0.13595166163142,0.0292044310171198,0.0120845921450151,0.357502517623364,0.0473313192346425,5.3202416918429,1000,11829.0042369631,3579.82413181046,"wb"
"Albania","ALB",2011,"Eastern Europe",0.641791044776119,0.196019900497512,0.0507462686567164,0.0169154228855721,0.178109452736318,0.0338308457711443,6.01592039800995,1006,12153.0636591785,3677.89457937717,"wb"
"Albania","ALB",2012,"Eastern Europe",0.537414965986395,0.174927113702624,0.0359572400388727,0.010689990281827,0.244897959183673,0.0680272108843537,5.61321671525753,1029,12463.518369846,3771.84781862015,"wb"
"Albania","ALB",2013,"Eastern Europe",0.377777777777778,0.12463768115942,0.0396135265700483,0.0183574879227053,0.372946859903382,0.132367149758454,4.92850241545894,1035,12873.4298184073,3895.89975621942,"wb"
"Albania","ALB",2014,"Eastern Europe",0.36697247706422,0.162079510703364,0.0682976554536188,0.0519877675840979,0.341488277268094,0.17940876656473,4.87767584097859,999,13366.5040948145,4045.11934884933,"wb"
"Albania","ALB",2015,"Eastern Europe",0.340060544904137,0.147325933400605,0.0645812310797175,0.0504540867810293,0.364278506559031,0.207870837537841,4.69727547931382,1000,13876.7616296598,4199.53912925398,"wb"
"Albania","ALB",2016,"Eastern Europe",0.312627291242363,0.119144602851324,0.0509164969450102,0.0397148676171079,0.393075356415479,0.219959266802444,4.5193482688391,999,14643.4285614716,4431.55635814168,"wb"
"Albania","ALB",2017,"Eastern Europe",0.333333333333333,0.139817629179331,0.07193515704154,0.0577507598784195,0.342451874366768,0.204660587639311,4.75075987841945,1000,15359.3974577025,4648.23078660658,"wb"
"Albania","ALB",2018,"Eastern Europe",0.377686796315251,0.159672466734903,0.0788126919140225,0.0644831115660184,0.326509723643808,0.169907881269191,4.97134083930399,1000,16170.9234325287,4893.82375538717,"wb"
"Albania","ALB",2019,"Eastern Europe",0.354536950420954,0.161833489242282,0.0804490177736202,0.0626753975678204,0.361085126286249,0.198316183348924,4.84752104770814,1080,16761.1230178682,5072.43648354739,"wb"
"Albania","ALB",2020,"Eastern Europe",0.466531440162272,0.237322515212982,0.123732251521298,0.102434077079108,0.292089249492901,0.150101419878296,5.45334685598377,1000,16457.7189744991,4980.61699524696,"wb"
"Albania","ALB",2021,"Eastern Europe",0.36734693877551,0.144897959183673,0.0724489795918367,0.0489795918367347,0.324489795918367,0.169387755102041,4.93061224489796,1000,18212.794718288,5511.75743402862,"wb"
"Albania","ALB",2022,"Eastern Europe",0.402040816326531,0.16734693877551,0.0744897959183674,0.0561224489795918,0.331632653061224,0.183673469387755,4.98775510204082,1000,19388.7927279351,5867.65096230557,"wb"
"United Arab Emirates","ARE",2006,"Asia",0.745039682539683,0.342261904761905,0.160714285714286,0.0783730158730159,0.0892857142857143,0.0218253968253968,6.71924603174603,1013,94872.5121329578,56629.9713117545,"wb"
"United Arab Emirates","ARE",2009,"Asia",0.739793408755534,0.424987702902115,0.242006886374816,0.103787506148549,0.118052139695032,0.0162321692080669,6.91834727004427,2054,71488.9696792101,42672.1946222627,"wb"
"United Arab Emirates","ARE",2010,"Asia",0.813749390541199,0.461725987323257,0.231594344222331,0.10336421257923,0.07557289127255,0.0165772793759142,7.13164310092638,2066,70913.7569272495,42328.84668186,"wb"
"United Arab Emirates","ARE",2011,"Asia",0.841246290801187,0.439169139465875,0.189416419386746,0.086053412462908,0.0583580613254204,0.00494559841740851,7.16913946587537,2036,73190.4056300014,43687.7919424546,"wb"
"United Arab Emirates","ARE",2012,"Asia",0.838308457711443,0.451243781094527,0.212437810945274,0.0970149253731343,0.054726368159204,0.00746268656716418,7.19701492537313,2016,73644.0549928884,43958.5779670713,"wb"
"United Arab Emirates","ARE",2013,"Asia",0.701913393756294,0.376636455186304,0.199395770392749,0.136958710976838,0.0866062437059416,0.027190332326284,6.79456193353474,1000,74237.2038000319,44312.6320463505,"wb"
"United Arab Emirates","ARE",2014,"Asia",0.710181451612903,0.361895161290323,0.181451612903226,0.113407258064516,0.102318548387097,0.0352822580645161,6.70161290322581,2007,74145.1175448951,44257.6652085451,"wb"
"United Arab Emirates","ARE",2015,"Asia",0.718832891246684,0.418037135278515,0.23448275862069,0.16498673740053,0.0907161803713528,0.0291777188328912,6.95066312997348,1898,75238.5571858454,44910.3458860776,"wb"
"United Arab Emirates","ARE",2016,"Asia",0.754357298474945,0.454248366013072,0.254901960784314,0.179193899782135,0.0860566448801743,0.0332244008714597,7.06862745098039,1855,75671.036861385,45168.4955973912,"wb"
"United Arab Emirates","ARE",2017,"Asia",0.799782962561042,0.501899077590884,0.27563754747694,0.162778079218665,0.0558871405317417,0.021703743895822,7.30059685295713,1850,72529.0423512365,43293.0202360765,"wb"
"United Arab Emirates","ARE",2018,"Asia",0.713821138211382,0.414092140921409,0.231978319783198,0.163685636856369,0.0959349593495935,0.0444444444444444,6.87208672086721,1857,72671.0787288764,43377.802601486,"wb"
"United Arab Emirates","ARE",2019,"Asia",0.751243781094527,0.407249466950959,0.216773276474769,0.143567874911158,0.100213219616205,0.046908315565032,6.87846481876333,1413,72822.9466438922,43468.4534705013,"wb"
"United Arab Emirates","ARE",2020,"Asia",0.697391304347826,0.415652173913043,0.237913043478261,0.160695652173913,0.123826086956522,0.0563478260869565,6.78017391304348,2928,66808.6209256028,39878.4663896389,"wb"
"United Arab Emirates","ARE",2021,"Asia",0.697228144989339,0.407249466950959,0.253731343283582,0.17590618336887,0.132196162046908,0.0650319829424307,6.75479744136461,1002,68580.1312912676,40935.8915482084,"wb"
"United Arab Emirates","ARE",2022,"Asia",0.682215743440233,0.389698736637512,0.252672497570457,0.152575315840622,0.128279883381924,0.0408163265306122,6.75607385811467,1030,70075.63837395,41828.5686923546,"wb"
"United Arab Emirates","ARE",2023,"Asia",0.713,0.359,0.193,0.104,0.121,0.023,6.716,1000,70239.8328337228,41926.5773498407,"wb"
"Argentina","ARG",2006,"Latin America",0.641566265060241,0.295180722891566,0.0983935742971888,0.0451807228915663,0.143574297188755,0.0471887550200803,6.2710843373494,1000,24877.2493922296,11870.2791559298,"wb"
"Argentina","ARG",2007,"Latin America",0.605,0.246,0.075,0.037,0.177,0.069,6.012,1000,26850.6645932771,12811.9021206578,"wb"
"Argentina","ARG",2008,"Latin America",0.614070351758794,0.230150753768844,0.0834170854271357,0.0542713567839196,0.142713567839196,0.0472361809045226,6.09045226130653,1000,27658.4853446831,13197.3570267029,"wb"
"Argentina","ARG",2009,"Latin America",0.678356713426854,0.324649298597194,0.1312625250501,0.0651302605210421,0.117234468937876,0.0450901803607214,6.4438877755511,1000,25747.1976809995,12285.3784651865,"wb"
"Argentina","ARG",2010,"Latin America",0.683467741935484,0.337701612903226,0.134072580645161,0.0655241935483871,0.121975806451613,0.0453629032258065,6.45665322580645,1000,28056.2570212342,13387.1553748458,"wb"
"Argentina","ARG",2011,"Latin America",0.75250501002004,0.376753507014028,0.164328657314629,0.093186372745491,0.0861723446893788,0.030060120240481,6.80060120240481,1000,29425.7593876084,14040.6189124444,"wb"
"Argentina","ARG",2012,"Latin America",0.670340681362725,0.317635270541082,0.13627254509018,0.0831663326653307,0.124248496993988,0.0460921843687375,6.43486973947896,1000,28825.9666865361,13754.4254235596,"wb"
"Argentina","ARG",2013,"Latin America",0.717,0.345,0.132,0.082,0.098,0.028,6.64,1000,29227.6601818437,13946.0950832252,"wb"
"Argentina","ARG",2014,"Latin America",0.696,0.359,0.153,0.087,0.125,0.051,6.565,1000,28200.8152571318,13456.1319159151,"wb"
"Argentina","ARG",2015,"Latin America",0.707414829659319,0.362725450901804,0.153306613226453,0.0851703406813627,0.104208416833667,0.0240480961923848,6.68236472945892,1000,28669.2061336796,13679.6264980954,"wb"
"Argentina","ARG",2016,"Latin America",0.664658634538153,0.305220883534137,0.127510040160643,0.0783132530120482,0.125502008032129,0.03714859437751,6.44277108433735,1000,27802.1057201498,13265.8860639123,"wb"
"Argentina","ARG",2017,"Latin America",0.571285140562249,0.274096385542169,0.119477911646586,0.0783132530120482,0.197791164658635,0.0763052208835341,6.01305220883534,1000,28334.904184742,13520.1129846159,"wb"
"Argentina","ARG",2018,"Latin America",0.578736208625878,0.259779338014042,0.101303911735206,0.0661985957873621,0.20962888665998,0.0952858575727182,5.88866599799398,1000,27367.115094108,13058.3285449954,"wb"
"Argentina","ARG",2019,"Latin America",0.596590909090909,0.265151515151515,0.111742424242424,0.0615530303030303,0.165719696969697,0.0596590909090909,6.12310606060606,1060,26629.5529419501,12706.3978108968,"wb"
"Argentina","ARG",2020,"Latin America",0.622,0.277,0.098,0.042,0.182,0.052,6.119,1000,23877.0931404855,11393.0505957877,"wb"
"Argentina","ARG",2021,"Latin America",0.675,0.268,0.087,0.056,0.148,0.045,6.265,1000,26300.274261175,12549.2811699342,"wb"
"Argentina","ARG",2022,"Latin America",0.61592039800995,0.284577114427861,0.13134328358209,0.0895522388059701,0.169154228855721,0.0696517412935323,6.16218905472637,1005,27825.0273492567,13276.8232110189,"wb"
"Argentina","ARG",2023,"Latin America",0.682224428997021,0.342601787487587,0.13604766633565,0.0814299900695134,0.134061569016882,0.0536246276067527,6.45084409136048,1007,27230.3968496682,12993.0928872416,"wb"
"Armenia","ARM",2006,"Eastern Europe",0.170511534603811,0.0491474423269809,0.0310932798395186,0.0250752256770311,0.518555667001003,0.170511534603811,4.21364092276831,1000,9525.23146779778,2551.43546358452,"wb"
"Armenia","ARM",2007,"Eastern Europe",0.274274274274274,0.0590590590590591,0.02002002002002,0.013013013013013,0.391391391391391,0.0710710710710711,4.8028028028028,1000,10898.8483795634,2919.3734936373,"wb"
"Armenia","ARM",2008,"Eastern Europe",0.241482965931864,0.0591182364729459,0.0250501002004008,0.0130260521042084,0.414829659318637,0.129258517034068,4.54709418837675,1000,11727.4821272949,3141.33193500774,"wb"
"Armenia","ARM",2009,"Eastern Europe",0.183183183183183,0.0680680680680681,0.037037037037037,0.026026026026026,0.531531531531532,0.228228228228228,4.10810810810811,1000,10143.2350796867,2716.97436280471,"wb"
"Armenia","ARM",2010,"Eastern Europe",0.186559679037111,0.0651955867602808,0.0320962888665998,0.0190571715145436,0.470411233701103,0.196589769307924,4.25075225677031,1000,10438.5641904169,2796.08143428043,"wb"
"Armenia","ARM",2011,"Eastern Europe",0.186991869918699,0.0477642276422764,0.0213414634146341,0.0111788617886179,0.494918699186992,0.182926829268293,4.22256097560976,1000,10990.177099035,2943.83687119315,"wb"
"Armenia","ARM",2012,"Eastern Europe",0.218970736629667,0.070635721493441,0.0262361251261352,0.0141271442986882,0.475277497477296,0.219979818365288,4.20988900100908,1000,11796.2741177994,3159.75860786889,"wb"
"Armenia","ARM",2013,"Eastern Europe",0.167170191339376,0.0574018126888218,0.027190332326284,0.0171198388721047,0.48539778449144,0.190332326283988,4.1852970795569,1000,12194.0189523843,3266.29882999873,"wb"
"Armenia","ARM",2014,"Eastern Europe",0.191919191919192,0.0606060606060606,0.0292929292929293,0.0222222222222222,0.481818181818182,0.164646464646465,4.2979797979798,1000,12667.3757330249,3393.09252326884,"wb"
"Armenia","ARM",2015,"Eastern Europe",0.231313131313131,0.0717171717171717,0.0313131313131313,0.0171717171717172,0.492929292929293,0.231313131313131,4.18484848484848,1000,13112.7600902915,3512.39350276709,"wb"
"Armenia","ARM",2016,"Eastern Europe",0.182643794147326,0.0554994954591322,0.029263370332997,0.0171543895055499,0.48335015136226,0.201816347124117,4.17255297679112,1000,13192.9940731731,3533.88503607007,"wb"
"Armenia","ARM",2017,"Eastern Europe",0.209514170040486,0.0657894736842105,0.0273279352226721,0.0161943319838057,0.5,0.258097165991903,4.04655870445344,1000,14243.8749003795,3815.3747426037,"wb"
"Armenia","ARM",2018,"Eastern Europe",0.307381193124368,0.112234580384226,0.0444893832153691,0.0283114256825076,0.313447927199191,0.121334681496461,4.90697674418605,1000,15037.0452420712,4027.83393010979,"wb"
"Armenia","ARM",2019,"Eastern Europe",0.402816901408451,0.182159624413146,0.0938967136150235,0.063849765258216,0.260093896713615,0.108920187793427,5.37464788732394,1080,16215.3607965094,4343.45839583019,"wb"
"Armenia","ARM",2021,"Eastern Europe",0.364850976361768,0.140801644398767,0.0719424460431655,0.0585817060637204,0.274409044193217,0.120246659815005,5.14696813977389,1002,15921.705281964,4264.79961505187,"wb"
"Armenia","ARM",2022,"Eastern Europe",0.340382678751259,0.148036253776435,0.0855991943605237,0.0664652567975831,0.268882175226586,0.114803625377644,5.18429003021148,1003,17886.1783877168,4791.00481712183,"wb"
"Armenia","ARM",2023,"Eastern Europe",0.405840886203424,0.176233635448137,0.0855991943605237,0.0644511581067472,0.231621349446123,0.105740181268882,5.39677744209466,1000,19402.7510915578,5197.23509013575,"wb"
"Australia","AUS",2006,"Western",0.895895895895896,0.518518518518518,0.182182182182182,0.0760760760760761,0.029029029029029,0.00800800800800801,7.42142142142142,1000,50693.7248649798,51682.8925230537,"wb"
"Australia","AUS",2007,"Western",0.86284289276808,0.525353283458022,0.197838736492103,0.0764754779717373,0.0507065669160432,0.0191188694929343,7.31920199501247,1205,51663.2403953881,52671.325846724,"wb"
"Australia","AUS",2008,"Western",0.834825870646766,0.509452736318408,0.194029850746269,0.0835820895522388,0.0587064676616915,0.0109452736318408,7.26965174129353,1005,52473.3819160773,53497.275355342,"wb"
"Australia","AUS",2010,"Western",0.877877877877878,0.591591591591592,0.275275275275275,0.117117117117117,0.045045045045045,0.017017017017017,7.54654654654655,1000,52739.2681556133,53768.349733441,"wb"
"Australia","AUS",2011,"Western",0.86865671641791,0.574129353233831,0.256716417910448,0.0995024875621891,0.0557213930348259,0.0169154228855721,7.46069651741294,1010,53257.0473237603,54296.2321324814,"wb"
"Australia","AUS",2012,"Western",0.837675350701403,0.506012024048096,0.202404809619238,0.0691382765531062,0.061122244488978,0.0150300601202405,7.23446893787575,1002,54403.8836902433,55465.4462872577,"wb"
"Australia","AUS",2013,"Western",0.856143856143856,0.566433566433566,0.255744255744256,0.0869130869130869,0.0569430569430569,0.014985014985015,7.42557442557443,1002,54895.0052588984,55966.1509270561,"wb"
"Australia","AUS",2014,"Western",0.849473156046162,0.54942298043151,0.230306071249373,0.0888108379327647,0.0642247867536377,0.0200702458605118,7.34320120421475,2002,55489.068844146,56571.8062524437,"wb"
"Australia","AUS",2015,"Western",0.862725450901804,0.55310621242485,0.221442885771543,0.0801603206412826,0.0511022044088176,0.00701402805611222,7.40781563126253,1001,55879.9958817103,56970.3613028094,"wb"
"Australia","AUS",2016,"Western",0.878,0.587,0.232,0.098,0.053,0.009,7.492,1004,56529.951824687,57632.9995925594,"wb"
"Australia","AUS",2017,"Western",0.849246231155779,0.558793969849246,0.240201005025126,0.10251256281407,0.0562814070351759,0.0130653266331658,7.40100502512563,1003,56881.8569859104,57991.771347333,"wb"
"Australia","AUS",2018,"Western",0.841,0.531,0.223,0.1,0.065,0.014,7.336,1001,57647.8455068105,58772.7063152213,"wb"
"Australia","AUS",2019,"Western",0.854266538830297,0.538830297219559,0.206136145733461,0.074784276126558,0.0651965484180249,0.0191754554170662,7.31735378715245,1047,58048.6188420831,59181.2997904131,"wb"
"Australia","AUS",2020,"Western",0.835671342685371,0.55310621242485,0.245490981963928,0.11122244488978,0.064128256513026,0.00801603206412826,7.3937875751503,1003,57260.4650530108,58377.7670517802,"wb"
"Australia","AUS",2021,"Western",0.843530591775326,0.520561685055166,0.207622868605817,0.0812437311935807,0.0641925777331996,0.0160481444332999,7.28786359077232,1000,58327.4146842325,59465.535671364,"wb"
"Australia","AUS",2022,"Western",0.846846846846847,0.524524524524524,0.208208208208208,0.0730730730730731,0.0580580580580581,0.014014014014014,7.27927927927928,1000,60029.1329190733,61200.4588964781,"wb"
"Australia","AUS",2023,"Western",0.793793793793794,0.461461461461461,0.184184184184184,0.0660660660660661,0.0930930930930931,0.026026026026026,6.98698698698699,1002,60684.9596204883,61869.082498576,"wb"
"Austria","AUT",2006,"Western",0.794974874371859,0.488442211055276,0.185929648241206,0.0824120603015075,0.0562814070351759,0.0170854271356784,7.11658291457286,1004,58460.1550504163,42120.1557002022,"wb"
"Austria","AUT",2008,"Western",0.824649298597194,0.492985971943888,0.176352705410822,0.0761523046092184,0.0551102204408818,0.0150300601202405,7.17334669338677,1001,61157.9014974191,44063.8642019916,"wb"
"Austria","AUT",2009,"Western",0.820461384152457,0.523570712136409,0.23370110330993,0.105315947843531,0.0561685055165497,0.0110330992978937,7.29488465396189,1000,58810.3596828696,42372.4758254763,"wb"
"Austria","AUT",2010,"Western",0.815075376884422,0.552763819095477,0.264321608040201,0.117587939698492,0.0522613065326633,0.0100502512562814,7.38994974874372,1000,59730.4673903053,43035.4073531933,"wb"
"Austria","AUT",2011,"Western",0.829145728643216,0.574874371859296,0.263316582914573,0.115577889447236,0.050251256281407,0.0150753768844221,7.42110552763819,1004,61272.1724662899,44146.1956805294,"wb"
"Austria","AUT",2012,"Western",0.837675350701403,0.570140280561122,0.244488977955912,0.11122244488978,0.0440881763527054,0.00801603206412826,7.44288577154309,1001,61376.6345930428,44221.4599530893,"wb"
"Austria","AUT",2013,"Western",0.875,0.603,0.275,0.131,0.036,0.009,7.615,1000,60862.9693673785,43851.3675497404,"wb"
"Austria","AUT",2014,"Western",0.816224336504757,0.464196294441662,0.178267401101652,0.0635953930896345,0.0655983975963946,0.0195292939409114,7.07711567351027,2000,60845.5743980711,43838.8345892137,"wb"
"Austria","AUT",2015,"Western",0.816,0.487,0.197,0.074,0.063,0.013,7.179,1000,60951.6037273662,43915.228020857,"wb"
"Austria","AUT",2016,"Western",0.823823823823824,0.473473473473473,0.174174174174174,0.0580580580580581,0.0650650650650651,0.011011011011011,7.13713713713714,1000,61572.6257402404,44362.6702805116,"wb"
"Austria","AUT",2017,"Western",0.873873873873874,0.522522522522523,0.217217217217217,0.0680680680680681,0.036036036036036,0.003003003003003,7.39239239239239,1000,62535.8105711345,45056.6385912412,"wb"
"Austria","AUT",2018,"Western",0.866,0.549,0.231,0.077,0.034,0.002,7.445,1000,63777.9362157476,45951.5819164034,"wb"
"Austria","AUT",2019,"Western",0.8466796875,0.5380859375,0.2197265625,0.060546875,0.029296875,0.00390625,7.3623046875,1025,64609.2836396895,46550.5622459492,"wb"
"Austria","AUT",2020,"Western",0.88988988988989,0.553553553553554,0.194194194194194,0.038038038038038,0.03003003003003,0.00600600600600601,7.4034034034034,1000,60276.3307697326,43428.6983137234,"wb"
"Austria","AUT",2021,"Western",0.841,0.506,0.189,0.069,0.068,0.025,7.193,1000,62968.8538770186,45368.6434337368,"wb"
"Austria","AUT",2022,"Western",0.791791791791792,0.459459459459459,0.172172172172172,0.0670670670670671,0.0930930930930931,0.022022022022022,6.98398398398398,1000,65694.4591501468,47332.4240357971,"wb"
"Austria","AUT",2023,"Western",0.697,0.357,0.122,0.037,0.138,0.02,6.563,1000,64536.2076307547,46497.9114640341,"wb"
"Azerbaijan","AZE",2006,"Eastern Europe",0.294176706827309,0.03714859437751,0.00903614457831325,0.00301204819277108,0.343373493975904,0.0783132530120482,4.80421686746988,1000,13371.6585214534,3556.83212858133,"wb"
"Azerbaijan","AZE",2007,"Eastern Europe",0.260504201680672,0.046218487394958,0.00735294117647059,0.00315126050420168,0.430672268907563,0.0808823529411765,4.64495798319328,1000,16587.3657240228,4412.20326117932,"wb"
"Azerbaijan","AZE",2008,"Eastern Europe",0.32725430597771,0.0851063829787234,0.0243161094224924,0.00911854103343465,0.355623100303951,0.106382978723404,4.88044579533941,1000,17963.0208126838,4778.12452736673,"wb"
"Azerbaijan","AZE",2009,"Eastern Europe",0.288306451612903,0.0544354838709677,0.0191532258064516,0.00705645161290323,0.435483870967742,0.119959677419355,4.6491935483871,1000,19242.3900077231,5118.43395494687,"wb"
"Azerbaijan","AZE",2010,"Eastern Europe",0.253838280450358,0.0388945752302968,0.00921187308085977,0.00409416581371546,0.507676560900716,0.188331627430911,4.27123848515865,1000,19925.3900662137,5300.11048729062,"wb"
"Azerbaijan","AZE",2011,"Eastern Europe",0.267676767676768,0.0707070707070707,0.0393939393939394,0.0171717171717172,0.442424242424242,0.113131313131313,4.66868686868687,1000,19358.0778100345,5149.20665913206,"wb"
"Azerbaijan","AZE",2012,"Eastern Europe",0.373481781376518,0.0840080971659919,0.0384615384615385,0.01417004048583,0.366396761133603,0.0921052631578947,4.97570850202429,1000,19523.3737161356,5193.17501119552,"wb"
"Azerbaijan","AZE",2013,"Eastern Europe",0.523760330578512,0.0733471074380165,0.0134297520661157,0.00413223140495868,0.215909090909091,0.012396694214876,5.5495867768595,1000,20398.6462250349,5425.99559780578,"wb"
"Azerbaijan","AZE",2014,"Eastern Europe",0.446830265848671,0.0664621676891615,0.016359918200409,0.00306748466257669,0.264826175869121,0.0316973415132924,5.32924335378323,1000,20709.201611232,5508.60265612676,"wb"
"Azerbaijan","AZE",2015,"Eastern Europe",0.408678102926337,0.0766902119071645,0.029263370332997,0.0141271442986882,0.312815338042381,0.0585267406659939,5.18466195761857,1000,20678.7539572375,5500.50364628486,"wb"
"Azerbaijan","AZE",2016,"Eastern Europe",0.456122448979592,0.0918367346938776,0.0214285714285714,0.00612244897959184,0.269387755102041,0.0479591836734694,5.34795918367347,1000,19822.4105943941,5272.71817141861,"wb"
"Azerbaijan","AZE",2017,"Eastern Europe",0.416413373860182,0.0780141843971631,0.0141843971631206,0.00810536980749747,0.292806484295846,0.038500506585613,5.25227963525836,1000,19659.0048562768,5229.25259993413,"wb"
"Azerbaijan","AZE",2018,"Eastern Europe",0.469160768452983,0.0879676440849343,0.0182002022244692,0.0101112234580384,0.277047522750253,0.0778564206268959,5.25176946410516,1000,19781.8509058437,5261.92938234432,"wb"
"Azerbaijan","AZE",2019,"Eastern Europe",0.409345794392523,0.0308411214953271,0.00747663551401869,0.00560747663551402,0.262616822429907,0.0242990654205607,5.2214953271028,1080,20101.491875147,5346.95318604114,"wb"
"Azerbaijan","AZE",2022,"Eastern Europe",0.323943661971831,0.0995975855130785,0.0523138832997988,0.0362173038229376,0.423541247484909,0.235412474849095,4.46076458752515,1028,21051.2442291612,5599.58524971025,"wb"
"Azerbaijan","AZE",2023,"Eastern Europe",0.441742654508612,0.121580547112462,0.0506585612968592,0.0324214792299899,0.295845997973658,0.0911854103343465,5.25633232016211,1000,21310.7386915022,5668.61021317029,"wb"
"Burundi","BDI",2008,"Africa",0.104208416833667,0.00701402805611222,0,0,0.69939879759519,0.268537074148297,3.57114228456914,1000,998.565055501985,256.012461554496,"wb"
"Burundi","BDI",2009,"Africa",0.128,0.011,0.003,0.001,0.65,0.198,3.837,1000,985.184772509514,252.582019875886,"wb"
"Burundi","BDI",2011,"Africa",0.143,0.025,0.013,0.007,0.668,0.237,3.761,1000,991.659881666872,254.242110648215,"wb"
"Burundi","BDI",2014,"Africa",0.0834170854271357,0.0512562814070352,0.0381909547738693,0.0221105527638191,0.817085427135678,0.431155778894472,2.98391959798995,1000,1019.17607398667,261.296721752002,"wb"
"Burundi","BDI",2018,"Africa",0.191419141914191,0.11991199119912,0.0957095709570957,0.0748074807480748,0.598459845984598,0.363036303630363,3.78107810781078,1000,1043.40558434036,267.508692172687,"wb"
"Belgium","BEL",2006,"Western",0.897876643073812,0.554095045500506,0.145601617795753,0.0374115267947422,0.0293225480283114,0.0111223458038423,7.39130434782609,1003,55367.6227467909,39371.0858277448,"wb"
"Belgium","BEL",2007,"Western",0.86144578313253,0.467871485943775,0.126506024096386,0.0381526104417671,0.0491967871485944,0.0180722891566265,7.15160642570281,1022,56983.4612170064,40520.0843207009,"wb"
"Belgium","BEL",2008,"Western",0.859311740890688,0.462550607287449,0.107287449392713,0.0303643724696356,0.0465587044534413,0.01417004048583,7.11842105263158,1002,56787.7366257416,40380.9075004042,"wb"
"Belgium","BEL",2010,"Western",0.819191919191919,0.403030303030303,0.1,0.0252525252525253,0.0555555555555556,0.0141414141414141,6.92222222222222,1003,56240.2030936241,39991.5646206286,"wb"
"Belgium","BEL",2011,"Western",0.849798387096774,0.42741935483871,0.119959677419355,0.0514112903225806,0.0504032258064516,0.0110887096774194,7.10383064516129,1002,56585.302500068,40236.9596308558,"wb"
"Belgium","BEL",2012,"Western",0.836363636363636,0.453535353535354,0.126262626262626,0.0414141414141414,0.0606060606060606,0.0262626262626263,7.04141414141414,1001,56356.8251292137,40074.492800399,"wb"
"Belgium","BEL",2013,"Western",0.883349950149551,0.477567298105683,0.146560319042871,0.0388833499501496,0.0338983050847458,0.00598205383848455,7.25124626121635,1006,56263.175267967,40007.8997891411,"wb"
"Belgium","BEL",2014,"Western",0.845309381237525,0.438622754491018,0.0893213572854291,0.0249500998003992,0.062375249500998,0.0194610778443114,7.00049900199601,2004,57002.9092185206,40533.9135027898,"wb"
"Belgium","BEL",2015,"Western",0.856177606177606,0.443050193050193,0.0859073359073359,0.0231660231660232,0.0569498069498069,0.00868725868725869,7.05984555984556,1037,57509.0245728704,40893.804537772,"wb"
"Belgium","BEL",2016,"Western",0.860581745235707,0.41123370110331,0.0902708124373119,0.0210631895687061,0.0481444332998997,0.0110330992978937,7.05215646940822,1000,57901.497690315,41172.8862831209,"wb"
"Belgium","BEL",2017,"Western",0.861,0.421,0.089,0.03,0.044,0.009,7.058,1001,58529.3302957537,41619.328629169,"wb"
"Belgium","BEL",2018,"Western",0.830693069306931,0.382178217821782,0.0762376237623762,0.0118811881188119,0.0643564356435644,0.0277227722772277,6.85841584158416,1011,59357.6896884396,42208.3625650272,"wb"
"Belgium","BEL",2019,"Western",0.84,0.370731707317073,0.0770731707317073,0.0214634146341463,0.0751219512195122,0.0126829268292683,6.85560975609756,1025,60479.9769955469,43006.4042308863,"wb"
"Belgium","BEL",2020,"Western",0.826173826173826,0.40959040959041,0.0719280719280719,0.00999000999000999,0.0689310689310689,0.012987012987013,6.87112887112887,1005,57333.5424137924,40769.0218072962,"wb"
"Belgium","BEL",2021,"Western",0.835,0.404,0.098,0.019,0.066,0.018,6.948,1010,60669.2137746534,43140.9676652971,"wb"
"Belgium","BEL",2022,"Western",0.855983772819473,0.390466531440162,0.0912778904665314,0.0243407707910751,0.0527383367139959,0.0202839756592292,6.97870182555781,1000,62602.9270469765,44516.002160801,"wb"
"Belgium","BEL",2023,"Western",0.839357429718876,0.414658634538153,0.0833333333333333,0.0271084337349398,0.0692771084337349,0.0200803212851406,6.93172690763052,1000,63042.0099876309,44828.2274521244,"wb"
"Benin","BEN",2006,"Africa",0.094188376753507,0.0190380761523046,0.00701402805611222,0.00601202404809619,0.751503006012024,0.272545090180361,3.51503006012024,1000,2652.21841967159,900.62053578735,"wb"
"Benin","BEN",2008,"Africa",0.135306553911205,0.0285412262156448,0.00739957716701903,0.00317124735729387,0.645877378435518,0.225158562367865,3.82875264270613,1000,2777.61974031765,943.203380303862,"wb"
"Benin","BEN",2011,"Africa",0.135437881873727,0.0142566191446029,0.00509164969450102,0.00305498981670061,0.629327902240326,0.215885947046843,3.82586558044807,1000,2732.01249647957,927.716412836707,"wb"
"Benin","BEN",2012,"Africa",0.074,0.014,0.007,0.006,0.803,0.354,3.231,1000,2779.7264808532,943.918771531001,"wb"
"Benin","BEN",2013,"Africa",0.087,0.022,0.01,0.003,0.752,0.247,3.549,1000,2893.0467015352,982.399206290516,"wb"
"Benin","BEN",2014,"Africa",0.0963855421686747,0.0220883534136546,0.0100401606425703,0.00602409638554217,0.78714859437751,0.291164658634538,3.4066265060241,1000,2987.38236326153,1014.4330062135,"wb"
"Benin","BEN",2015,"Africa",0.153144016227181,0.0517241379310345,0.0334685598377282,0.0223123732251521,0.659229208924949,0.27789046653144,3.77991886409736,1000,2952.00218338705,1002.41886879614,"wb"
"Benin","BEN",2016,"Africa",0.185340314136126,0.0952879581151832,0.056544502617801,0.0335078534031414,0.586387434554974,0.245026178010471,4.11413612565445,1000,2962.66381572265,1006.03926633023,"wb"
"Benin","BEN",2017,"Africa",0.341675734494015,0.23721436343852,0.158868335146899,0.125136017410229,0.427638737758433,0.20892274211099,5,1000,3041.77929984989,1032.90471194182,"wb"
"Benin","BEN",2018,"Africa",0.463465553235908,0.353862212943633,0.293319415448852,0.264091858037578,0.361169102296451,0.17223382045929,5.83820459290188,1000,3155.4510650627,1071.50452156932,"wb"
"Benin","BEN",2019,"Africa",0.370594159113797,0.276938569989929,0.214501510574018,0.192346424974824,0.43705941591138,0.210473313192346,5.18831822759315,1000,3281.10470051465,1114.17304526443,"wb"
"Benin","BEN",2020,"Africa",0.2725509214355,0.0863239573229874,0.046556741028128,0.0339476236663434,0.50533462657614,0.118331716779825,4.61008729388943,1042,3317.8597222557,1126.65404122154,"wb"
"Benin","BEN",2021,"Africa",0.260913705583756,0.153299492385787,0.115736040609137,0.0944162436548223,0.50761421319797,0.239593908629442,4.50355329949239,1000,3464.2886286745,1176.37727637273,"wb"
"Benin","BEN",2022,"Africa",0.287018255578093,0.189655172413793,0.150101419878296,0.137931034482759,0.525354969574036,0.272819472616633,4.56490872210953,1000,3588.32519938147,1218.49668929091,"wb"
"Benin","BEN",2023,"Africa",0.269,0.143,0.109,0.102,0.475,0.22,4.629,1000,3721.21254814808,1263.62158336368,"wb"
"Burkina Faso","BFA",2006,"Africa",0.118257261410788,0.0217842323651452,0.00829875518672199,0.00518672199170124,0.698132780082988,0.200207468879668,3.80290456431535,1000,1714.76034904509,514.113131757062,"wb"
"Burkina Faso","BFA",2007,"Africa",0.13312693498452,0.00103199174406605,0.00103199174406605,0,0.615067079463364,0.0939112487100103,4.07120743034056,1000,1731.93046335077,519.26101218434,"wb"
"Burkina Faso","BFA",2008,"Africa",0.129685916919959,0.00303951367781155,0.00101317122593718,0,0.651469098277609,0.157041540020263,3.90577507598784,1000,1779.32710911571,533.471299938288,"wb"
"Burkina Faso","BFA",2010,"Africa",0.148,0.006,0.001,0,0.614,0.138,4.065,1000,1873.97146230828,561.847221302489,"wb"
"Burkina Faso","BFA",2011,"Africa",0.325,0.047,0.004,0.003,0.371,0.078,4.847,1000,1939.86659989406,581.603658737407,"wb"
"Burkina Faso","BFA",2012,"Africa",0.171,0.049,0.015,0.007,0.608,0.145,4.116,1000,2003.6646118745,600.731343697818,"wb"
"Burkina Faso","BFA",2013,"Africa",0.070506454816286,0.00893743793445879,0.00496524329692155,0.00397219463753724,0.778550148957299,0.290963257199603,3.38430983118173,1008,2057.0639319853,616.741331164082,"wb"
"Burkina Faso","BFA",2014,"Africa",0.13627254509018,0.0501002004008016,0.0390781563126252,0.0330661322645291,0.738476953907816,0.286573146292585,3.625250501002,1000,2083.19844698304,624.576885187665,"wb"
"Burkina Faso","BFA",2015,"Africa",0.258811681772407,0.0866062437059416,0.0352467270896274,0.0211480362537764,0.489425981873112,0.149043303121853,4.52870090634441,1000,2101.70266192027,630.124750752312,"wb"
"Burkina Faso","BFA",2016,"Africa",0.1923474663909,0.0703205791106515,0.0444674250258532,0.0268872802481903,0.550155118924509,0.153050672182006,4.33505687693899,1000,2162.72578977814,648.420480176012,"wb"
"Burkina Faso","BFA",2017,"Africa",0.251805985552116,0.106295149638803,0.066047471620227,0.0474716202270382,0.465428276573787,0.117647058823529,4.73065015479876,1000,2232.28781490944,669.276310328333,"wb"
"Burkina Faso","BFA",2018,"Africa",0.309421841541756,0.173447537473233,0.138115631691649,0.113490364025696,0.428265524625268,0.134903640256959,5.02890792291221,1000,2316.39432079045,694.492813126351,"wb"
"Burkina Faso","BFA",2019,"Africa",0.320652173913043,0.172826086956522,0.132608695652174,0.11304347826087,0.442391304347826,0.190217391304348,4.87826086956522,1000,2391.53626844484,717.021595096634,"wb"
"Burkina Faso","BFA",2020,"Africa",0.324242424242424,0.128282828282828,0.0888888888888889,0.0747474747474747,0.360606060606061,0.156565656565657,4.91111111111111,1007,2380.93171826574,713.8421779224,"wb"
"Burkina Faso","BFA",2021,"Africa",0.304123711340206,0.183505154639175,0.151546391752577,0.125773195876289,0.424742268041237,0.197938144329897,4.88762886597938,1000,2486.43093147762,745.472563435144,"wb"
"Burkina Faso","BFA",2023,"Africa",0.246450304259635,0.129817444219067,0.101419878296146,0.0831643002028398,0.484787018255578,0.16632860040568,4.62474645030426,1000,2486.20669812871,745.405334618409,"wb"
"Bangladesh","BGD",2006,"Asia",0.168893129770992,0.041030534351145,0.0238549618320611,0.0124045801526718,0.484732824427481,0.136450381679389,4.31202290076336,1048,3407.4273502159,779.419570444998,"wb"
"Bangladesh","BGD",2007,"Asia",0.244983277591973,0.0568561872909699,0.0250836120401338,0.0158862876254181,0.377926421404682,0.0911371237458194,4.74749163879599,1200,3608.91543819399,825.508229964537,"wb"
"Bangladesh","BGD",2008,"Asia",0.327,0.094,0.04,0.02,0.353,0.058,5.042,1000,3787.9382761855,866.45815762135,"wb"
"Bangladesh","BGD",2009,"Asia",0.333,0.085,0.026,0.009,0.291,0.065,5.063,1000,3942.13631207203,901.729626251937,"wb"
"Bangladesh","BGD",2010,"Asia",0.292,0.074,0.04,0.032,0.342,0.106,4.845,1000,4125.46390163202,943.66422864236,"wb"
"Bangladesh","BGD",2011,"Asia",0.284,0.104,0.05,0.032,0.319,0.088,4.995,1000,4352.42643359325,995.579947155662,"wb"
"Bangladesh","BGD",2012,"Asia",0.24510465901418,0.0813639432815665,0.0384875084402431,0.0232950708980419,0.400742741390952,0.11883862255233,4.68534773801485,3000,4592.04840919812,1050.39140404066,"wb"
"Bangladesh","BGD",2013,"Asia",0.268958543983822,0.0829120323559151,0.0364004044489383,0.0222446916076845,0.396359959555106,0.142568250758342,4.66329625884732,1000,4822.72621378266,1103.15695907123,"wb"
"Bangladesh","BGD",2014,"Asia",0.277492291880781,0.0729701952723535,0.0441932168550874,0.0318602261048304,0.404933196300103,0.123329907502569,4.70503597122302,1000,5068.63965672741,1159.40753475981,"wb"
"Bangladesh","BGD",2015,"Asia",0.247967479674797,0.0863821138211382,0.0467479674796748,0.0386178861788618,0.392276422764228,0.154471544715447,4.625,1000,5352.71133299566,1224.38647668165,"wb"
"Bangladesh","BGD",2016,"Asia",0.248991935483871,0.061491935483871,0.0332661290322581,0.0241935483870968,0.436491935483871,0.140120967741935,4.53326612903226,1000,5682.53553494306,1299.83091360792,"wb"
"Bangladesh","BGD",2017,"Asia",0.162909836065574,0.048155737704918,0.0245901639344262,0.021516393442623,0.493852459016393,0.164959016393443,4.26024590163934,1000,6005.70718781048,1373.75363740186,"wb"
"Bangladesh","BGD",2018,"Asia",0.182459677419355,0.092741935483871,0.061491935483871,0.0534274193548387,0.443548387096774,0.16633064516129,4.45362903225806,1000,6392.59334024091,1462.25050255713,"wb"
"Bangladesh","BGD",2019,"Asia",0.357502517623364,0.229271567640148,0.162806310842565,0.132930513595166,0.371601208459215,0.211144679422625,5.06075864384021,3072,6838.32611608243,1564.20802445636,"wb"
"Bangladesh","BGD",2020,"Asia",0.463463463463463,0.212212212212212,0.133133133133133,0.108108108108108,0.25025025025025,0.122122122122122,5.53353353353353,1013,7015.19792797056,1604.6659234742,"wb"
"Bangladesh","BGD",2021,"Asia",0.211618257261411,0.142116182572614,0.106846473029046,0.101659751037344,0.550829875518672,0.355809128630705,4.00207468879668,1000,7441.06913961254,1702.08028414189,"wb"
"Bangladesh","BGD",2022,"Asia",0.117395944503735,0.0715048025613661,0.0533617929562433,0.0458911419423693,0.669156883671291,0.466382070437567,3.27427961579509,1000,7888.16389098304,1804.3493461776,"wb"
"Bangladesh","BGD",2023,"Asia",0.16497975708502,0.0779352226720648,0.0516194331983806,0.0455465587044534,0.510121457489879,0.236842105263158,4.07995951417004,1000,8242.39798977242,1885.37733613545,"wb"
"Bulgaria","BGR",2006,"Eastern Europe",0.150353178607467,0.0252270433905146,0.0131180625630676,0.00605449041372351,0.607467204843592,0.245206861755802,3.76791120080727,1003,19024.543813813,5630.08907245392,"wb"
"Bulgaria","BGR",2009,"Eastern Europe",0.120040691759919,0.0223804679552391,0.00712105798575788,0.00406917599186165,0.676500508646999,0.276703967446592,3.60223804679552,1000,21251.2168646802,6289.04666609216,"wb"
"Bulgaria","BGR",2010,"Eastern Europe",0.201807228915663,0.0481927710843374,0.0261044176706827,0.0130522088353414,0.543172690763052,0.181726907630522,4.15361445783132,1000,21724.2863457596,6429.04599233108,"wb"
"Bulgaria","BGR",2011,"Eastern Europe",0.163672654690619,0.0409181636726547,0.0159680638722555,0.00698602794411178,0.544910179640719,0.208582834331337,4.03692614770459,1006,22321.033168819,6605.64616736859,"wb"
"Bulgaria","BGR",2012,"Eastern Europe",0.193,0.048,0.022,0.018,0.496,0.2,4.185,1000,22618.8104278919,6693.76983060797,"wb"
"Bulgaria","BGR",2013,"Eastern Europe",0.185483870967742,0.0504032258064516,0.0231854838709677,0.00907258064516129,0.539314516129032,0.231854838709677,4.03427419354839,1000,22954.396399855,6793.08253592745,"wb"
"Bulgaria","BGR",2014,"Eastern Europe",0.241482965931864,0.0591182364729459,0.0160320641282565,0.00901803607214429,0.462925851703407,0.170340681362725,4.39478957915832,1000,23455.4830019277,6941.37319825776,"wb"
"Bulgaria","BGR",2015,"Eastern Europe",0.390781563126253,0.101202404809619,0.0260521042084168,0.00801603206412826,0.395791583166333,0.141282565130261,4.86472945891784,1000,24562.648880929,7269.02586513711,"wb"
"Bulgaria","BGR",2016,"Eastern Europe",0.333333333333333,0.0785498489425982,0.0261832829808661,0.00704934541792548,0.390735146022155,0.0845921450151057,4.86102719033233,1000,25636.7443903478,7586.89174668116,"wb"
"Bulgaria","BGR",2017,"Eastern Europe",0.398390342052314,0.0865191146881288,0.0291750503018109,0.00804828973843058,0.347082494969819,0.0774647887323944,5.09154929577465,1000,26691.758001902,7899.11056589871,"wb"
"Bulgaria","BGR",2018,"Eastern Europe",0.390735146022155,0.10171198388721,0.0443101711983887,0.0261832829808661,0.351460221550856,0.118831822759315,5.03021148036254,1001,27690.893655005,8194.79296320014,"wb"
"Bulgaria","BGR",2019,"Eastern Europe",0.372290292177191,0.0989632422243167,0.0395852968897267,0.0235626767200754,0.370405278039585,0.106503298774741,5.00659754948162,1080,29149.921509976,8626.5750265742,"wb"
"Bulgaria","BGR",2020,"Eastern Europe",0.565130260521042,0.212424849699399,0.0831663326653307,0.0410821643286573,0.204408817635271,0.0591182364729459,5.87775551102204,1000,28521.2062482596,8440.51416964556,"wb"
"Bulgaria","BGR",2021,"Eastern Europe",0.555444555444555,0.196803196803197,0.0859140859140859,0.03996003996004,0.213786213786214,0.0579420579420579,5.81618381618382,1005,30958.9830238332,9161.94541759347,"wb"
"Bulgaria","BGR",2022,"Eastern Europe",0.429006085192698,0.140973630831643,0.0537525354969574,0.0283975659229209,0.289046653144016,0.0791075050709939,5.33468559837728,1000,32433.6587569626,9598.35828571579,"wb"
"Bulgaria","BGR",2023,"Eastern Europe",0.446356275303644,0.15080971659919,0.069838056680162,0.0435222672064777,0.271255060728745,0.0718623481781376,5.45040485829959,1000,33073.6803093453,9787.76510584614,"wb"
"Bahrain","BHR",2009,"Asia",0.572645527685755,0.245149077141505,0.0828206341694274,0.0217699952673923,0.300047326076668,0.150496923805017,5.60340747752011,2128,50665.7507489219,22206.9371985225,"wb"
"Bahrain","BHR",2010,"Asia",0.623331685615423,0.175481957488878,0.0499258526940188,0.0163124073158675,0.148294611962432,0.00889767671774592,6.03954522985665,2032,50704.8479679819,22224.0736166249,"wb"
"Bahrain","BHR",2011,"Asia",0.38622754491018,0.0523952095808383,0.0179640718562874,0.0094810379241517,0.273952095808383,0.103293413173653,5.01996007984032,2010,53132.3284162611,23288.0449398313,"wb"
"Bahrain","BHR",2012,"Asia",0.481481481481481,0.115115115115115,0.04004004004004,0.01001001001001,0.229229229229229,0.0880880880880881,5.3963963963964,1000,54516.8406594787,23894.8804447088,"wb"
"Bahrain","BHR",2013,"Asia",0.694082246740221,0.324974924774323,0.135406218655968,0.078234704112337,0.0872617853560682,0.0180541624874624,6.6148445336008,1002,55376.4005147894,24271.6278814506,"wb"
"Bahrain","BHR",2014,"Asia",0.549167927382753,0.246091780131114,0.131618759455371,0.0857286938981341,0.181543116490166,0.0605143721633888,5.99193141704488,2009,55065.8189472129,24135.4991304849,"wb"
"Bahrain","BHR",2015,"Asia",0.520161290322581,0.203629032258065,0.0907258064516129,0.0625,0.192540322580645,0.0544354838709677,5.8508064516129,1000,54149.9131524721,23734.0551143019,"wb"
"Bahrain","BHR",2016,"Asia",0.561244979919679,0.241967871485944,0.124497991967871,0.0903614457831325,0.167670682730924,0.0572289156626506,6.02710843373494,1010,54107.0752236423,23715.2791328712,"wb"
"Bahrain","BHR",2017,"Asia",0.614514608859566,0.281809613572102,0.136663524976437,0.0876531573986805,0.139491046182846,0.0640904806786051,6.20640904806786,1064,53859.7749589601,23606.8867501313,"wb"
"Bahrain","BHR",2019,"Asia",0.786821705426357,0.437984496124031,0.252906976744186,0.136627906976744,0.106589147286822,0.0436046511627907,6.95542635658915,1060,56749.9628370612,24873.6640060134,"wb"
"Bahrain","BHR",2020,"Asia",0.584677419354839,0.285282258064516,0.160282258064516,0.109879032258065,0.163306451612903,0.0796370967741935,6.13911290322581,1009,53814.2452592358,23586.9309581516,"wb"
"Bahrain","BHR",2023,"Asia",0.579420579420579,0.296703296703297,0.153846153846154,0.0999000999000999,0.206793206793207,0.0839160839160839,6.07592407592408,1009,57819.9051831242,25342.6226641572,"wb"
"Bosnia and Herzegovina","BIH",2006,"Eastern Europe",0.40194075587334,0.154239019407559,0.0669050051072523,0.0362614913176711,0.359039836567926,0.139427987742594,5.05975485188968,2002,10430.4119951847,3419.75887457192,"wb"
"Bosnia and Herzegovina","BIH",2009,"Eastern Europe",0.384384384384384,0.133133133133133,0.047047047047047,0.014014014014014,0.327327327327327,0.0960960960960961,5.16616616616617,1002,11826.6501351383,3877.53540078456,"wb"
"Bosnia and Herzegovina","BIH",2010,"Eastern Europe",0.341,0.091,0.031,0.011,0.404,0.132,4.811,1000,12142.8616958168,3981.20985692032,"wb"
"Bosnia and Herzegovina","BIH",2011,"Eastern Europe",0.424603174603175,0.140873015873016,0.0357142857142857,0.0168650793650794,0.313492063492063,0.0843253968253968,5.26388888888889,1009,12487.6490566037,4094.25329541877,"wb"
"Bosnia and Herzegovina","BIH",2012,"Eastern Europe",0.410358565737052,0.152390438247012,0.0607569721115538,0.0318725099601594,0.315737051792829,0.132470119521912,5.1503984063745,1005,12626.9263237753,4139.91732773657,"wb"
"Bosnia and Herzegovina","BIH",2013,"Eastern Europe",0.4746772591857,0.17279046673287,0.0814299900695134,0.0307845084409136,0.285998013902681,0.0933465739821251,5.4558093346574,1010,13135.7175053454,4306.73175072214,"wb"
"Bosnia and Herzegovina","BIH",2014,"Eastern Europe",0.382765531062124,0.160320641282565,0.0801603206412826,0.0420841683366733,0.307615230460922,0.112224448897796,5.18537074148297,1001,13458.852576408,4412.67617817734,"wb"
"Bosnia and Herzegovina","BIH",2015,"Eastern Europe",0.364457831325301,0.15863453815261,0.0823293172690763,0.0542168674698795,0.323293172690763,0.145582329317269,5.07329317269076,1000,14220.0900038037,4662.25869219448,"wb"
"Bosnia and Herzegovina","BIH",2016,"Eastern Europe",0.348044132397192,0.14543630892678,0.0712136409227683,0.0341023069207623,0.349047141424273,0.0952858575727182,5.09528585757272,1000,14873.6411107879,4876.53471495633,"wb"
"Bosnia and Herzegovina","BIH",2017,"Eastern Europe",0.342741935483871,0.16633064516129,0.0796370967741935,0.0504032258064516,0.345766129032258,0.130040322580645,5.11189516129032,1000,15554.6587430766,5099.81602856447,"wb"
"Bosnia and Herzegovina","BIH",2018,"Eastern Europe",0.534534534534535,0.197197197197197,0.0880880880880881,0.0560560560560561,0.194194194194194,0.0510510510510511,5.85485485485485,1000,16348.9997145353,5360.25201017633,"wb"
"Bosnia and Herzegovina","BIH",2019,"Eastern Europe",0.535315985130111,0.259293680297398,0.117100371747212,0.0659851301115242,0.227695167286245,0.078996282527881,5.87639405204461,1080,17029.2971980343,5583.29721276458,"wb"
"Bosnia and Herzegovina","BIH",2020,"Eastern Europe",0.51008064516129,0.237903225806452,0.107862903225806,0.0604838709677419,0.213709677419355,0.0887096774193548,5.73689516129032,1001,16747.0353918695,5490.75366635139,"wb"
"Bosnia and Herzegovina","BIH",2021,"Eastern Europe",0.546558704453441,0.255060728744939,0.117408906882591,0.0738866396761134,0.190283400809717,0.0748987854251012,5.94534412955466,1000,18286.6614977175,5995.54197590494,"wb"
"Bosnia and Herzegovina","BIH",2022,"Eastern Europe",0.500501504513541,0.203610832497492,0.0902708124373119,0.0511534603811434,0.223671013039117,0.0722166499498496,5.72517552657974,1000,19298.117076437,6327.16206849174,"wb"
"Bosnia and Herzegovina","BIH",2023,"Eastern Europe",0.510531594784353,0.239719157472417,0.114343029087262,0.078234704112337,0.207622868605817,0.0651955867602808,5.84252758274824,1000,19804.9181465635,6493.32400514463,"wb"
"Belarus","BLR",2006,"Eastern Europe",0.511363636363636,0.151515151515152,0.0464015151515152,0.0132575757575758,0.222537878787879,0.0303030303030303,5.66098484848485,1092,18349.8719060634,4291.68647163264,"wb"
"Belarus","BLR",2007,"Eastern Europe",0.504681647940075,0.144194756554307,0.048689138576779,0.0140449438202247,0.23501872659176,0.0393258426966292,5.61985018726592,1114,20019.6111676728,4682.20676719042,"wb"
"Belarus","BLR",2008,"Eastern Europe",0.464761904761905,0.132380952380952,0.0352380952380952,0.0171428571428571,0.269523809523809,0.0419047619047619,5.43809523809524,1091,22137.9472928315,5177.64534775676,"wb"
"Belarus","BLR",2009,"Eastern Europe",0.47623666343356,0.154219204655674,0.0504364694471387,0.0193986420950533,0.275460717749757,0.0543161978661494,5.51309408341416,1077,22236.8387691136,5200.77418555423,"wb"
"Belarus","BLR",2010,"Eastern Europe",0.429868819374369,0.148335015136226,0.0575176589303734,0.0221997981836529,0.294651866801211,0.0373360242179617,5.46014127144299,1013,24012.6133040213,5616.0941173307,"wb"
"Belarus","BLR",2011,"Eastern Europe",0.395445134575569,0.152173913043478,0.05175983436853,0.0269151138716356,0.334368530020704,0.0683229813664596,5.25051759834369,1007,25404.7566082412,5941.68999156239,"wb"
"Belarus","BLR",2012,"Eastern Europe",0.557312252964427,0.210474308300395,0.0731225296442688,0.0138339920948617,0.24604743083004,0.0533596837944664,5.7598814229249,1052,25879.1319400701,6052.6373706236,"wb"
"Belarus","BLR",2013,"Eastern Europe",0.538232373386296,0.171797418073486,0.0774577954319762,0.0347567030784508,0.202581926514399,0.015888778550149,5.88877855014896,1032,26147.6253584645,6115.43288098707,"wb"
"Belarus","BLR",2014,"Eastern Europe",0.53281096963761,0.167482859941234,0.0871694417238002,0.0323212536728697,0.234084231145935,0.0313418217433888,5.77864838393732,1036,26564.4347246547,6212.91667418659,"wb"
"Belarus","BLR",2015,"Eastern Europe",0.510805500982318,0.199410609037328,0.0962671905697446,0.0255402750491159,0.244597249508841,0.0461689587426326,5.76326129666012,1034,25513.2132958317,5967.05595058777,"wb"
"Belarus","BLR",2016,"Eastern Europe",0.390625,0.107421875,0.04296875,0.0166015625,0.34765625,0.0615234375,5.17578125,1039,24846.8301529359,5811.20159182547,"wb"
"Belarus","BLR",2017,"Eastern Europe",0.508587786259542,0.100190839694656,0.0381679389312977,0.00763358778625954,0.240458015267176,0.0276717557251908,5.54293893129771,1053,25503.9809845207,5964.89668834561,"wb"
"Belarus","BLR",2018,"Eastern Europe",0.42200956937799,0.077511961722488,0.0220095693779904,0.0162679425837321,0.301435406698565,0.045933014354067,5.24976076555024,1061,26363.4629778536,6165.91320019277,"wb"
"Belarus","BLR",2019,"Eastern Europe",0.546946216955333,0.152233363719234,0.0619872379216044,0.0373746581586144,0.234275296262534,0.0501367365542388,5.70556061987238,1128,26798.8206398076,6267.73508743505,"wb"
"Belize","BLZ",2007,"Latin America",0.665987780040733,0.325865580448065,0.130346232179226,0.0590631364562118,0.158859470468432,0.0305498981670061,6.41344195519348,502,12973.2067214746,6465.82885846045,"wb"
"Belize","BLZ",2014,"Latin America",0.548902195608782,0.283433133732535,0.171656686626747,0.0958083832335329,0.227544910179641,0.0718562874251497,6.03193612774451,504,12272.2957895446,6116.49578852783,"wb"
"Bolivia","BOL",2006,"Latin America",0.388496468213925,0.127144298688194,0.0423814328960646,0.0252270433905146,0.231079717457114,0.0544904137235116,5.36024217961655,1000,8263.31896853691,2221.42722588941,"wb"
"Bolivia","BOL",2007,"Latin America",0.38659793814433,0.135051546391753,0.0494845360824742,0.0329896907216495,0.234020618556701,0.0762886597938144,5.3680412371134,1000,8493.94848212653,2283.42733535297,"wb"
"Bolivia","BOL",2008,"Latin America",0.372727272727273,0.126262626262626,0.0414141414141414,0.0232323232323232,0.27979797979798,0.0656565656565657,5.26060606060606,1003,8865.27246616683,2383.25032547517,"wb"
"Bolivia","BOL",2009,"Latin America",0.50354609929078,0.236068895643364,0.101317122593718,0.0628166160081054,0.158054711246201,0.0374873353596758,5.95440729483283,1000,9011.55629873547,2422.57579380245,"wb"
"Bolivia","BOL",2010,"Latin America",0.475798146240989,0.183316168898043,0.0669412976313079,0.0308959835221421,0.169927909371782,0.0422245108135942,5.76416065911432,1000,9230.3980801466,2481.4070083834,"wb"
"Bolivia","BOL",2011,"Latin America",0.482124616956078,0.165474974463739,0.0612870275791624,0.0296220633299285,0.175689479060266,0.0388151174668029,5.72318692543412,1000,9554.44502513,2568.52051674406,"wb"
"Bolivia","BOL",2012,"Latin America",0.518046709129512,0.237791932059448,0.128450106157113,0.0966029723991507,0.177282377919321,0.0679405520169851,5.947983014862,1000,9884.46163594645,2657.2388497837,"wb"
"Bolivia","BOL",2013,"Latin America",0.494427558257345,0.177304964539007,0.0780141843971631,0.060790273556231,0.189463019250253,0.0506585612968592,5.73657548125633,1000,10391.3833756917,2793.51457124054,"wb"
"Bolivia","BOL",2014,"Latin America",0.470408163265306,0.191836734693878,0.076530612244898,0.0438775510204082,0.171428571428571,0.0561224489795918,5.71224489795918,1000,10790.8472887528,2900.90241571477,"wb"
"Bolivia","BOL",2015,"Latin America",0.455747711088505,0.183112919633774,0.0681586978636826,0.0376398779247202,0.185147507629705,0.0488301119023398,5.67548321464903,1000,11144.6415720641,2996.01289811344,"wb"
"Bolivia","BOL",2016,"Latin America",0.426666666666667,0.174358974358974,0.0820512820512821,0.0625641025641026,0.213333333333333,0.0841025641025641,5.57333333333333,1000,11448.02180322,3077.57057582774,"wb"
"Bolivia","BOL",2017,"Latin America",0.472931562819203,0.21144024514811,0.103166496424923,0.076608784473953,0.217568947906027,0.0674157303370786,5.7538304392237,1000,11755.2556195885,3160.16421247588,"wb"
"Bolivia","BOL",2018,"Latin America",0.502024291497976,0.22165991902834,0.090080971659919,0.0718623481781376,0.177125506072875,0.055668016194332,5.86336032388664,1000,11920.3135079645,3204.53670838005,"wb"
"Bolivia","BOL",2019,"Latin America",0.500507614213198,0.198984771573604,0.0842639593908629,0.0609137055837563,0.198984771573604,0.0639593908629442,5.73705583756345,1000,11930.9159145918,3207.38695231128,"wb"
"Bolivia","BOL",2020,"Latin America",0.520520520520521,0.182182182182182,0.0580580580580581,0.038038038038038,0.192192192192192,0.0500500500500501,5.76576576576577,1001,10285.6590750222,2765.09271788602,"wb"
"Bolivia","BOL",2021,"Latin America",0.507507507507508,0.181181181181181,0.0620620620620621,0.035035035035035,0.209209209209209,0.0560560560560561,5.72472472472472,1004,11202.4409836707,3011.55110825301,"wb"
"Bolivia","BOL",2022,"Latin America",0.519837232960326,0.217700915564598,0.102746693794507,0.0732451678535097,0.193285859613428,0.0854526958290946,5.81485249237029,1000,11487.7148799194,3088.24126173436,"wb"
"Bolivia","BOL",2023,"Latin America",0.513007284079084,0.235171696149844,0.104058272632674,0.077003121748179,0.187304890738814,0.0707596253902185,5.83454734651405,1000,11616.1575595159,3122.77049466223,"wb"
"Brazil","BRA",2006,"Latin America",0.619000979431929,0.406464250734574,0.240940254652302,0.179236043095005,0.173359451518119,0.0842311459353575,6.51420176297747,1029,15657.4795716983,7622.04007133264,"wb"
"Brazil","BRA",2007,"Latin America",0.5498046875,0.314453125,0.173828125,0.119140625,0.1806640625,0.0703125,6.1689453125,1038,16440.583740032,8003.25413096047,"wb"
"Brazil","BRA",2008,"Latin America",0.675097276264591,0.403696498054475,0.203307392996109,0.130350194552529,0.140077821011673,0.0505836575875486,6.6352140077821,1032,17113.3679822643,8330.76459841304,"wb"
"Brazil","BRA",2009,"Latin America",0.704789833822092,0.450635386119257,0.244379276637341,0.16911045943304,0.10752688172043,0.0410557184750733,6.9169110459433,1031,16939.4407810328,8246.09706995094,"wb"
"Brazil","BRA",2010,"Latin America",0.69980694980695,0.442084942084942,0.221042471042471,0.148648648648649,0.124517374517375,0.055019305019305,6.80791505791506,1043,18062.1581103659,8792.63436120342,"wb"
"Brazil","BRA",2011,"Latin America",0.755298651252408,0.44990366088632,0.232177263969171,0.147398843930636,0.0847784200385356,0.0308285163776493,7.01156069364162,1042,18627.8104529397,9067.99316348047,"wb"
"Brazil","BRA",2012,"Latin America",0.736391129032258,0.467237903225806,0.24445564516129,0.151209677419355,0.113407258064516,0.0438508064516129,6.96118951612903,2005,18832.2195527075,9167.49923929815,"wb"
"Brazil","BRA",2013,"Latin America",0.756,0.499,0.269,0.17,0.082,0.04,7.12,1003,19241.5059815726,9366.73932434359,"wb"
"Brazil","BRA",2014,"Latin America",0.738738738738739,0.436436436436436,0.236236236236236,0.144144144144144,0.0950950950950951,0.036036036036036,6.94494494494494,1007,19183.172744636,9338.34278278114,"wb"
"Brazil","BRA",2015,"Latin America",0.628256513026052,0.353707414829659,0.188376753507014,0.133266533066132,0.151302605210421,0.0711422845691383,6.40581162324649,1004,18357.0690617991,8936.19661712113,"wb"
"Brazil","BRA",2016,"Latin America",0.606307222787386,0.372329603255341,0.19735503560529,0.150559511698881,0.188199389623601,0.0956256358087487,6.27772126144456,1001,17620.9272434136,8577.84376650911,"wb"
"Brazil","BRA",2017,"Latin America",0.612770339855819,0.355303810504634,0.211122554067971,0.17816683831102,0.177136972193615,0.0854788877445932,6.34397528321318,1000,17724.4799577784,8628.25308908043,"wb"
"Brazil","BRA",2018,"Latin America",0.576131687242798,0.326131687242798,0.184156378600823,0.148148148148148,0.207818930041152,0.110082304526749,6.10802469135802,1000,17917.7492123359,8722.33630317935,"wb"
"Brazil","BRA",2019,"Latin America",0.621926229508197,0.37431693989071,0.212090163934426,0.156762295081967,0.164275956284153,0.0823087431693989,6.41154371584699,3001,18018.6209151518,8771.44051292177,"wb"
"Brazil","BRA",2020,"Latin America",0.659680638722555,0.302395209580838,0.134730538922156,0.0918163672654691,0.139720558882236,0.0459081836327345,6.3872255489022,1002,17327.5157249466,8435.01143254978,"wb"
"Brazil","BRA",2021,"Latin America",0.6321036889332,0.283150548354935,0.126620139581256,0.0827517447657029,0.161515453639083,0.0378863409770688,6.2691924227318,1005,18075.7060049068,8799.22945810901,"wb"
"Brazil","BRA",2022,"Latin America",0.60655737704918,0.336065573770492,0.190573770491803,0.140368852459016,0.168032786885246,0.0881147540983607,6.24590163934426,1000,18554.0461828566,9032.08481566299,"wb"
"Brazil","BRA",2023,"Latin America",0.641337386018237,0.373860182370821,0.197568389057751,0.145896656534954,0.15096251266464,0.07193515704154,6.49442755825735,1000,19079.8122134028,9288.02701470069,"wb"
"Bhutan","BTN",2013,"Asia",0.470411233701103,0.0631895687061184,0.0180541624874624,0.0100300902708124,0.114343029087262,0.0150451354062187,5.63189568706118,1000,11212.479426698,2671.07460201171,"wb"
"Bhutan","BTN",2014,"Asia",0.25,0.0138888888888889,0.00297619047619048,0.00198412698412698,0.268849206349206,0.00892857142857143,4.98313492063492,1020,11744.5189124825,2797.81883971908,"wb"
"Bhutan","BTN",2015,"Asia",0.305637982195846,0.066271018793274,0.039564787339268,0.0187932739861523,0.256181998021761,0.0316518298714144,5.17804154302671,1020,12400.2983237391,2954.04081911097,"wb"
"Botswana","BWA",2006,"Africa",0.309619238476954,0.0671342685370741,0.0260521042084168,0.0210420841683367,0.417835671342685,0.140280561122244,4.63426853707415,1000,15275.5828811117,5865.00026521361,"wb"
"Botswana","BWA",2008,"Africa",0.456740442655936,0.204225352112676,0.109657947686117,0.0643863179074447,0.323943661971831,0.0764587525150905,5.52012072434608,1000,16040.3153236098,6158.61629368051,"wb"
"Botswana","BWA",2010,"Africa",0.18436873747495,0.0340681362725451,0.00901803607214429,0.00200400801603206,0.564128256513026,0.217434869739479,3.98897795591182,1000,14545.0198074427,5584.5034321846,"wb"
"Botswana","BWA",2011,"Africa",0.168,0.033,0.016,0.009,0.604,0.255,3.822,1000,15236.7188843522,5850.07858575461,"wb"
"Botswana","BWA",2012,"Africa",0.342,0.096,0.056,0.019,0.379,0.088,4.964,1000,14957.6189142932,5742.91924452636,"wb"
"Botswana","BWA",2013,"Africa",0.276,0.083,0.023,0.004,0.511,0.199,4.362,1000,16369.4252971454,6284.97678002618,"wb"
"Botswana","BWA",2014,"Africa",0.282565130260521,0.0831663326653307,0.0290581162324649,0.0150300601202405,0.476953907815631,0.228456913827655,4.2685370741483,1000,17052.1924105361,6547.12254115892,"wb"
"Botswana","BWA",2015,"Africa",0.216432865731463,0.0581162324649299,0.0230460921843687,0.0120240480961924,0.534068136272545,0.280561122244489,3.90881763527054,1000,15994.9643042101,6141.20394726616,"wb"
"Botswana","BWA",2016,"Africa",0.164256198347107,0.0671487603305785,0.0475206611570248,0.0351239669421488,0.558884297520661,0.353305785123967,3.56818181818182,1000,16905.588740873,6490.83463593483,"wb"
"Botswana","BWA",2017,"Africa",0.167682926829268,0.0670731707317073,0.0497967479674797,0.0386178861788618,0.582317073170732,0.364837398373984,3.54674796747967,1000,17352.8958451454,6662.57644805467,"wb"
"Botswana","BWA",2018,"Africa",0.14867617107943,0.0478615071283096,0.0346232179226069,0.0295315682281059,0.54989816700611,0.346232179226069,3.5132382892057,1002,17825.018569213,6843.84612027739,"wb"
"Botswana","BWA",2019,"Africa",0.161319890009166,0.0669110907424381,0.0485792850595784,0.0412465627864345,0.553620531622365,0.335472043996334,3.59853345554537,1114,18106.0105471124,6951.73189051146,"wb"
"Botswana","BWA",2022,"Africa",0.158,0.065,0.043,0.038,0.588,0.376,3.469,1003,18647.3734588832,7159.5860618268,"wb"
"Botswana","BWA",2023,"Africa",0.169169169169169,0.0670670670670671,0.04004004004004,0.033033033033033,0.595595595595596,0.368368368368368,3.45645645645646,1005,18932.4802712334,7269.05170664457,"wb"
"Central African Republic","CAF",2007,"Africa",0.212060301507538,0.0512562814070352,0.0251256281407035,0,0.597989949748744,0.134673366834171,4.24623115577889,1000,1284.55283590666,450.762785401893,"wb"
"Central African Republic","CAF",2010,"Africa",0.093186372745491,0.00901803607214429,0.0030060120240481,0.00100200400801603,0.723446893787575,0.204408817635271,3.60821643286573,1000,1479.41367757692,519.141456408484,"wb"
"Central African Republic","CAF",2011,"Africa",0.119,0.02,0.008,0.001,0.68,0.22,3.727,1000,1517.14839091011,532.38295493852,"wb"
"Central African Republic","CAF",2016,"Africa",0.100908173562059,0.0464177598385469,0.0312815338042381,0.0262361251261352,0.778002018163471,0.505549949545913,2.84863773965691,1000,1073.94477703739,376.858254120398,"wb"
"Central African Republic","CAF",2017,"Africa",0.210633946830266,0.120654396728016,0.0828220858895705,0.0582822085889571,0.66359918200409,0.419222903885481,3.62372188139059,1000,1103.86609318724,387.35795131742,"wb"
"Canada","CAN",2006,"Western",0.887573964497041,0.516272189349112,0.197485207100592,0.0917159763313609,0.0458579881656805,0.00665680473372781,7.39940828402367,1355,53195.7608573851,41663.5541588166,"wb"
"Canada","CAN",2007,"Western",0.875992063492063,0.612103174603175,0.278769841269841,0.112103174603175,0.0446428571428571,0.0198412698412698,7.56944444444444,1010,53761.8407991685,42106.9147186165,"wb"
"Canada","CAN",2008,"Western",0.875249500998004,0.595808383233533,0.24251497005988,0.103792415169661,0.0389221556886228,0.00698602794411178,7.53892215568862,1005,53711.6580329654,42067.610977795,"wb"
"Canada","CAN",2009,"Western",0.877733598409543,0.569582504970179,0.246520874751491,0.0944333996023857,0.0467196819085487,0.0119284294234592,7.4831013916501,1011,51552.4020321975,40376.4559330928,"wb"
"Canada","CAN",2010,"Western",0.885572139303483,0.643781094527363,0.297512437810945,0.124378109452736,0.0407960199004975,0.0119402985074627,7.68457711442786,1007,52558.4200617806,41164.3812486578,"wb"
"Canada","CAN",2011,"Western",0.876482213438735,0.603754940711462,0.254940711462451,0.104743083003953,0.0573122529644269,0.0207509881422925,7.5197628458498,1013,53681.1084809345,42043.6842044008,"wb"
"Canada","CAN",2012,"Western",0.877816725087631,0.589884827240861,0.256885327991988,0.100150225338007,0.0535803705558337,0.014021031547321,7.51677516274412,2003,54034.7821680318,42320.6856530018,"wb"
"Canada","CAN",2013,"Western",0.8762278978389,0.587426326129666,0.270137524557957,0.118860510805501,0.0432220039292731,0.0108055009823183,7.56286836935167,1021,54712.1568593677,42851.2135876232,"wb"
"Canada","CAN",2014,"Western",0.879387048937222,0.572417202174988,0.242214532871972,0.0869995056846268,0.0538803756796836,0.0153237765694513,7.46811665842808,2025,55723.4615652506,43643.2794910996,"wb"
"Canada","CAN",2015,"Western",0.870168483647175,0.576808721506442,0.215064420218038,0.0951437066402379,0.0515361744301288,0.0128840436075322,7.44895936570862,1011,55660.8455840759,43594.2379080706,"wb"
"Canada","CAN",2016,"Western",0.869565217391304,0.555335968379447,0.224308300395257,0.0988142292490119,0.0553359683794466,0.0128458498023715,7.41699604743083,1016,55606.1329948184,43551.3863558236,"wb"
"Canada","CAN",2017,"Western",0.891434262948207,0.575697211155379,0.231075697211155,0.0846613545816733,0.048804780876494,0.0139442231075697,7.4890438247012,1005,56612.3062191777,44339.4332217878,"wb"
"Canada","CAN",2018,"Western",0.874132804757185,0.530227948463826,0.199207135777998,0.0733399405351833,0.0614469772051536,0.0128840436075322,7.33002973240832,1009,57337.4682870033,44907.3887994469,"wb"
"Canada","CAN",2019,"Western",0.868804664723032,0.530612244897959,0.193391642371234,0.06511175898931,0.0583090379008746,0.0155490767735666,7.30806608357629,1031,57583.8230739204,45100.336805859,"wb"
"Canada","CAN",2020,"Western",0.818091451292246,0.513916500994036,0.213717693836978,0.0854870775347912,0.0825049701789264,0.0208747514910537,7.20477137176938,1006,54092.8576890836,42366.1710935265,"wb"
"Canada","CAN",2021,"Western",0.833333333333333,0.507936507936508,0.200396825396825,0.0823412698412698,0.0813492063492064,0.0218253968253968,7.19642857142857,1008,56995.0952020711,44639.2381171993,"wb"
"Canada","CAN",2022,"Western",0.828202581926514,0.484607745779543,0.199602780536246,0.0734856007944389,0.0963257199602781,0.0218470705064548,7.12313803376365,1014,58583.1299860138,45883.0058941892,"wb"
"Switzerland","CHE",2006,"Western",0.850401606425703,0.568273092369478,0.254016064257028,0.0983935742971888,0.0471887550200803,0.00803212851405622,7.45180722891566,1000,73901.6149628577,80448.9696781612,"wb"
"Switzerland","CHE",2009,"Western",0.85871743486974,0.574148296593186,0.244488977955912,0.110220440881764,0.031062124248497,0.0120240480961924,7.49098196392786,1003,74672.9512725807,81288.642957612,"wb"
"Switzerland","CHE",2012,"Western",0.889669007021063,0.645937813440321,0.291875626880642,0.125376128385155,0.0260782347041123,0.0100300902708124,7.71414242728185,1000,76570.2378987121,83354.0207485188,"wb"
"Switzerland","CHE",2014,"Western",0.895760598503741,0.612468827930175,0.220947630922693,0.0708229426433915,0.0384039900249377,0.00897755610972569,7.54563591022444,2010,78086.6805249841,85004.8134534,"wb"
"Switzerland","CHE",2015,"Western",0.898203592814371,0.652694610778443,0.301397205588822,0.0858283433133733,0.031936127744511,0.0119760479041916,7.67664670658683,501,78325.7487417695,85265.06205193,"wb"
"Switzerland","CHE",2016,"Western",0.877877877877878,0.614614614614615,0.273273273273273,0.0920920920920921,0.038038038038038,0.01001001001001,7.59259259259259,1000,78956.0667315042,85951.2234148345,"wb"
"Switzerland","CHE",2017,"Western",0.878,0.599,0.257,0.084,0.025,0.003,7.584,1000,79333.7437810881,86362.360972862,"wb"
"Switzerland","CHE",2018,"Western",0.883883883883884,0.610610610610611,0.25025025025025,0.0880880880880881,0.028028028028028,0.00900900900900901,7.56456456456456,1000,81371.8944120855,88581.0826935584,"wb"
"Switzerland","CHE",2019,"Western",0.9208984375,0.634765625,0.2353515625,0.10546875,0.021484375,0.005859375,7.6923828125,1025,81694.630652314,88932.4119306425,"wb"
"Switzerland","CHE",2020,"Western",0.885656970912738,0.621865596790371,0.22567703109328,0.0902708124373119,0.0190571715145436,0.00401203610832497,7.5827482447342,1000,79270.8713687141,86293.9183441155,"wb"
"Switzerland","CHE",2021,"Western",0.858,0.574,0.219,0.075,0.071,0.029,7.319,1000,83524.9832880195,90924.9256769825,"wb"
"Switzerland","CHE",2022,"Western",0.78714859437751,0.492971887550201,0.176706827309237,0.0542168674698795,0.120481927710843,0.0321285140562249,6.95381526104418,1000,85762.2829174304,93360.440112464,"wb"
"Switzerland","CHE",2023,"Western",0.808191808191808,0.452547452547453,0.135864135864136,0.041958041958042,0.104895104895105,0.016983016983017,6.94505494505495,1001,85383.3564504008,92947.9424441568,"wb"
"Chile","CHL",2006,"Latin America",0.589054726368159,0.285572139303483,0.150248756218905,0.101492537313433,0.161194029850746,0.0477611940298507,6.24179104477612,1007,21973.7382914389,10611.6144012877,"wb"
"Chile","CHL",2007,"Latin America",0.498533724340176,0.219941348973607,0.0987292277614858,0.0625610948191593,0.235581622678397,0.0664711632453568,5.76735092864125,1023,22884.2997108846,11051.3450717678,"wb"
"Chile","CHL",2008,"Latin America",0.493670886075949,0.241410488245931,0.128390596745027,0.0831826401446655,0.231464737793852,0.0768535262206148,5.82368896925859,1108,23515.3473178269,11356.0922105983,"wb"
"Chile","CHL",2009,"Latin America",0.645833333333333,0.340277777777778,0.194444444444444,0.114087301587302,0.148809523809524,0.0347222222222222,6.51388888888889,1009,23019.0299454094,11116.4093443103,"wb"
"Chile","CHL",2010,"Latin America",0.674280039721946,0.368421052631579,0.198609731876862,0.113207547169811,0.145978152929494,0.0367428003972195,6.64349553128103,1007,24122.4787924386,11649.2897090856,"wb"
"Chile","CHL",2011,"Latin America",0.677259185700099,0.34558093346574,0.166832174776564,0.0943396226415094,0.132075471698113,0.0407149950347567,6.54816285998014,1009,25372.2741480772,12252.8441074615,"wb"
"Chile","CHL",2012,"Latin America",0.676323676323676,0.371628371628372,0.18981018981019,0.0999000999000999,0.112887112887113,0.033966033966034,6.65734265734266,1003,26676.8110154019,12882.834417927,"wb"
"Chile","CHL",2013,"Latin America",0.694,0.388,0.227,0.134,0.119,0.021,6.808,1001,27297.8185145366,13182.7329619856,"wb"
"Chile","CHL",2014,"Latin America",0.688910696761531,0.388616290480864,0.228655544651619,0.122669283611384,0.103042198233562,0.0304219823356232,6.78802747791953,1032,27511.5610030404,13285.9540361192,"wb"
"Chile","CHL",2015,"Latin America",0.690731707317073,0.331707317073171,0.165853658536585,0.0985365853658537,0.109268292682927,0.0204878048780488,6.62536585365854,1040,27817.9584848024,13433.9202987032,"wb"
"Chile","CHL",2016,"Latin America",0.686507936507937,0.322420634920635,0.143849206349206,0.0882936507936508,0.110119047619048,0.0287698412698413,6.54365079365079,1008,27965.3473526831,13505.097711133,"wb"
"Chile","CHL",2017,"Latin America",0.585907335907336,0.290540540540541,0.154440154440154,0.111003861003861,0.161196911196911,0.055019305019305,6.21621621621622,1040,27899.5979777012,13473.3458532934,"wb"
"Chile","CHL",2018,"Latin America",0.585757271815446,0.295887662988967,0.152457372116349,0.105315947843531,0.157472417251755,0.0461384152457372,6.26278836509529,1000,28499.4064000406,13763.0068844795,"wb"
"Chile","CHL",2019,"Latin America",0.532639545884579,0.220435193945128,0.107852412488174,0.0681173131504257,0.215704824976348,0.0491958372753075,5.879848628193,1060,28227.9790507594,13631.9284885172,"wb"
"Chile","CHL",2020,"Latin America",0.597597597597598,0.291291291291291,0.126126126126126,0.0840840840840841,0.176176176176176,0.036036036036036,6.22722722722723,1000,26258.4038553242,12680.7761524378,"wb"
"Chile","CHL",2021,"Latin America",0.62962962962963,0.262262262262262,0.134134134134134,0.0970970970970971,0.124124124124124,0.034034034034034,6.30630630630631,1001,29106.6356522053,14056.251601955,"wb"
"Chile","CHL",2022,"Latin America",0.615461847389558,0.269076305220884,0.13855421686747,0.0943775100401606,0.127510040160643,0.0381526104417671,6.30522088353414,1000,29560.4513805785,14275.4094646211,"wb"
"China","CHN",2006,"Asia",0.33494623655914,0.0688172043010753,0.0209677419354839,0.0123655913978495,0.362634408602151,0.123655913978495,4.76505376344086,3730,7057.11131595304,3883.27464370816,"wb"
"China","CHN",2007,"Asia",0.387694787748522,0.0792584631918323,0.0204191295002687,0.0107469102632993,0.30091348737238,0.0932294465341214,5.03734551316496,3733,8013.78375739131,4409.69709445986,"wb"
"China","CHN",2008,"Asia",0.396589063345966,0.0866269626421224,0.0246345425013535,0.013264753654575,0.291283161884136,0.0855441256090958,5.10449377368706,3712,8743.7020031299,4811.34486346262,"wb"
"China","CHN",2009,"Asia",0.279581151832461,0.0518324607329843,0.0170157068062827,0.00654450261780105,0.406020942408377,0.128795811518325,4.60261780104712,3833,9518.68128351945,5237.78809982377,"wb"
"China","CHN",2010,"Asia",0.318181818181818,0.0804569761789013,0.0289256198347107,0.0157997083130773,0.372630043753038,0.113757899854157,4.79752066115702,4151,10476.1525652407,5764.65012366375,"wb"
"China","CHN",2011,"Asia",0.402398081534772,0.110791366906475,0.0347721822541966,0.018705035971223,0.276978417266187,0.0908872901678657,5.17865707434053,4220,11404.9179835542,6275.71634288814,"wb"
"China","CHN",2012,"Asia",0.415665236051502,0.138841201716738,0.0495708154506438,0.0274678111587983,0.274034334763949,0.102789699570815,5.22564377682403,9413,12217.9343813101,6723.09003744607,"wb"
"China","CHN",2013,"Asia",0.383903133903134,0.110636277302944,0.0360873694207028,0.0227920227920228,0.281101614434948,0.100902184235518,5.11918328584995,4244,13080.8787864744,7197.937319496,"wb"
"China","CHN",2014,"Asia",0.41131830008673,0.129878577623591,0.045316565481353,0.0279705117085863,0.259540329575022,0.0711188204683434,5.32567215958369,4696,13968.5187785922,7686.37369520403,"wb"
"China","CHN",2015,"Asia",0.40484100616991,0.146179401993355,0.0557664926435691,0.0320360702420503,0.267204556241101,0.105363075462743,5.24679639297579,4265,14857.1088234405,8175.33285077393,"wb"
"China","CHN",2016,"Asia",0.422512234910277,0.140992775576789,0.0512701002097413,0.0293637846655791,0.290142158005127,0.0743416453041249,5.30016313213703,4373,15772.8372607502,8679.22528805041,"wb"
"China","CHN",2017,"Asia",0.408585858585859,0.150757575757576,0.0679292929292929,0.0484848484848485,0.281313131313131,0.131565656565657,5.16186868686869,4141,16758.0463976858,9221.35045639842,"wb"
"China","CHN",2018,"Asia",0.382642998027613,0.132995209918287,0.0667793744716822,0.0479008171315864,0.292194984502677,0.127641589180051,5.08537616229924,3649,17807.0490552244,9798.57890566402,"wb"
"China","CHN",2019,"Asia",0.363966480446927,0.146368715083799,0.0748603351955307,0.0592178770949721,0.310335195530726,0.113966480446927,5.12821229050279,3709,18820.5871645645,10356.2924890582,"wb"
"China","CHN",2020,"Asia",0.557454331172658,0.242781378903948,0.116676487919859,0.0760164997053624,0.213317619328226,0.0910430170889805,5.81761932822628,3503,19215.1012491012,10573.3794064211,"wb"
"China","CHN",2021,"Asia",0.585197934595525,0.252151462994836,0.117613310384395,0.0826161790017212,0.183591508892714,0.0633964429145152,6.0249569707401,3500,20843.2978347377,11469.3174514512,"wb"
"Cote d'Ivoire","CIV",2009,"Africa",0.148,0.026,0.005,0.002,0.537,0.095,4.279,1000,4151.08431510133,1473.9183699329,"wb"
"Cote d'Ivoire","CIV",2013,"Africa",0.161866931479643,0.0595829195630586,0.0258192651439921,0.00794438927507448,0.627606752730884,0.203574975173784,3.96921549155909,1008,4597.22035890241,1632.32712787006,"wb"
"Cote d'Ivoire","CIV",2014,"Africa",0.112,0.02,0.006,0.004,0.728,0.232,3.658,1000,4907.61080546543,1742.53693001178,"wb"
"Cote d'Ivoire","CIV",2015,"Africa",0.277777777777778,0.0939393939393939,0.0505050505050505,0.0313131313131313,0.46969696969697,0.146464646464646,4.58787878787879,1000,5110.90021438908,1814.71855088017,"wb"
"Cote d'Ivoire","CIV",2016,"Africa",0.290123456790123,0.121399176954733,0.0740740740740741,0.0432098765432099,0.423868312757202,0.179012345679012,4.69547325102881,1000,5320.88582199186,1889.27777949938,"wb"
"Cote d'Ivoire","CIV",2017,"Africa",0.348643006263048,0.17223382045929,0.116910229645094,0.0876826722338205,0.399791231732777,0.165970772442589,5.00939457202505,1000,5556.1547631509,1972.81431788947,"wb"
"Cote d'Ivoire","CIV",2018,"Africa",0.42010582010582,0.251851851851852,0.191534391534392,0.158730158730159,0.367195767195767,0.187301587301587,5.37354497354497,1000,5670.24199741353,2013.32307598499,"wb"
"Cote d'Ivoire","CIV",2019,"Africa",0.392857142857143,0.26734693877551,0.203061224489796,0.172448979591837,0.398979591836735,0.172448979591837,5.33061224489796,1000,5894.92235259103,2093.09994335779,"wb"
"Cote d'Ivoire","CIV",2020,"Africa",0.471471471471471,0.168168168168168,0.101101101101101,0.0740740740740741,0.282282282282282,0.0960960960960961,5.50950950950951,1021,5787.85814696561,2055.08483996432,"wb"
"Cote d'Ivoire","CIV",2021,"Africa",0.416155419222904,0.234151329243354,0.180981595092025,0.152351738241309,0.362985685071575,0.164621676891616,5.34867075664622,1000,6045.20480490881,2146.46047529012,"wb"
"Cote d'Ivoire","CIV",2022,"Africa",0.375502008032129,0.194779116465863,0.135542168674699,0.109437751004016,0.374497991967871,0.168674698795181,5.08433734939759,1000,6272.26395760029,2227.08197820584,"wb"
"Cote d'Ivoire","CIV",2023,"Africa",0.482412060301508,0.229145728643216,0.151758793969849,0.11356783919598,0.307537688442211,0.135678391959799,5.5427135678392,1000,6520.89886459765,2315.36434710324,"wb"
"Cameroon","CMR",2006,"Africa",0.146146146146146,0.028028028028028,0.011011011011011,0.00800800800800801,0.58958958958959,0.22022022022022,3.91991991991992,1000,4241.51744722821,1277.32990712342,"wb"
"Cameroon","CMR",2007,"Africa",0.199596774193548,0.0262096774193548,0.00403225806451613,0.00403225806451613,0.505040322580645,0.122983870967742,4.30947580645161,1000,4302.6192630847,1295.73067471287,"wb"
"Cameroon","CMR",2008,"Africa",0.221664994984955,0.0431293881644935,0.0100300902708124,0.00401203610832497,0.510531594784353,0.141424272818455,4.37211634904714,1000,4300.26640352464,1295.02211276052,"wb"
"Cameroon","CMR",2009,"Africa",0.289738430583501,0.0734406438631791,0.0221327967806841,0.0130784708249497,0.446680080482897,0.108651911468813,4.6841046277666,1000,4286.57718166156,1290.89961351149,"wb"
"Cameroon","CMR",2010,"Africa",0.275459098497496,0.0425709515859766,0.00667779632721202,0.00417362270450751,0.435726210350584,0.0918196994991653,4.64190317195326,1200,4286.58302947378,1290.9013745759,"wb"
"Cameroon","CMR",2011,"Africa",0.270541082164329,0.061122244488978,0.0230460921843687,0.0160320641282565,0.472945891783567,0.159318637274549,4.49098196392786,1000,4307.85195558527,1297.3064962694,"wb"
"Cameroon","CMR",2012,"Africa",0.248248248248248,0.0860860860860861,0.029029029029029,0.021021021021021,0.497497497497497,0.174174174174174,4.4044044044044,1000,4382.11120797355,1319.66961634054,"wb"
"Cameroon","CMR",2013,"Africa",0.244734202607823,0.0702106318956871,0.0290872617853561,0.0220661985957874,0.54062186559679,0.172517552657974,4.35005015045135,1000,4473.57231896434,1347.2130636706,"wb"
"Cameroon","CMR",2014,"Africa",0.255276381909548,0.071356783919598,0.0271356783919598,0.0201005025125628,0.517587939698492,0.175879396984925,4.34673366834171,1000,4588.4864949903,1381.81938454907,"wb"
"Cameroon","CMR",2015,"Africa",0.374871266735324,0.181256436663234,0.104016477857878,0.062821833161689,0.374871266735324,0.141091658084449,5.09886714727085,1000,4698.66677843587,1415.00009710569,"wb"
"Cameroon","CMR",2016,"Africa",0.319713993871297,0.121552604698672,0.059244126659857,0.0459652706843718,0.400408580183861,0.153217568947906,4.8100102145046,1000,4767.13186148953,1435.61830727839,"wb"
"Cameroon","CMR",2017,"Africa",0.365162644281217,0.193074501573977,0.132214060860441,0.107030430220357,0.374606505771249,0.160545645330535,5.10178384050367,1000,4797.97544185544,1444.90682916573,"wb"
"Cameroon","CMR",2018,"Africa",0.373150105708245,0.213530655391121,0.145877378435518,0.121564482029598,0.36046511627907,0.174418604651163,5.16384778012685,1000,4851.48003949961,1461.01969999317,"wb"
"Cameroon","CMR",2019,"Africa",0.350051177072671,0.179119754350051,0.11668372569089,0.0992835209825998,0.401228249744115,0.169907881269191,4.96827021494371,1000,4882.35560028896,1470.31785276187,"wb"
"Cameroon","CMR",2020,"Africa",0.413480885311871,0.189134808853119,0.111670020120724,0.0935613682092555,0.334004024144869,0.124748490945674,5.29778672032193,1000,4763.48194388066,1434.51913723409,"wb"
"Cameroon","CMR",2021,"Africa",0.393908629441624,0.19492385786802,0.127918781725888,0.105583756345178,0.387817258883249,0.170558375634518,5.12690355329949,1000,4793.55628200196,1443.57600237663,"wb"
"Cameroon","CMR",2022,"Africa",0.311542390194076,0.180796731358529,0.117466802860061,0.0970377936670072,0.455566905005107,0.199182839632278,4.72114402451481,1000,4843.65038202917,1458.66180431693,"wb"
"Cameroon","CMR",2023,"Africa",0.356713426853707,0.185370741482966,0.128256513026052,0.095190380761523,0.414829659318637,0.182364729458918,4.97695390781563,1000,4875.25120768005,1468.17837007337,"wb"
"Democratic Republic of Congo","COD",2009,"Africa",0.208,0.021,0.006,0.003,0.57,0.162,4.154,1000,1109.18311674431,383.726254541217,"wb"
"Democratic Republic of Congo","COD",2011,"Africa",0.281092012133468,0.0242669362992922,0.00505561172901921,0.00202224469160768,0.402426693629929,0.0889787664307381,4.64307381193124,1000,1124.7720535769,389.119308449762,"wb"
"Democratic Republic of Congo","COD",2012,"Africa",0.241,0.01,0.003,0.001,0.381,0.051,4.707,1000,1182.14074588327,408.966232816288,"wb"
"Democratic Republic of Congo","COD",2013,"Africa",0.272545090180361,0.0430861723446894,0.0230460921843687,0,0.44188376753507,0.0791583166332665,4.67234468937876,1000,1342.74156112016,464.526715460494,"wb"
"Democratic Republic of Congo","COD",2014,"Africa",0.281,0.026,0.004,0.002,0.432,0.094,4.635,1000,1392.75841334673,481.830241883776,"wb"
"Democratic Republic of Congo","COD",2015,"Africa",0.203815261044177,0.0190763052208835,0.00903614457831325,0.0070281124497992,0.548192771084337,0.170682730923695,4.14357429718875,1000,1433.21579814709,495.826633014883,"wb"
"Democratic Republic of Congo","COD",2016,"Africa",0.306613226452906,0.0230460921843687,0.00601202404809619,0.00200400801603206,0.397795591182365,0.0901803607214429,4.71543086172345,1000,1388.80163211633,480.461377880475,"wb"
"Democratic Republic of Congo","COD",2017,"Africa",0.302349336057201,0.13585291113381,0.0898876404494382,0.0633299284984678,0.480081716036772,0.227783452502554,4.51889683350358,1000,1395.71961761712,482.854682128541,"wb"
"Democratic Republic of Congo","COD",2022,"Africa",0.158906882591093,0.0607287449392713,0.0495951417004049,0.041497975708502,0.662955465587045,0.32085020242915,3.64676113360324,1000,1484.33841881449,513.512704372167,"wb"
"Democratic Republic of Congo","COD",2023,"Africa",0.240161453077699,0.126135216952573,0.082744702320888,0.0696266397578204,0.585267406659939,0.36226034308779,3.85671039354188,1000,1559.33806475859,539.45912637913,"wb"
"Congo","COG",2008,"Africa",0.165496489468405,0.0631895687061184,0.0351053159478435,0.0210631895687061,0.657973921765296,0.223671013039117,3.91675025075226,1000,7587.28826163492,2061.55829880574,"wb"
"Congo","COG",2011,"Africa",0.309619238476954,0.095190380761523,0.0350701402805611,0.0110220440881764,0.467935871743487,0.105210420841683,4.71342685370742,1000,8492.42098392103,2307.49384399715,"wb"
"Congo","COG",2012,"Africa",0.212424849699399,0.0541082164328657,0.0260521042084168,0.0160320641282565,0.665330661322645,0.234468937875752,3.93987975951904,500,9079.68656400891,2467.06102906839,"wb"
"Congo","COG",2013,"Africa",0.261616161616162,0.155555555555556,0.102020202020202,0.0848484848484849,0.636363636363636,0.308080808080808,4.1040404040404,1000,8798.49382506314,2390.65754938662,"wb"
"Congo","COG",2014,"Africa",0.252288911495422,0.0712105798575788,0.0366225839267548,0.0264496439471007,0.545269582909461,0.224821973550356,4.12004069175992,1000,9159.25664414045,2488.68118548992,"wb"
"Congo","COG",2015,"Africa",0.37941473259334,0.187689202825429,0.122098890010091,0.0918264379414733,0.436932391523713,0.236125126135217,4.77598385469223,1000,8977.70681641417,2439.35189403696,"wb"
"Congo","COG",2016,"Africa",0.226626016260163,0.129065040650406,0.100609756097561,0.084349593495935,0.535569105691057,0.25,4.27540650406504,1000,8001.8255194505,2174.19310251224,"wb"
"Congo","COG",2017,"Africa",0.351029252437703,0.187432286023835,0.123510292524377,0.0996749729144095,0.433369447453955,0.218851570964247,4.81473456121343,1000,7372.77046737599,2003.27121075187,"wb"
"Congo","COG",2018,"Africa",0.421109902067465,0.280739934711643,0.216539717083787,0.183895538628945,0.374319912948857,0.210010881392818,5.32426550598477,1000,7029.33651566257,1909.9560382117,"wb"
"Congo","COG",2019,"Africa",0.429933269780744,0.281220209723546,0.212583412774071,0.182078169685415,0.401334604385129,0.236415633937083,5.24499523355577,1090,6939.36913397466,1885.51080877731,"wb"
"Congo","COG",2020,"Africa",0.386243386243386,0.291005291005291,0.252910052910053,0.222222222222222,0.435978835978836,0.292063492063492,4.95873015873016,1002,6350.50913409722,1725.51040049963,"wb"
"Congo","COG",2021,"Africa",0.395397489539749,0.26255230125523,0.207112970711297,0.177824267782427,0.414225941422594,0.268828451882845,5.0010460251046,1000,6263.21161292636,1701.79060456872,"wb"
"Congo","COG",2022,"Africa",0.472193074501574,0.36411332633788,0.299055613850997,0.241343126967471,0.342077649527807,0.204616998950682,5.69150052465897,1000,6205.1050414034,1686.00234391385,"wb"
"Congo","COG",2023,"Africa",0.421859039836568,0.281920326864147,0.218590398365679,0.188968335035751,0.426966292134831,0.265577119509704,5.06128702757916,1000,6172.28776650683,1677.08549205924,"wb"
"Colombia","COL",2006,"Latin America",0.530653266331658,0.290452261306533,0.142713567839196,0.0954773869346734,0.231155778894472,0.0874371859296482,5.94773869346734,1000,12636.6246577724,4694.03442939175,"wb"
"Colombia","COL",2007,"Latin America",0.587763289869609,0.337011033099298,0.187562688064193,0.126379137412237,0.191574724172518,0.0842527582748245,6.23069207622869,1000,13318.3033138168,4947.25260813108,"wb"
"Colombia","COL",2008,"Latin America",0.570140280561122,0.318637274549098,0.141282565130261,0.0981963927855711,0.201402805611222,0.0791583166332665,6.09719438877756,1000,13591.0609028567,5048.57187245249,"wb"
"Colombia","COL",2009,"Latin America",0.602010050251256,0.349748743718593,0.163819095477387,0.117587939698492,0.184924623115578,0.0793969849246231,6.28040201005025,1000,13586.7518430982,5046.97121757727,"wb"
"Colombia","COL",2010,"Latin America",0.640922768304915,0.372116349047141,0.20160481444333,0.144433299899699,0.173520561685055,0.082246740220662,6.44132397191575,1000,14037.0642668639,5214.24547620131,"wb"
"Colombia","COL",2011,"Latin America",0.637462235649547,0.372608257804632,0.19436052366566,0.133937562940584,0.167170191339376,0.0704934541792548,6.43907351460222,1000,14852.3699513061,5517.1011086899,"wb"
"Colombia","COL",2012,"Latin America",0.587525150905433,0.383299798792757,0.211267605633803,0.143863179074447,0.195171026156942,0.0985915492957746,6.2887323943662,1000,15279.4790008058,5675.75617978305,"wb"
"Colombia","COL",2013,"Latin America",0.671013039117352,0.429287863590772,0.202607823470411,0.13741223671013,0.160481444332999,0.0702106318956871,6.61885656970913,1000,15912.2471293239,5910.80592301166,"wb"
"Colombia","COL",2014,"Latin America",0.625252525252525,0.360606060606061,0.171717171717172,0.118181818181818,0.171717171717172,0.0777777777777778,6.34949494949495,1000,16480.3631474161,6121.83982019825,"wb"
"Colombia","COL",2015,"Latin America",0.62124248496994,0.322645290581162,0.150300601202405,0.093186372745491,0.195390781563126,0.0661322645290581,6.24849699398798,1000,16821.3801400631,6248.51490534512,"wb"
"Colombia","COL",2016,"Latin America",0.569826707441386,0.341488277268094,0.192660550458716,0.141692150866463,0.225280326197757,0.117227319062181,6.08664627930683,1000,17003.244366485,6316.07067782542,"wb"
"Colombia","COL",2017,"Latin America",0.560975609756098,0.338414634146341,0.177845528455285,0.140243902439024,0.219512195121951,0.100609756097561,6.10772357723577,1000,16986.0334182842,6309.67745292518,"wb"
"Colombia","COL",2018,"Latin America",0.549338758901322,0.32146490335707,0.177009155645982,0.143438453713123,0.250254323499491,0.131230925737538,5.94608341810783,1000,17104.1313545678,6353.5464285392,"wb"
"Colombia","COL",2019,"Latin America",0.591233435270133,0.372069317023445,0.208970438328237,0.163098878695209,0.203873598369011,0.0968399592252803,6.28644240570846,1000,17336.7716030551,6439.96359812647,"wb"
"Colombia","COL",2020,"Latin America",0.571,0.299,0.158,0.107,0.216,0.092,6.055,1000,15861.4999291295,5891.95523215403,"wb"
"Colombia","COL",2021,"Latin America",0.496987951807229,0.226907630522088,0.11144578313253,0.0652610441767068,0.293172690763052,0.125502008032129,5.55020080321285,1000,17383.0901728295,6457.16921807086,"wb"
"Colombia","COL",2022,"Latin America",0.515577889447236,0.303517587939699,0.170854271356784,0.134673366834171,0.240201005025126,0.109547738693467,5.9035175879397,1000,18458.7209460704,6856.72590505374,"wb"
"Comoros","COM",2009,"Africa",0.0771929824561404,0.0100250626566416,0.00350877192982456,0.00200501253132832,0.729323308270677,0.238095238095238,3.5734335839599,2000,3171.6035546392,1250.90237145763,"wb"
"Comoros","COM",2010,"Africa",0.123246492985972,0.0200400801603206,0.00801603206412826,0.0030060120240481,0.677354709418838,0.210921843687375,3.78256513026052,2000,3226.63502045267,1272.60716208007,"wb"
"Comoros","COM",2011,"Africa",0.104552276138069,0.00600300150075038,0.00200100050025012,0.00100050025012506,0.694847423711856,0.152576288144072,3.82091045522761,2000,3293.83407668409,1299.11093449408,"wb"
"Comoros","COM",2012,"Africa",0.116116116116116,0.013013013013013,0.004004004004004,0,0.682682682682683,0.119119119119119,3.94394394394394,1000,3330.52446059187,1313.58187559666,"wb"
"Comoros","COM",2018,"Africa",0.248704663212435,0.148186528497409,0.106735751295337,0.077720207253886,0.530569948186528,0.348186528497409,4.13678756476684,1000,3528.95868167877,1391.84570443267,"wb"
"Comoros","COM",2019,"Africa",0.308421052631579,0.222105263157895,0.184210526315789,0.154736842105263,0.478947368421053,0.303157894736842,4.6378947368421,1000,3522.66866952646,1389.36488014859,"wb"
"Comoros","COM",2022,"Africa",0.2125,0.141666666666667,0.105208333333333,0.0854166666666667,0.621875,0.395833333333333,3.78645833333333,1000,3465.8402271705,1366.9513495529,"wb"
"Costa Rica","CRI",2006,"Latin America",0.745918367346939,0.475510204081633,0.244897959183673,0.142857142857143,0.0908163265306123,0.026530612244898,7.03775510204082,1002,16628.3723014013,9160.29437313379,"wb"
"Costa Rica","CRI",2007,"Latin America",0.799188640973631,0.574036511156187,0.321501014198783,0.201825557809331,0.0780933062880325,0.0334685598377282,7.40770791075051,1002,17752.4161954513,9779.51150221827,"wb"
"Costa Rica","CRI",2008,"Latin America",0.716312056737589,0.398176291793313,0.174265450861196,0.099290780141844,0.101317122593718,0.0314083080040527,6.76697061803445,1000,18343.0996854851,10104.9092352005,"wb"
"Costa Rica","CRI",2009,"Latin America",0.81570996978852,0.586102719033233,0.335347432024169,0.203423967774421,0.0594159113796576,0.0151057401812689,7.53776435045317,1000,17941.5019129465,9883.67568633785,"wb"
"Costa Rica","CRI",2010,"Latin America",0.782217782217782,0.531468531468531,0.262737262737263,0.152847152847153,0.0659340659340659,0.011988011988012,7.28571428571429,1006,18670.1678827387,10285.0856777667,"wb"
"Costa Rica","CRI",2011,"Latin America",0.753024193548387,0.482862903225806,0.286290322580645,0.198588709677419,0.0725806451612903,0.0231854838709677,7.20161290322581,1000,19264.4566461776,10612.4694960426,"wb"
"Costa Rica","CRI",2012,"Latin America",0.793969849246231,0.521608040201005,0.274371859296482,0.153768844221106,0.0874371859296482,0.0301507537688442,7.22613065326633,1000,19970.6856013628,11001.5193084396,"wb"
"Costa Rica","CRI",2013,"Latin America",0.742971887550201,0.478915662650602,0.233935742971888,0.150602409638554,0.0803212851405622,0.0220883534136546,7.07128514056225,1000,20242.2938648319,11151.1437937744,"wb"
"Costa Rica","CRI",2014,"Latin America",0.746492985971944,0.502004008016032,0.299599198396794,0.195390781563126,0.0901803607214429,0.0270541082164329,7.21142284569138,1000,20735.1927258406,11422.6735972442,"wb"
"Costa Rica","CRI",2015,"Latin America",0.70635721493441,0.450050454086781,0.214934409687185,0.129162462159435,0.1029263370333,0.0494450050454087,6.83753784056509,1000,21265.3176336354,11714.7106121672,"wb"
"Costa Rica","CRI",2016,"Latin America",0.758130081300813,0.495934959349593,0.261178861788618,0.153455284552846,0.092479674796748,0.0457317073170732,7.08231707317073,1000,21936.4660575366,12084.4351419988,"wb"
"Costa Rica","CRI",2017,"Latin America",0.766902119071645,0.513622603430878,0.25933400605449,0.194752774974773,0.10393541876892,0.0393541876892028,7.15741675075681,1000,22633.7648663302,12468.5654849336,"wb"
"Costa Rica","CRI",2018,"Latin America",0.732124874118832,0.48539778449144,0.269889224572004,0.187311178247734,0.0976837865055388,0.0433031218529708,7.07653575025176,1000,23069.8622241266,12708.8042828359,"wb"
"Costa Rica","CRI",2019,"Latin America",0.729103726082578,0.462235649546828,0.238670694864048,0.154078549848943,0.107754279959718,0.0352467270896274,6.97885196374622,1000,23496.8294622995,12944.013449341,"wb"
"Costa Rica","CRI",2020,"Latin America",0.66835187057634,0.406471183013145,0.188068756319515,0.112234580384226,0.136501516683519,0.0343781597573306,6.66734074823054,1000,22368.1378072638,12322.2359458534,"wb"
"Costa Rica","CRI",2021,"Latin America",0.676381909547739,0.389949748743719,0.186934673366834,0.117587939698492,0.142713567839196,0.0552763819095477,6.59095477386935,1001,24083.5988182437,13267.2549508035,"wb"
"Costa Rica","CRI",2022,"Latin America",0.75730110775428,0.502517623363545,0.240684793554884,0.170191339375629,0.094662638469285,0.040281973816717,7.0896273917422,1000,25290.0087466975,13931.8461614764,"wb"
"Cyprus","CYP",2006,"Western",0.643931795386159,0.290872617853561,0.0932798395185557,0.041123370110331,0.144433299899699,0.0631895687061184,6.19358074222668,1000,42595.203125,26395.490234375,"wb"
"Cyprus","CYP",2009,"Western",0.727272727272727,0.434343434343434,0.173737373737374,0.101010101010101,0.0909090909090909,0.0343434343434343,6.81212121212121,502,42253.38671875,26183.673828125,"wb"
"Cyprus","CYP",2010,"Western",0.675050301810865,0.327967806841046,0.128772635814889,0.0744466800804829,0.126760563380282,0.0553319919517103,6.3953722334004,1005,42102.28125,26090.037109375,"wb"
"Cyprus","CYP",2011,"Western",0.726082578046324,0.409869083585096,0.149043303121853,0.0886203423967774,0.108761329305136,0.0513595166163142,6.6797583081571,1005,41212.6875,25538.76953125,"wb"
"Cyprus","CYP",2012,"Western",0.657258064516129,0.3125,0.106854838709677,0.0544354838709677,0.165322580645161,0.0483870967741935,6.30645161290323,500,39190.22265625,24285.484375,"wb"
"Cyprus","CYP",2013,"Western",0.547667342799189,0.208924949290061,0.0750507099391481,0.0446247464503043,0.231237322515213,0.125760649087221,5.61257606490872,500,36650.5703125,22711.708984375,"wb"
"Cyprus","CYP",2014,"Western",0.55196770938446,0.235116044399596,0.08627648839556,0.0504540867810293,0.217961654894046,0.104944500504541,5.76740665993946,2000,36104.90234375,22373.56640625,"wb"
"Cyprus","CYP",2015,"Western",0.561094819159335,0.217986314760508,0.072336265884653,0.0381231671554252,0.229716520039101,0.101661779081134,5.6950146627566,1029,37258.5,23088.4296875,"wb"
"Cyprus","CYP",2016,"Western",0.582582582582583,0.241241241241241,0.0930930930930931,0.0590590590590591,0.187187187187187,0.0830830830830831,5.90990990990991,1006,39500.8515625,24477.974609375,"wb"
"Cyprus","CYP",2017,"Western",0.68436873747495,0.295591182364729,0.110220440881764,0.0490981963927856,0.149298597194389,0.062124248496994,6.30561122244489,1008,41417.98828125,25665.990234375,"wb"
"Cyprus","CYP",2018,"Western",0.692156862745098,0.295098039215686,0.1,0.0529411764705882,0.137254901960784,0.0450980392156863,6.3656862745098,1026,43510.03125,26962.392578125,"wb"
"Cyprus","CYP",2019,"Western",0.668278529980658,0.265957446808511,0.0773694390715667,0.0454545454545455,0.141199226305609,0.0560928433268859,6.22630560928433,1043,45454.17578125,28167.146484375,"wb"
"Cyprus","CYP",2020,"Western",0.702429149797571,0.324898785425101,0.115384615384615,0.0536437246963563,0.112348178137652,0.0354251012145749,6.49291497975709,1005,43402.359375,26895.671875,"wb"
"Cyprus","CYP",2021,"Western",0.724752475247525,0.297029702970297,0.101980198019802,0.0544554455445545,0.125742574257426,0.0425742574257426,6.44356435643564,1019,47632.5703125,29517.05859375,"wb"
"Cyprus","CYP",2022,"Western",0.657086223984143,0.256689791873142,0.0832507433102081,0.0366699702675917,0.157581764122894,0.0535183349851338,6.17244796828543,1014,50840.9140625,31505.2109375,"wb"
"Cyprus","CYP",2023,"Western",0.682399213372665,0.273352999016716,0.0914454277286136,0.0462143559488692,0.129793510324484,0.0462143559488692,6.30776794493609,1022,51674.90234375,32022.01953125,"wb"
"Czechia","CZE",2006,"Eastern Europe",0.633502538071066,0.319796954314721,0.143147208121827,0.0649746192893401,0.126903553299492,0.0385786802030457,6.42233502538071,1001,37786.8781740905,16107.3042502688,"wb"
"Czechia","CZE",2007,"Eastern Europe",0.65406427221172,0.330812854442344,0.13421550094518,0.0453686200378072,0.166351606805293,0.0340264650283554,6.38563327032136,1072,39629.0061324728,16892.542854974,"wb"
"Czechia","CZE",2009,"Eastern Europe",0.63339552238806,0.287313432835821,0.0960820895522388,0.0307835820895522,0.154850746268657,0.0270522388059701,6.25932835820895,1077,38175.1422773334,16272.8084766719,"wb"
"Czechia","CZE",2010,"Eastern Europe",0.619718309859155,0.27364185110664,0.0925553319919517,0.0241448692152917,0.19215291750503,0.0362173038229376,6.15392354124748,1005,39097.3886218756,16665.9317825137,"wb"
"Czechia","CZE",2011,"Eastern Europe",0.671686746987952,0.307228915662651,0.117469879518072,0.0391566265060241,0.154618473895582,0.0291164658634538,6.38654618473896,1000,39708.1626280195,16926.2846674435,"wb"
"Czechia","CZE",2012,"Eastern Europe",0.623,0.319,0.114,0.041,0.176,0.038,6.259,1005,39347.0492956846,16772.3539223328,"wb"
"Czechia","CZE",2013,"Eastern Europe",0.714714714714715,0.346346346346346,0.153153153153153,0.041041041041041,0.144144144144144,0.037037037037037,6.52952952952953,1001,39317.5535692377,16759.7808635642,"wb"
"Czechia","CZE",2014,"Eastern Europe",0.655378486055777,0.324701195219123,0.151394422310757,0.050796812749004,0.156374501992032,0.0398406374501992,6.38645418326693,1008,40158.0164275735,17118.0425571578,"wb"
"Czechia","CZE",2015,"Eastern Europe",0.693693693693694,0.312312312312312,0.113113113113113,0.046046046046046,0.121121121121121,0.014014014014014,6.5045045045045,1000,42066.5759800801,17931.5987670768,"wb"
"Czechia","CZE",2016,"Eastern Europe",0.746238716148445,0.329989969909729,0.110330992978937,0.0421263791374122,0.0992978936810431,0.00902708124373119,6.65195586760281,1000,43069.4659744727,18359.0978103904,"wb"
"Czechia","CZE",2017,"Eastern Europe",0.752763819095477,0.342713567839196,0.131658291457286,0.0482412060301508,0.0904522613065327,0.00603015075376884,6.71859296482412,1000,45177.5226053634,19257.6930680911,"wb"
"Czechia","CZE",2018,"Eastern Europe",0.815682281059063,0.387983706720978,0.141547861507128,0.0509164969450102,0.0753564154786151,0.0132382892057026,6.91955193482688,1000,46301.082036029,19736.6295261285,"wb"
"Czechia","CZE",2020,"Eastern Europe",0.789840637450199,0.4800796812749,0.192231075697211,0.0806772908366534,0.0697211155378486,0.0169322709163347,7.09362549800797,1004,45119.9387309139,19233.1469549829,"wb"
"Czechia","CZE",2021,"Eastern Europe",0.810756972111554,0.497011952191235,0.195219123505976,0.0737051792828685,0.0627490039840637,0.0189243027888446,7.1703187250996,1008,47796.0337408466,20373.8783043424,"wb"
"Czechia","CZE",2022,"Eastern Europe",0.751253761283852,0.397191574724172,0.160481444332999,0.0722166499498496,0.0802407221664995,0.0180541624874624,6.8555667001003,1003,48390.661678675,20627.348651011,"wb"
"Czechia","CZE",2023,"Eastern Europe",0.766533066132265,0.408817635270541,0.146292585170341,0.0541082164328657,0.095190380761523,0.0230460921843687,6.85871743486974,1003,47558.4106763314,20272.5874017334,"wb"
"Germany","DEU",2006,"Western",0.722,0.323,0.1,0.032,0.091,0.025,6.58,1001,53307.1623767517,37459.261328042,"wb"
"Germany","DEU",2007,"Western",0.649050371593724,0.303881090008258,0.104046242774566,0.0553261767134599,0.129644921552436,0.0289017341040462,6.38893476465731,1221,54920.6589299724,38593.0749910508,"wb"
"Germany","DEU",2008,"Western",0.698404785643071,0.326021934197408,0.102941176470588,0.0441176470588235,0.0942173479561316,0.023678963110668,6.5468594217348,4024,55513.7558858315,39009.8477636357,"wb"
"Germany","DEU",2009,"Western",0.719157472417252,0.36308926780341,0.122367101303912,0.0421263791374122,0.0942828485456369,0.0310932798395186,6.61885656970913,1002,52568.797424995,36940.4078672661,"wb"
"Germany","DEU",2010,"Western",0.704183266932271,0.370517928286853,0.126494023904382,0.0587649402390438,0.0946215139442231,0.0298804780876494,6.65438247011952,1007,54826.255453315,38526.7371042695,"wb"
"Germany","DEU",2011,"Western",0.725811777655476,0.375123830489818,0.121408915795267,0.0489818381948266,0.0882773802971932,0.0176114474408365,6.70258668134287,9105,57950.9589729677,40722.4849268242,"wb"
"Germany","DEU",2012,"Western",0.738758516275549,0.394852384557154,0.130507191521575,0.053671461014383,0.0880393641180924,0.0205147615442846,6.76888720666162,13269,58110.3768512245,40834.5088218456,"wb"
"Germany","DEU",2013,"Western",0.775700934579439,0.461949265687583,0.149532710280374,0.0627503337783712,0.0934579439252336,0.0200267022696929,6.93991989319092,751,58182.0766176953,40884.8926759028,"wb"
"Germany","DEU",2014,"Western",0.808457711442786,0.454228855721393,0.124378109452736,0.0402985074626866,0.0850746268656716,0.0174129353233831,6.97761194029851,2014,59203.2340879963,41602.4661281668,"wb"
"Germany","DEU",2015,"Western",0.7997997997998,0.449449449449449,0.147147147147147,0.035035035035035,0.0560560560560561,0.014014014014014,6.998998998999,1000,59668.9890355282,41929.7549110722,"wb"
"Germany","DEU",2016,"Western",0.805902951475738,0.410205102551276,0.15607803901951,0.0605302651325663,0.0840420210105053,0.0220110055027514,6.92996498249125,2000,60504.5857417161,42516.9337063103,"wb"
"Germany","DEU",2017,"Western",0.845,0.423,0.142,0.034,0.036,0,7.106,1000,61965.4342904965,43543.4807050551,"wb"
"Germany","DEU",2018,"Western",0.830830830830831,0.462462462462462,0.177177177177177,0.0560560560560561,0.04004004004004,0.00900900900900901,7.15315315315315,1000,62481.1183971045,43905.8550061973,"wb"
"Germany","DEU",2019,"Western",0.86078431372549,0.465686274509804,0.164705882352941,0.0352941176470588,0.0607843137254902,0.0235294117647059,7.12254901960784,1025,62949.8932511855,44235.2658954682,"wb"
"Germany","DEU",2020,"Western",0.894,0.545,0.153,0.043,0.045,0.008,7.349,1000,60299.5767710809,42372.8726784255,"wb"
"Germany","DEU",2021,"Western",0.783783783783784,0.408408408408408,0.125125125125125,0.023023023023023,0.103103103103103,0.044044044044044,6.76676676676677,1000,62630.7748127737,44011.0194631674,"wb"
"Germany","DEU",2022,"Western",0.738214643931795,0.381143430290873,0.12136409227683,0.0521564694082247,0.110330992978937,0.0300902708124373,6.66900702106319,1002,63777.9291029299,44817.1316331389,"wb"
"Germany","DEU",2023,"Western",0.750750750750751,0.373373373373373,0.116116116116116,0.031031031031031,0.104104104104104,0.024024024024024,6.67967967967968,1001,63140.1949099669,44368.9920074881,"wb"
"Djibouti","DJI",2008,"Africa",0.37286432160804,0.0492462311557789,0.00703517587939699,0.00100502512562814,0.351758793969849,0.050251256281407,5.02713567839196,1000,4107.55845508863,1875.16321357709,"imf"
"Djibouti","DJI",2009,"Africa",0.322822822822823,0.033033033033033,0.003003003003003,0,0.354854854854855,0.04004004004004,4.93043043043043,2000,4115.80721454548,1896.43804090494,"imf"
"Djibouti","DJI",2010,"Africa",0.319,0.137,0.074,0.044,0.399,0.109,4.953,1000,4219.99106154626,1997.0262995967,"imf"
"Djibouti","DJI",2011,"Africa",0.244421906693712,0.102434077079108,0.0628803245436105,0.0496957403651116,0.513184584178499,0.240365111561866,4.36004056795132,1000,4452.59826855868,2169.30949557144,"imf"
"Denmark","DNK",2006,"Western",0.937875751503006,0.749498997995992,0.321643286573146,0.123246492985972,0.0170340681362725,0.0030060120240481,7.99799599198397,1004,62911.3931382937,53823.1590295482,"wb"
"Denmark","DNK",2007,"Western",0.8987090367428,0.704071499503476,0.30883813306852,0.124131082423039,0.0357497517378352,0.00893743793445879,7.80337636544191,1009,63251.3169416725,54113.9771471341,"wb"
"Denmark","DNK",2008,"Western",0.922077922077922,0.738261738261738,0.314685314685315,0.117882117882118,0.02997002997003,0.004995004995005,7.91808191808192,1001,62618.4499382451,53572.5346568185,"wb"
"Denmark","DNK",2009,"Western",0.900801603206413,0.670340681362725,0.278557114228457,0.0871743486973948,0.0380761523046092,0.0120240480961924,7.70240480961924,1000,59185.9677505533,50635.9118061988,"wb"
"Denmark","DNK",2010,"Western",0.909729187562688,0.676028084252758,0.289869608826479,0.118355065195587,0.0290872617853561,0.00802407221664995,7.78535606820461,1000,59856.3490860003,51209.4492757775,"wb"
"Denmark","DNK",2011,"Western",0.891217564870259,0.679640718562874,0.30439121756487,0.1187624750499,0.029940119760479,0.00698602794411178,7.77345309381238,1005,60391.7799332206,51667.5313210425,"wb"
"Denmark","DNK",2012,"Western",0.894684052156469,0.637913741223671,0.274824473420261,0.0972918756268806,0.0541624874623872,0.0150451354062187,7.61685055165496,1001,60161.7010660256,51470.689845427,"wb"
"Denmark","DNK",2013,"Western",0.882978723404255,0.632978723404255,0.271276595744681,0.086436170212766,0.0438829787234043,0.0159574468085106,7.59441489361702,753,60745.7784800252,51970.3909324806,"wb"
"Denmark","DNK",2014,"Western",0.884884884884885,0.628128128128128,0.250750750750751,0.0875875875875876,0.0465465465465465,0.0115115115115115,7.57907907907908,2002,61210.9490922919,52368.3625969272,"wb"
"Denmark","DNK",2015,"Western",0.889221556886228,0.637724550898204,0.261477045908184,0.0888223552894212,0.0399201596806387,0.00898203592814371,7.62874251497006,1005,62059.1285991721,53094.0133607574,"wb"
"Denmark","DNK",2016,"Western",0.88,0.645,0.274,0.089,0.05,0.011,7.613,1000,63468.9888246814,54300.2039621991,"wb"
"Denmark","DNK",2017,"Western",0.88988988988989,0.641641641641642,0.291291291291291,0.0950950950950951,0.0520520520520521,0.014014014014014,7.64564564564565,1000,64989.4459872347,55601.0145717787,"wb"
"Denmark","DNK",2018,"Western",0.901,0.664,0.291,0.097,0.048,0.012,7.711,1000,65870.8302554341,56355.0733084714,"wb"
"Denmark","DNK",2019,"Western",0.919921875,0.6630859375,0.2705078125,0.09765625,0.0302734375,0.00390625,7.77734375,1025,66758.6323346131,57114.6227336347,"wb"
"Denmark","DNK",2020,"Western",0.88877755511022,0.640280561122245,0.277555110220441,0.0911823647294589,0.0541082164328657,0.0180360721442886,7.59418837675351,1000,65379.3066120995,55934.5555945523,"wb"
"Denmark","DNK",2021,"Western",0.91179385530228,0.659068384539148,0.308225966303271,0.11199207135778,0.0356788899900892,0.00792864222001982,7.76511397423191,1010,69327.998216527,59312.8158043771,"wb"
"Denmark","DNK",2022,"Western",0.921078921078921,0.645354645354645,0.291708291708292,0.0889110889110889,0.036963036963037,0.00699300699300699,7.73426573426573,1001,69089.4692492289,59108.7449374068,"wb"
"Denmark","DNK",2023,"Western",0.893743793445879,0.624627606752731,0.282025819265144,0.086395233366435,0.0536246276067527,0.0099304865938431,7.61469712015889,1008,68993.9031100362,59026.9843650999,"wb"
"Dominican Republic","DOM",2006,"Latin America",0.418461538461538,0.252307692307692,0.158974358974359,0.116923076923077,0.373333333333333,0.21025641025641,5.13435897435897,1000,12961.9183632133,4904.71715839398,"wb"
"Dominican Republic","DOM",2007,"Latin America",0.393110435663627,0.214792299898683,0.113475177304965,0.083080040526849,0.416413373860182,0.204660587639311,4.92502532928065,1000,13754.9212674095,5204.78500652254,"wb"
"Dominican Republic","DOM",2008,"Latin America",0.353360488798371,0.204684317718941,0.135437881873727,0.104887983706721,0.447046843177189,0.270875763747454,4.66904276985743,1000,14030.1411084465,5308.92664966814,"wb"
"Dominican Republic","DOM",2009,"Latin America",0.420946626384693,0.263846928499496,0.191339375629406,0.157099697885196,0.367573011077543,0.211480362537764,5.25075528700906,1000,13992.4103270189,5294.64953374426,"wb"
"Dominican Republic","DOM",2010,"Latin America",0.36125126135217,0.217961654894046,0.158425832492432,0.130171543895056,0.464177598385469,0.283551967709384,4.6619576185671,1000,14975.0010126958,5666.45633430206,"wb"
"Dominican Republic","DOM",2011,"Latin America",0.402206619859579,0.237713139418255,0.156469408224674,0.119358074222668,0.391173520561685,0.173520561685055,5.20060180541625,1000,15258.0858148503,5773.57403459156,"wb"
"Dominican Republic","DOM",2012,"Latin America",0.31041456016178,0.16582406471183,0.0980788675429727,0.0738119312436805,0.490394337714864,0.255813953488372,4.525783619818,1000,15487.2776356321,5860.29893321013,"wb"
"Dominican Republic","DOM",2013,"Latin America",0.34040404040404,0.2,0.121212121212121,0.0909090909090909,0.455555555555556,0.228282828282828,4.75353535353535,1000,16054.7677297656,6075.03399972737,"wb"
"Dominican Republic","DOM",2014,"Latin America",0.404665314401623,0.267748478701826,0.1947261663286,0.172413793103448,0.372210953346856,0.227180527383367,5.23123732251521,1000,16993.587444403,6430.27811051339,"wb"
"Dominican Republic","DOM",2015,"Latin America",0.346938775510204,0.2,0.15,0.118367346938776,0.423469387755102,0.25,4.79387755102041,1000,17973.1870256815,6800.95309395474,"wb"
"Dominican Republic","DOM",2016,"Latin America",0.407294832826748,0.256332320162107,0.188449848024316,0.157041540020263,0.389057750759878,0.243161094224924,5.06889564336373,1000,18968.9752386179,7177.75376475488,"wb"
"Dominican Republic","DOM",2017,"Latin America",0.439223697650664,0.32073544433095,0.239019407558733,0.210418794688458,0.360572012257406,0.221654749744637,5.43513789581205,1000,19501.8743054078,7379.39978067137,"wb"
"Dominican Republic","DOM",2018,"Latin America",0.412909836065574,0.285860655737705,0.222336065573771,0.199795081967213,0.385245901639344,0.225409836065574,5.23155737704918,1000,20662.848586153,7818.70593240469,"wb"
"Dominican Republic","DOM",2019,"Latin America",0.523222748815166,0.364928909952607,0.274881516587678,0.227488151658768,0.300473933649289,0.166824644549763,5.95734597156398,1078,21451.286441995,8117.04639185786,"wb"
"Dominican Republic","DOM",2020,"Latin America",0.453,0.206,0.114,0.084,0.329,0.137,5.373,1000,19545.4099552943,7395.8734262396,"wb"
"Dominican Republic","DOM",2021,"Latin America",0.507186858316222,0.358316221765914,0.268993839835729,0.229979466119097,0.295687885010267,0.157084188911704,5.92505133470226,1001,22053.4589869955,8344.90510312395,"wb"
"Dominican Republic","DOM",2022,"Latin America",0.445807770961145,0.310838445807771,0.230061349693252,0.198364008179959,0.351738241308793,0.203476482617587,5.47341513292434,1000,22986.95808105,8698.13592094395,"wb"
"Dominican Republic","DOM",2023,"Latin America",0.520283975659229,0.332657200811359,0.235294117647059,0.202839756592292,0.297160243407708,0.161257606490872,5.84279918864097,1000,23282.4895071054,8809.96335385949,"wb"
"Algeria","DZA",2010,"Africa",0.454909819639279,0.1312625250501,0.0290581162324649,0.0030060120240481,0.256513026052104,0.0260521042084168,5.47895791583166,1000,14496.4211312996,4456.6102741643,"wb"
"Algeria","DZA",2011,"Africa",0.4995,0.1,0.0305,0.013,0.2625,0.0445,5.447,2001,14641.9640935685,4501.3543013352,"wb"
"Algeria","DZA",2012,"Africa",0.52641975308642,0.184197530864198,0.0646913580246914,0.0237037037037037,0.236543209876543,0.054320987654321,5.72395061728395,2027,14697.5396133853,4518.43978956464,"wb"
"Algeria","DZA",2014,"Africa",0.767465069860279,0.233532934131737,0.0958083832335329,0.029940119760479,0.094810379241517,0.0159680638722555,6.45409181636727,1002,15073.7629403565,4634.10149179952,"wb"
"Algeria","DZA",2016,"Africa",0.425851703406814,0.140280561122244,0.06312625250501,0.0400801603206413,0.244488977955912,0.0741482965931864,5.42184368737475,1001,15511.6858768094,4768.73140081027,"wb"
"Algeria","DZA",2017,"Africa",0.455445544554455,0.117821782178218,0.0396039603960396,0.0237623762376238,0.23960396039604,0.0821782178217822,5.36435643564356,1016,15427.6641894713,4742.90075532529,"wb"
"Algeria","DZA",2018,"Africa",0.354124748490946,0.0945674044265594,0.0372233400402414,0.0221327967806841,0.299798792756539,0.085513078470825,5.06639839034205,1000,15343.4261222434,4717.0035885361,"wb"
"Algeria","DZA",2019,"Africa",0.345205479452055,0.0757990867579909,0.0219178082191781,0.0100456621004566,0.417351598173516,0.0885844748858448,4.8675799086758,1100,15199.1989965639,4672.66408678635,"wb"
"Algeria","DZA",2020,"Africa",0.545994065281899,0.117705242334322,0.0306627101879327,0.0128585558852621,0.221562809099901,0.0425321463897132,5.63006923837784,1016,14194.1557479619,4363.68533767783,"wb"
"Algeria","DZA",2021,"Africa",0.45866935483871,0.113911290322581,0.0352822580645161,0.0241935483870968,0.248991935483871,0.0715725806451613,5.40120967741935,1005,14496.8654697299,4456.74687637774,"wb"
"Algeria","DZA",2022,"Africa",0.520731707317073,0.140243902439024,0.0609756097560976,0.024390243902439,0.257317073170732,0.0317073170731707,5.64512195121951,821,14782.2002970247,4544.46688060372,"wb"
"Ecuador","ECU",2006,"Latin America",0.353051643192488,0.16150234741784,0.076056338028169,0.0525821596244131,0.345539906103286,0.129577464788732,5.09577464788732,1067,10933.4897470283,4706.98056823816,"wb"
"Ecuador","ECU",2007,"Latin America",0.307183364839319,0.118147448015123,0.0586011342155009,0.0349716446124764,0.376181474480151,0.108695652173913,4.93289224952741,1061,10952.8226853948,4715.30359842555,"wb"
"Ecuador","ECU",2008,"Latin America",0.42,0.147,0.064,0.033,0.317,0.095,5.239,1001,11474.5257023541,4939.90215021789,"wb"
"Ecuador","ECU",2009,"Latin America",0.512024048096192,0.277555110220441,0.146292585170341,0.0651302605210421,0.256513026052104,0.0681362725450902,5.87875751503006,1000,11403.5277978831,4909.33681705683,"wb"
"Ecuador","ECU",2010,"Latin America",0.512024048096192,0.234468937875752,0.0861723446893788,0.0390781563126252,0.186372745490982,0.0490981963927856,5.88276553106212,1000,11665.6978598204,5022.20374387205,"wb"
"Ecuador","ECU",2011,"Latin America",0.477432296890672,0.234704112337011,0.111334002006018,0.0631895687061184,0.264794383149448,0.0972918756268806,5.61785356068205,1003,12449.0785549218,5359.45724615639,"wb"
"Ecuador","ECU",2012,"Latin America",0.502502502502503,0.251251251251251,0.109109109109109,0.0540540540540541,0.244244244244244,0.0820820820820821,5.78778778778779,1003,12961.0267423765,5579.85624282158,"wb"
"Ecuador","ECU",2013,"Latin America",0.498,0.255,0.11,0.056,0.237,0.077,5.794,1000,13689.1520460125,5893.32172683036,"wb"
"Ecuador","ECU",2014,"Latin America",0.515546639919759,0.263791374122367,0.0952858575727182,0.0471414242728185,0.24172517552658,0.0922768304914744,5.7753259779338,1000,14064.7992246727,6055.04172761485,"wb"
"Ecuador","ECU",2015,"Latin America",0.513,0.282,0.132,0.075,0.229,0.117,5.795,1000,13881.5700738105,5976.1596805651,"wb"
"Ecuador","ECU",2016,"Latin America",0.539078156312625,0.295591182364729,0.145290581162325,0.100200400801603,0.185370741482966,0.0771543086172345,6.04509018036072,1000,13586.5160772568,5849.13587933672,"wb"
"Ecuador","ECU",2017,"Latin America",0.522177419354839,0.309475806451613,0.152217741935484,0.115927419354839,0.243951612903226,0.132056451612903,5.77822580645161,1000,14179.1537503305,6104.27253521751,"wb"
"Ecuador","ECU",2018,"Latin America",0.538539553752535,0.322515212981744,0.169371196754564,0.132860040567951,0.205882352941176,0.112576064908722,6.02129817444219,1000,14083.5069982304,6063.0956178776,"wb"
"Ecuador","ECU",2019,"Latin America",0.50050454086781,0.266397578203835,0.130171543895056,0.0958627648839556,0.226034308779011,0.100908173562059,5.79818365287588,1000,13870.4895118068,5971.38938386723,"wb"
"Ecuador","ECU",2020,"Latin America",0.461770623742455,0.224346076458753,0.0905432595573441,0.0603621730382294,0.272635814889336,0.108651911468813,5.5523138832998,1000,12440.3263747814,5355.68934196443,"wb"
"Ecuador","ECU",2021,"Latin America",0.508032128514056,0.256024096385542,0.110441767068273,0.070281124497992,0.246987951807229,0.0823293172690763,5.78012048192771,1000,13507.4445638375,5815.09477390949,"wb"
"Ecuador","ECU",2022,"Latin America",0.534883720930233,0.291203235591507,0.129423660262892,0.0859453993933266,0.222446916076845,0.110212335692619,5.8695652173913,1000,14186.6388544625,6107.49495006543,"wb"
"Ecuador","ECU",2023,"Latin America",0.539778449144008,0.300100704934542,0.147029204431017,0.0976837865055388,0.212487411883182,0.110775427995972,5.92749244712991,1000,14321.1648295611,6165.40977555695,"wb"
"Egypt","EGY",2006,"Africa",0.408121827411168,0.20507614213198,0.0944162436548223,0.067005076142132,0.282233502538071,0.16243654822335,5.22741116751269,999,11211.8320228671,2761.62410768311,"wb"
"Egypt","EGY",2007,"Africa",0.461839530332681,0.224070450097847,0.126223091976517,0.086105675146771,0.255381604696673,0.129158512720157,5.52054794520548,1024,11782.0060717026,2902.06559803259,"wb"
"Egypt","EGY",2008,"Africa",0.292883211678832,0.103102189781022,0.0428832116788321,0.0319343065693431,0.311131386861314,0.173357664233577,4.73448905109489,1105,12391.5847624938,3052.2129784594,"wb"
"Egypt","EGY",2009,"Africa",0.348693586698337,0.0817102137767221,0.0356294536817102,0.0242280285035629,0.295486935866983,0.07458432304038,5.10071258907363,2112,12728.0814587564,3135.09661305712,"wb"
"Egypt","EGY",2010,"Africa",0.281219272369715,0.102261553588987,0.0447394296951819,0.02015732546706,0.383480825958702,0.140117994100295,4.73844641101278,2053,13128.9878334831,3233.84521249306,"wb"
"Egypt","EGY",2011,"Africa",0.19372026641294,0.0542340627973359,0.0213130352045671,0.0123691722169363,0.465080875356803,0.195052331113226,4.2209324452902,5296,13082.4263680239,3222.37650111397,"wb"
"Egypt","EGY",2012,"Africa",0.199617041646721,0.0476304451890857,0.0222594542843466,0.0143609382479655,0.486117759693633,0.184298707515558,4.23719483006223,4186,13076.8052394876,3220.99194201188,"wb"
"Egypt","EGY",2013,"Africa",0.202961672473868,0.0871080139372822,0.0505226480836237,0.0400696864111498,0.53397212543554,0.371080139372822,3.65766550522648,1149,13058.0748238237,3216.37839024454,"wb"
"Egypt","EGY",2014,"Africa",0.327309236947791,0.110441767068273,0.0491967871485944,0.0271084337349398,0.34136546184739,0.13855421686747,4.90963855421687,1000,13136.3656298099,3235.66246235519,"wb"
"Egypt","EGY",2015,"Africa",0.275275275275275,0.0920920920920921,0.0590590590590591,0.047047047047047,0.361361361361361,0.123123123123123,4.7967967967968,1000,13425.9119599492,3306.98159414141,"wb"
"Egypt","EGY",2016,"Africa",0.271271271271271,0.0710710710710711,0.028028028028028,0.017017017017017,0.415415415415415,0.19019019019019,4.5025025025025,1000,13727.3201600816,3381.22246307712,"wb"
"Egypt","EGY",2017,"Africa",0.159346271705822,0.0449438202247191,0.0204290091930541,0.0143003064351379,0.518896833503575,0.291113381001021,3.79673135852911,1000,14018.3605934411,3452.90961245976,"wb"
"Egypt","EGY",2018,"Africa",0.159798994974874,0.0281407035175879,0.0100502512562814,0.00603015075376884,0.492462311557789,0.234170854271357,3.96381909547739,1000,14488.2094340261,3568.63966286365,"wb"
"Egypt","EGY",2019,"Africa",0.228044638524988,0.0286268801552644,0.0106744298884037,0.00824842309558467,0.407569141193595,0.175642891800097,4.32071809801067,2070,15026.568243683,3701.2446344954,"wb"
"Egypt","EGY",2020,"Africa",0.316004077471967,0.123343527013252,0.0713557594291539,0.0560652395514781,0.379204892966361,0.219164118246687,4.60448521916412,1002,15309.2359881835,3770.86947868544,"wb"
"Egypt","EGY",2021,"Africa",0.217434869739479,0.0400801603206413,0.0170340681362725,0.0140280561122244,0.490981963927856,0.208416833667335,4.10220440881764,1002,15579.0160861551,3837.31992325256,"wb"
"Egypt","EGY",2022,"Africa",0.168831168831169,0.041958041958042,0.017982017982018,0.013986013986014,0.47952047952048,0.200799200799201,4.10689310689311,1001,16360.390775011,4029.78295458204,"wb"
"Egypt","EGY",2023,"Africa",0.166833166833167,0.035964035964036,0.012987012987013,0.00899100899100899,0.537462537462537,0.257742257742258,3.86313686313686,1001,16691.3873991962,4111.3118479018,"wb"
"Spain","ESP",2006,"Western",0.815625,0.45,0.195833333333333,0.0927083333333333,0.0510416666666667,0.0125,7.13333333333333,1000,44572.6815459931,26899.0921497113,"wb"
"Spain","ESP",2007,"Western",0.787726358148893,0.440643863179074,0.182092555331992,0.0875251509054326,0.0835010060362173,0.0382293762575453,6.93259557344064,1004,45301.2843416374,27338.79541774,"wb"
"Spain","ESP",2008,"Western",0.837701612903226,0.515120967741935,0.198588709677419,0.0897177419354839,0.0554435483870968,0.0181451612903226,7.26108870967742,1009,44926.348951812,27112.526293889,"wb"
"Spain","ESP",2009,"Western",0.683582089552239,0.298507462686567,0.112437810945274,0.0587064676616915,0.128358208955224,0.0348258706467662,6.41194029850746,1005,42852.220888454,25860.8142592652,"wb"
"Spain","ESP",2010,"Western",0.684052156469408,0.290872617853561,0.101303911735206,0.0481444332998997,0.110330992978937,0.0461384152457372,6.39418254764293,1000,42695.5274189933,25766.2515825743,"wb"
"Spain","ESP",2011,"Western",0.703482587064677,0.319402985074627,0.128358208955224,0.0686567164179104,0.107462686567164,0.0308457711442786,6.57014925373134,1006,42271.8346788238,25510.5579678829,"wb"
"Spain","ESP",2012,"Western",0.695347673836918,0.299649824912456,0.102551275637819,0.048024012006003,0.117558779389695,0.0355177588794397,6.43071535767884,2003,41034.0481566356,24763.568274484,"wb"
"Spain","ESP",2013,"Western",0.658341658341658,0.306693306693307,0.0859140859140859,0.035964035964036,0.14985014985015,0.0559440559440559,6.22977022977023,1004,40594.914008768,24498.5559507945,"wb"
"Spain","ESP",2014,"Western",0.766266266266266,0.311311311311311,0.103603603603604,0.034034034034034,0.0970970970970971,0.0175175175175175,6.6036036036036,2000,41339.4111169417,24947.8512505913,"wb"
"Spain","ESP",2015,"Western",0.72,0.267,0.084,0.019,0.084,0.014,6.43,1000,43053.761430314,25982.4416197775,"wb"
"Spain","ESP",2016,"Western",0.751,0.254,0.074,0.025,0.087,0.017,6.492,1000,44274.6676149922,26719.2442268615,"wb"
"Spain","ESP",2017,"Western",0.732464929859719,0.285571142284569,0.0881763527054108,0.032064128256513,0.104208416833667,0.0280561122244489,6.46993987975952,1000,45446.2508575695,27426.281015093,"wb"
"Spain","ESP",2018,"Western",0.773,0.313,0.101,0.034,0.082,0.011,6.672,1000,46325.2099441141,27956.7225466484,"wb"
"Spain","ESP",2019,"Western",0.773658536585366,0.318048780487805,0.0936585365853659,0.0263414634146341,0.0712195121951219,0.0146341463414634,6.66536585365854,1025,46896.4171141424,28301.4393949563,"wb"
"Spain","ESP",2020,"Western",0.781,0.301,0.079,0.012,0.066,0.017,6.661,1000,41553.4477945675,25077.019882928,"wb"
"Spain","ESP",2021,"Western",0.777,0.316,0.091,0.021,0.094,0.035,6.586,1000,44251.6658222621,26705.3629138959,"wb"
"Spain","ESP",2022,"Western",0.708708708708709,0.289289289289289,0.0760760760760761,0.015015015015015,0.171171171171171,0.043043043043043,6.31531531531532,1000,46733.4809780536,28203.1093419474,"wb"
"Spain","ESP",2023,"Western",0.711288711288711,0.270729270729271,0.0779220779220779,0.024975024975025,0.132867132867133,0.033966033966034,6.37862137862138,1002,47322.5937004504,28558.6319817501,"wb"
"Estonia","EST",2006,"Eastern Europe",0.429441624365482,0.105583756345178,0.0304568527918782,0.0101522842639594,0.283248730964467,0.0294416243654822,5.36243654822335,1003,33301.4945486206,16234.5152041417,"wb"
"Estonia","EST",2007,"Eastern Europe",0.419289340101523,0.0934010152284264,0.0263959390862944,0.0111675126903553,0.295431472081218,0.0375634517766497,5.28730964467005,1001,35986.5161332684,17543.4661785723,"wb"
"Estonia","EST",2008,"Eastern Europe",0.450586264656616,0.0954773869346734,0.0184254606365159,0.0067001675041876,0.271356783919598,0.0402010050251256,5.36683417085427,601,34233.7643806167,16688.997772178,"wb"
"Estonia","EST",2009,"Eastern Europe",0.363333333333333,0.103333333333333,0.0366666666666667,0.015,0.386666666666667,0.0733333333333333,5.03666666666667,608,29281.6798284656,14274.8511086787,"wb"
"Estonia","EST",2011,"Eastern Europe",0.41592039800995,0.132338308457711,0.0427860696517413,0.0119402985074627,0.323383084577114,0.0796019900497512,5.25074626865672,1007,32453.1008476709,15820.922342204,"wb"
"Estonia","EST",2012,"Eastern Europe",0.395395395395395,0.12012012012012,0.0510510510510511,0.027027027027027,0.328328328328328,0.0740740740740741,5.19319319319319,1004,33765.4302075072,16460.6843479001,"wb"
"Estonia","EST",2013,"Eastern Europe",0.397029702970297,0.10990099009901,0.0396039603960396,0.0207920792079208,0.330693069306931,0.0504950495049505,5.23564356435644,1010,34481.0148921506,16809.5326683781,"wb"
"Estonia","EST",2014,"Eastern Europe",0.419517102615694,0.124748490945674,0.0462776659959759,0.0221327967806841,0.293762575452716,0.0412474849094567,5.37122736418511,1000,35720.3025335234,17413.6867560212,"wb"
"Estonia","EST",2015,"Eastern Europe",0.438066465256798,0.131923464249748,0.054380664652568,0.0251762336354481,0.273917421953676,0.0574018126888218,5.41993957703928,1000,36353.0580520449,17722.1557669523,"wb"
"Estonia","EST",2016,"Eastern Europe",0.446014127144299,0.112008072653885,0.0363269424823411,0.012108980827447,0.287588294651867,0.0383451059535822,5.36326942482341,1000,37466.5561839318,18264.9873304279,"wb"
"Estonia","EST",2017,"Eastern Europe",0.512562814070352,0.176884422110553,0.0653266331658292,0.0271356783919598,0.205025125628141,0.0321608040201005,5.77889447236181,1000,39529.785973279,19270.8141210511,"wb"
"Estonia","EST",2018,"Eastern Europe",0.550651955867603,0.183550651955868,0.0631895687061184,0.0341023069207623,0.180541624874624,0.0250752256770311,5.91675025075226,1000,40849.8473475564,19914.3454922878,"wb"
"Estonia","EST",2019,"Eastern Europe",0.545116279069767,0.2,0.0641860465116279,0.0418604651162791,0.194418604651163,0.0344186046511628,5.89674418604651,1080,42215.0343835811,20579.8756732376,"wb"
"Estonia","EST",2020,"Eastern Europe",0.728915662650602,0.301204819277108,0.0923694779116466,0.0391566265060241,0.0913654618473896,0.0220883534136546,6.56124497991968,1000,40916.7194113327,19946.945696898,"wb"
"Estonia","EST",2021,"Eastern Europe",0.769155206286837,0.316306483300589,0.0962671905697446,0.0442043222003929,0.068762278978389,0.00884086444007859,6.71611001964637,1024,44247.4198971873,21570.6658455268,"wb"
"Estonia","EST",2022,"Eastern Europe",0.734,0.286,0.078,0.027,0.1,0.017,6.522,1004,43124.6196563775,21023.2994937246,"wb"
"Estonia","EST",2023,"Eastern Europe",0.730538922155689,0.311377245508982,0.0878243512974052,0.0289421157684631,0.105788423153693,0.0149700598802395,6.57684630738523,1006,41284.7746875532,20126.3730486957,"wb"
"Ethiopia","ETH",2012,"Africa",0.246831220813876,0.0740493662441628,0.0280186791194129,0.0113408939292862,0.433622414943296,0.134089392928619,4.60707138092061,1500,1576.76875733933,481.639999909808,"wb"
"Ethiopia","ETH",2013,"Africa",0.215646940822467,0.0601805416248746,0.0250752256770311,0.00802407221664995,0.453360080240722,0.133400200601805,4.50050150451354,1000,1696.86515588665,518.324662208106,"wb"
"Ethiopia","ETH",2014,"Africa",0.212212212212212,0.0730730730730731,0.04004004004004,0.019019019019019,0.444444444444444,0.157157157157157,4.47647647647648,1004,1821.39161772403,556.362532243867,"wb"
"Ethiopia","ETH",2015,"Africa",0.212550607287449,0.055668016194332,0.0222672064777328,0.0151821862348178,0.394736842105263,0.151821862348178,4.53441295546559,1000,1957.41454184551,597.912113218663,"wb"
"Ethiopia","ETH",2016,"Africa",0.17258883248731,0.0527918781725888,0.0182741116751269,0.0152284263959391,0.453807106598985,0.16243654822335,4.34822335025381,1000,2084.84055616471,636.835680951429,"wb"
"Ethiopia","ETH",2017,"Africa",0.13091641490433,0.0463242698892246,0.0241691842900302,0.0201409869083585,0.513595166163142,0.151057401812689,4.21450151057402,1000,2222.82824478259,678.98541915757,"wb"
"Ethiopia","ETH",2018,"Africa",0.167502507522568,0.0541624874623872,0.0260782347041123,0.0230692076228686,0.438314944834504,0.186559679037111,4.320962888666,1000,2311.16511656359,705.96881207336,"wb"
"Ethiopia","ETH",2019,"Africa",0.142988929889299,0.0701107011070111,0.0410516605166052,0.0350553505535055,0.464944649446494,0.256918819188192,4.05027675276753,2222,2437.97046047967,744.702789740042,"wb"
"Ethiopia","ETH",2020,"Africa",0.299599198396794,0.118236472945892,0.0591182364729459,0.0450901803607214,0.342685370741483,0.149298597194389,4.85771543086172,1003,2516.54907638899,768.705424484873,"wb"
"Ethiopia","ETH",2022,"Africa",0.14010152284264,0.0761421319796954,0.0527918781725888,0.0406091370558376,0.602030456852792,0.339086294416244,3.67208121827411,1000,2655.59276743639,811.177729337321,"wb"
"Ethiopia","ETH",2023,"Africa",0.202825428859738,0.0958627648839556,0.0544904137235116,0.0393541876892028,0.48335015136226,0.237134207870838,4.22704339051463,1000,2757.95923626099,842.446604881663,"wb"
"Finland","FIN",2006,"Western",0.914,0.644,0.218,0.059,0.031,0.008,7.606,1010,54653.981203281,44069.3958834717,"wb"
"Finland","FIN",2008,"Western",0.907815631262525,0.678356713426854,0.229458917835671,0.0511022044088176,0.0360721442885772,0.0110220440881764,7.64128256513026,1005,57494.585352886,46359.8732844055,"wb"
"Finland","FIN",2010,"Western",0.863590772316951,0.640922768304915,0.248746238716148,0.045135406218656,0.0561685055165497,0.0130391173520562,7.481444332999,1000,54017.9458623339,43556.5385834368,"wb"
"Finland","FIN",2011,"Western",0.888329979879276,0.620724346076459,0.238430583501006,0.0331991951710262,0.0482897384305835,0.00704225352112676,7.51006036217304,1000,55053.3906850323,44391.4535667984,"wb"
"Finland","FIN",2012,"Western",0.879759519038076,0.61623246492986,0.236472945891784,0.0460921843687375,0.0531062124248497,0.0110220440881764,7.48797595190381,1000,53957.6680986279,43507.9345371578,"wb"
"Finland","FIN",2013,"Western",0.879839786381842,0.607476635514019,0.242990654205607,0.0333778371161549,0.0507343124165554,0.0146862483311081,7.46862483311081,750,53183.4286685126,42883.6384986417,"wb"
"Finland","FIN",2014,"Western",0.866165413533835,0.607518796992481,0.210025062656642,0.0365914786967419,0.0556390977443609,0.0110275689223058,7.41553884711779,2001,52710.7334867778,42502.4880199858,"wb"
"Finland","FIN",2015,"Western",0.888888888888889,0.643643643643644,0.226226226226226,0.03003003003003,0.048048048048048,0.014014014014014,7.51051051051051,1000,52782.4873926277,42560.3456767103,"wb"
"Finland","FIN",2016,"Western",0.898797595190381,0.673346693386774,0.270541082164329,0.0581162324649299,0.032064128256513,0.00801603206412826,7.67434869739479,1000,53984.6316254715,43529.6761616969,"wb"
"Finland","FIN",2017,"Western",0.921,0.72,0.301,0.063,0.029,0.007,7.817,1000,55637.2262781223,44862.220404205,"wb"
"Finland","FIN",2018,"Western",0.933,0.742,0.336,0.061,0.029,0.007,7.908,1000,56226.337241343,45337.2409550575,"wb"
"Finland","FIN",2019,"Western",0.926829268292683,0.739512195121951,0.325853658536585,0.064390243902439,0.0292682926829268,0.0107317073170732,7.88,1025,56922.4873163103,45898.5708448954,"wb"
"Finland","FIN",2020,"Western",0.939,0.751,0.358,0.079,0.023,0.005,7.979,1000,55424.8574989208,44690.9801103074,"wb"
"Finland","FIN",2021,"Western",0.946268656716418,0.745273631840796,0.346268656716418,0.0696517412935323,0.026865671641791,0.00497512437810945,7.95721393034826,1005,56790.3766177692,45792.0454180872,"wb"
"Finland","FIN",2022,"Western",0.947947947947948,0.743743743743744,0.347347347347347,0.0690690690690691,0.027027027027027,0.00900900900900901,7.95995995995996,1000,57068.3056478074,46016.1492103929,"wb"
"France","FRA",2006,"Western",0.808121827411168,0.441624365482233,0.128934010152284,0.050761421319797,0.0558375634517767,0.0152284263959391,7.00609137055838,1002,49223.247197008,35645.4162427116,"wb"
"France","FRA",2007,"Western",0.683682008368201,0.320502092050209,0.0937238493723849,0.0468619246861925,0.112133891213389,0.0276150627615063,6.48953974895398,1220,50157.7837477634,36322.1685141004,"wb"
"France","FRA",2008,"Western",0.803,0.408,0.118,0.048,0.053,0.012,6.947,1006,50068.2969141379,36257.3658930938,"wb"
"France","FRA",2009,"Western",0.66260162601626,0.304878048780488,0.0894308943089431,0.0467479674796748,0.11890243902439,0.040650406504065,6.3760162601626,1000,48404.9657826363,35052.8510772683,"wb"
"France","FRA",2010,"Western",0.724448897795591,0.370741482965932,0.119238476953908,0.0490981963927856,0.0841683366733467,0.0170340681362725,6.71643286573146,1004,49130.422942344,35578.1968010183,"wb"
"France","FRA",2011,"Western",0.772727272727273,0.376767676767677,0.119191919191919,0.0585858585858586,0.0696969696969697,0.0151515151515152,6.81616161616162,1001,50085.6829779109,36269.9561530888,"wb"
"France","FRA",2012,"Western",0.741691842900302,0.358509566968781,0.0996978851963746,0.0382678751258812,0.0840886203423968,0.0246727089627392,6.67573011077543,2005,49935.6269081617,36161.2918253465,"wb"
"France","FRA",2013,"Western",0.731182795698925,0.387096774193548,0.110215053763441,0.0389784946236559,0.0954301075268817,0.0241935483870968,6.66666666666667,751,50066.5304324783,36256.086680981,"wb"
"France","FRA",2014,"Western",0.737951807228916,0.331827309236948,0.123493975903614,0.0486947791164659,0.0938755020080321,0.0210843373493976,6.64708835341365,2000,50326.567863089,36444.3949089146,"wb"
"France","FRA",2015,"Western",0.714428857715431,0.303607214428858,0.122244488977956,0.0450901803607214,0.11122244488978,0.0150300601202405,6.54509018036072,1000,50682.8953586333,36702.4323733379,"wb"
"France","FRA",2016,"Western",0.770770770770771,0.326326326326326,0.107107107107107,0.027027027027027,0.105105105105105,0.023023023023023,6.64564564564565,1000,50984.075297832,36920.5342846914,"wb"
"France","FRA",2017,"Western",0.801204819277108,0.359437751004016,0.124497991967871,0.0291164658634538,0.072289156626506,0.0120481927710843,6.83935742971888,1000,51895.5662985838,37580.5979329356,"wb"
"France","FRA",2018,"Western",0.774774774774775,0.352352352352352,0.127127127127127,0.035035035035035,0.0620620620620621,0.00800800800800801,6.79379379379379,1000,52560.9536243841,38062.4435961412,"wb"
"France","FRA",2019,"Western",0.790243902439024,0.343414634146341,0.122926829268293,0.0409756097560976,0.0790243902439024,0.00975609756097561,6.80390243902439,1025,53448.5548849943,38705.2072940618,"wb"
"France","FRA",2020,"Western",0.801204819277108,0.336345381526104,0.0873493975903614,0.0190763052208835,0.0451807228915663,0.00602409638554217,6.81726907630522,1000,49311.333409639,35709.2045925926,"wb"
"France","FRA",2021,"Western",0.789579158316633,0.353707414829659,0.0991983967935872,0.0350701402805611,0.0801603206412826,0.0290581162324649,6.73046092184369,1000,52517.3354905855,38030.8571685178,"wb"
"France","FRA",2022,"Western",0.754016064257028,0.36144578313253,0.136546184738956,0.0481927710843374,0.108433734939759,0.0311244979919679,6.70381526104418,1000,53673.8137406422,38868.3303330557,"wb"
"France","FRA",2023,"Western",0.727727727727728,0.3003003003003,0.0940940940940941,0.032032032032032,0.111111111111111,0.034034034034034,6.51051051051051,1000,54296.7230897731,39319.4152227295,"wb"
"Gabon","GAB",2011,"Africa",0.236,0.065,0.02,0.005,0.486,0.161,4.4,1000,19153.0878200945,6699.23394606512,"wb"
"Gabon","GAB",2012,"Africa",0.184924623115578,0.0442211055276382,0.0221105527638191,0.0150753768844221,0.534673366834171,0.176884422110553,4.17386934673367,1000,19450.402706679,6803.22668079211,"wb"
"Gabon","GAB",2013,"Africa",0.137896825396825,0.0248015873015873,0.0109126984126984,0.00793650793650794,0.64781746031746,0.243055555555556,3.80059523809524,1008,19836.455485141,6938.25753862236,"wb"
"Gabon","GAB",2014,"Africa",0.198207171314741,0.0428286852589641,0.0179282868525896,0.00896414342629482,0.622509960159363,0.204183266932271,4.03486055776892,1008,20008.9899778716,6998.60545439576,"wb"
"Gabon","GAB",2015,"Africa",0.288324873096447,0.0781725888324873,0.0487309644670051,0.0365482233502538,0.413197969543147,0.113705583756345,4.73096446700508,1000,20147.7116201795,7047.12654634355,"wb"
"Gabon","GAB",2016,"Africa",0.338414634146341,0.116869918699187,0.0579268292682927,0.0355691056910569,0.385162601626016,0.11890243902439,4.90243902439024,1000,19988.1755963186,6991.3251446736,"wb"
"Gabon","GAB",2017,"Africa",0.325510204081633,0.103061224489796,0.0642857142857143,0.0428571428571429,0.409183673469388,0.147959183673469,4.77551020408163,1000,19555.707882916,6840.05959347802,"wb"
"Gabon","GAB",2018,"Africa",0.325819672131148,0.108606557377049,0.0737704918032787,0.0614754098360656,0.389344262295082,0.140368852459016,4.82377049180328,1000,19225.5982574678,6724.5961429108,"wb"
"Gabon","GAB",2019,"Africa",0.334901222953904,0.15898400752587,0.0931326434619003,0.0780809031044215,0.406396989651928,0.159924741298213,4.90968955785513,1070,19491.4067631396,6817.56879468764,"wb"
"Gabon","GAB",2020,"Africa",0.316973415132924,0.104294478527607,0.0562372188139059,0.0347648261758691,0.413087934560327,0.125766871165644,4.82208588957055,1000,18681.4840738546,6534.27966529444,"wb"
"Gabon","GAB",2021,"Africa",0.381763527054108,0.118236472945892,0.0551102204408818,0.0370741482965932,0.323647294589178,0.0791583166332665,5.17535070140281,1000,18523.5798032135,6479.0490069252,"wb"
"Gabon","GAB",2022,"Africa",0.370967741935484,0.192540322580645,0.141129032258065,0.111895161290323,0.384072580645161,0.164314516129032,5.09274193548387,1000,18662.0497970472,6527.48207901861,"wb"
"United Kingdom","GBR",2006,"Western",0.827519379844961,0.406976744186047,0.122093023255814,0.0397286821705426,0.0668604651162791,0.0155038759689922,6.96511627906977,1037,49000.9535382241,43944.9985799069,"wb"
"United Kingdom","GBR",2007,"Western",0.718697829716194,0.379799666110184,0.145242070116861,0.0676126878130217,0.10016694490818,0.0333889816360601,6.70784641068447,1204,50045.9163092519,44882.141312304,"wb"
"United Kingdom","GBR",2008,"Western",0.786868686868687,0.44949494949495,0.152525252525253,0.0606060606060606,0.0757575757575758,0.0191919191919192,6.99090909090909,1001,49629.0498697349,44508.2874631479,"wb"
"United Kingdom","GBR",2009,"Western",0.76969696969697,0.433333333333333,0.155555555555556,0.0737373737373737,0.0858585858585859,0.0272727272727273,6.91717171717172,1002,46995.5449961945,42146.5095879962,"wb"
"United Kingdom","GBR",2010,"Western",0.772956609485368,0.461150353178607,0.186680121089808,0.0807265388496468,0.082744702320888,0.0211907164480323,7.02219979818365,1000,47682.6525150443,42762.720840223,"wb"
"United Kingdom","GBR",2011,"Western",0.779135748581406,0.434635530336098,0.159755565255347,0.0654735923177652,0.092099519860323,0.0289175032736796,6.90964644260148,9239,47714.2894262827,42791.0934313474,"wb"
"United Kingdom","GBR",2012,"Western",0.780568506542337,0.434275830952023,0.159497668822379,0.0599338246352835,0.0857271770191006,0.0239133704316439,6.92299593923898,13408,48099.6594401942,43136.7006795996,"wb"
"United Kingdom","GBR",2013,"Western",0.789052069425901,0.464619492656876,0.184245660881175,0.0654205607476635,0.0974632843791722,0.0373831775700935,6.9652870493992,750,48600.5100807266,43585.8731772281,"wb"
"United Kingdom","GBR",2014,"Western",0.792792792792793,0.433933933933934,0.148648648648649,0.0375375375375375,0.0885885885885886,0.0275275275275275,6.90640640640641,2000,49763.17387988,44628.5724578217,"wb"
"United Kingdom","GBR",2015,"Western",0.753,0.329,0.097,0.02,0.097,0.023,6.604,1000,50462.8329992477,45256.040227057,"wb"
"United Kingdom","GBR",2016,"Western",0.795591182364729,0.369739478957916,0.117234468937876,0.0390781563126252,0.0821643286573146,0.00501002004008016,6.82665330661323,1000,51168.2925796814,45888.7099614563,"wb"
"United Kingdom","GBR",2017,"Western",0.872,0.419,0.159,0.072,0.044,0.005,7.146,1000,52429.1275538988,47019.4510419999,"wb"
"United Kingdom","GBR",2018,"Western",0.877877877877878,0.471471471471471,0.194194194194194,0.0770770770770771,0.0520520520520521,0.013013013013013,7.25825825825826,1000,52983.039541197,47516.2099770322,"wb"
"United Kingdom","GBR",2019,"Western",0.8740234375,0.4873046875,0.177734375,0.04296875,0.04296875,0.013671875,7.255859375,1025,53374.0927628482,47866.9140354078,"wb"
"United Kingdom","GBR",2020,"Western",0.815,0.387,0.13,0.046,0.075,0.007,6.938,1000,47930.5490378931,42985.0392148248,"wb"
"United Kingdom","GBR",2021,"Western",0.803,0.419,0.139,0.04,0.09,0.03,6.885,1000,51840.4424245515,46491.5068836685,"wb"
"United Kingdom","GBR",2022,"Western",0.771,0.424,0.155,0.033,0.13,0.036,6.762,1000,53979.7679116234,48410.095170282,"wb"
"United Kingdom","GBR",2023,"Western",0.768537074148297,0.369739478957916,0.109218436873747,0.031062124248497,0.119238476953908,0.0200400801603206,6.68336673346693,1000,53423.4226338292,47911.1540134832,"wb"
"Georgia","GEO",2006,"Eastern Europe",0.117469879518072,0.0261044176706827,0.0120481927710843,0.0070281124497992,0.632530120481928,0.273092369477912,3.6214859437751,1000,9337.98906420101,2554.81253503914,"wb"
"Georgia","GEO",2007,"Eastern Europe",0.117706237424547,0.0181086519114688,0.00804828973843058,0.00603621730382294,0.640845070422535,0.263581488933602,3.64486921529175,1000,10567.2747164758,2891.13702331846,"wb"
"Georgia","GEO",2008,"Eastern Europe",0.162488393686165,0.0538532961931291,0.0185701021355617,0.00928505106778087,0.550603528319406,0.188486536675952,4.07242339832869,1080,10856.1031328003,2970.15858282428,"wb"
"Georgia","GEO",2009,"Eastern Europe",0.127681307456588,0.0388151174668029,0.0163432073544433,0.00715015321756895,0.635342185903984,0.306435137895812,3.60674157303371,1000,10553.0896395853,2887.25607935922,"wb"
"Georgia","GEO",2010,"Eastern Europe",0.15587044534413,0.0273279352226721,0.0151821862348178,0.00910931174089069,0.54251012145749,0.200404858299595,4.06477732793522,1000,11294.3685917112,3090.06513662318,"wb"
"Georgia","GEO",2011,"Eastern Europe",0.171514543630893,0.041123370110331,0.0160481444332999,0.0110330992978937,0.493480441323972,0.213640922768305,4.14643931795386,1000,12288.6828861156,3362.1030031968,"wb"
"Georgia","GEO",2012,"Eastern Europe",0.18894472361809,0.0442211055276382,0.0160804020100503,0.0110552763819095,0.50251256281407,0.210050251256281,4.16984924623116,1000,13193.9596974054,3609.780798626,"wb"
"Georgia","GEO",2013,"Eastern Europe",0.182095625635809,0.051881993896236,0.0162767039674466,0.00712105798575788,0.513733468972533,0.181078331637843,4.21261444557477,1000,13913.0018245661,3806.50600649051,"wb"
"Georgia","GEO",2014,"Eastern Europe",0.222557905337362,0.0604229607250755,0.0281973816717019,0.0191339375629406,0.491440080563948,0.181268882175227,4.31520644511581,1000,14475.3135356035,3960.35080091901,"wb"
"Georgia","GEO",2015,"Eastern Europe",0.170682730923695,0.0451807228915663,0.0190763052208835,0.0150602409638554,0.505020080321285,0.203815261044177,4.10140562248996,1000,14936.8434116647,4086.6223465965,"wb"
"Georgia","GEO",2016,"Eastern Europe",0.214428857715431,0.0521042084168337,0.0280561122244489,0.0200400801603206,0.460921843687375,0.160320641282565,4.42384769539078,1000,15442.9564358054,4225.09154904806,"wb"
"Georgia","GEO",2017,"Eastern Europe",0.199,0.053,0.022,0.01,0.476,0.137,4.379,1000,16237.6242230275,4442.50744127374,"wb"
"Georgia","GEO",2018,"Eastern Europe",0.27190332326284,0.0936555891238671,0.0463242698892246,0.0312185297079557,0.414904330312185,0.168177240684794,4.60825780463243,1000,17228.6790847503,4713.65354845303,"wb"
"Georgia","GEO",2019,"Eastern Europe",0.27434456928839,0.0964419475655431,0.0589887640449438,0.0440074906367041,0.392322097378277,0.149812734082397,4.71161048689139,1080,18186.8816465807,4975.81148194814,"wb"
"Georgia","GEO",2020,"Eastern Europe",0.437751004016064,0.157630522088353,0.0692771084337349,0.0381526104417671,0.288152610441767,0.0843373493975904,5.37550200803213,1003,17031.1440283426,4659.60925318234,"wb"
"Georgia","GEO",2021,"Eastern Europe",0.296780684104628,0.117706237424547,0.06841046277666,0.0613682092555332,0.351106639839034,0.146881287726358,4.85110663983903,1001,18915.6534005263,5175.19865185825,"wb"
"Georgia","GEO",2022,"Eastern Europe",0.331987891019173,0.134207870837538,0.0797174571140262,0.0615539858728557,0.315842583249243,0.109989909182644,5.11907164480323,1000,20966.5280391134,5736.30449578597,"wb"
"Ghana","GHA",2006,"Africa",0.286144578313253,0.0843373493975904,0.0331325301204819,0.0200803212851406,0.377510040160643,0.0873493975903614,4.85542168674699,1000,3857.86154847605,1185.26570738595,"wb"
"Ghana","GHA",2007,"Africa",0.446464646464646,0.132323232323232,0.0484848484848485,0.0242424242424242,0.33030303030303,0.0767676767676768,5.28383838383838,1000,3923.12567803728,1205.31705804209,"wb"
"Ghana","GHA",2008,"Africa",0.362903225806452,0.0786290322580645,0.0221774193548387,0.00604838709677419,0.357862903225806,0.063508064516129,5.05342741935484,1000,4174.78124103364,1282.63416886747,"wb"
"Ghana","GHA",2009,"Africa",0.2,0.0666666666666667,0.0434343434343434,0.0323232323232323,0.584848484848485,0.121212121212121,4.33636363636364,1000,4269.16005861557,1311.63053760125,"wb"
"Ghana","GHA",2010,"Africa",0.303303303303303,0.0620620620620621,0.026026026026026,0.011011011011011,0.438438438438438,0.134134134134134,4.63163163163163,1000,4495.68916584106,1381.2279503506,"wb"
"Ghana","GHA",2011,"Africa",0.486486486486487,0.256256256256256,0.186186186186186,0.104104104104104,0.331331331331331,0.0860860860860861,5.71971971971972,1000,5005.36732498187,1537.81834019283,"wb"
"Ghana","GHA",2012,"Africa",0.387387387387387,0.134134134134134,0.0620620620620621,0.023023023023023,0.387387387387387,0.103103103103103,5.07707707707708,1000,5339.71321903045,1640.54072088003,"wb"
"Ghana","GHA",2013,"Africa",0.374501992031873,0.097609561752988,0.0438247011952191,0.0169322709163347,0.396414342629482,0.0916334661354582,4.99601593625498,1008,5593.77481886917,1718.59704769958,"wb"
"Ghana","GHA",2014,"Africa",0.225839267548321,0.0752797558494405,0.0528992878942014,0.0427263479145473,0.603255340793489,0.250254323499491,3.99796541200407,1000,5619.07233511591,1726.36930134647,"wb"
"Ghana","GHA",2015,"Africa",0.210953346855984,0.0476673427991886,0.0273833671399594,0.0192697768762677,0.585192697768763,0.256592292089249,3.98275862068966,1000,5607.36635657413,1722.77282833606,"wb"
"Ghana","GHA",2016,"Africa",0.284403669724771,0.195718654434251,0.0978593272171254,0.0336391437308868,0.498470948012232,0.233435270132518,4.5453618756371,1000,5666.07795334591,1740.81101902928,"wb"
"Ghana","GHA",2017,"Africa",0.480829015544041,0.231088082901554,0.135751295336788,0.089119170984456,0.325388601036269,0.111917098445596,5.55336787564767,1000,5993.63085211077,1841.44636153249,"wb"
"Ghana","GHA",2018,"Africa",0.432760364004044,0.154701718907988,0.0869565217391304,0.0626895854398382,0.346814964610718,0.148634984833165,5.14964610717897,1000,6234.51208201488,1915.4532323781,"wb"
"Ghana","GHA",2019,"Africa",0.393213572854291,0.137724550898204,0.0708582834331337,0.0558882235528942,0.378243512974052,0.148702594810379,4.96706586826347,1010,6508.24652305901,1999.55372220211,"wb"
"Ghana","GHA",2020,"Africa",0.437980241492865,0.200878155872667,0.141602634467618,0.119648737650933,0.262349066959385,0.121844127332602,5.51042810098793,1000,6412.68541762469,1970.19411460398,"wb"
"Ghana","GHA",2021,"Africa",0.291875626880642,0.0942828485456369,0.0501504513540622,0.0361083249749248,0.46740220661986,0.187562688064193,4.51755265797392,1000,6607.50297378321,2030.04866500967,"wb"
"Ghana","GHA",2022,"Africa",0.260121457489879,0.12246963562753,0.0748987854251012,0.0607287449392713,0.493927125506073,0.259109311740891,4.28542510121457,1000,6728.45413832472,2067.20895855521,"wb"
"Ghana","GHA",2023,"Africa",0.289447236180905,0.0733668341708543,0.0391959798994975,0.0291457286432161,0.45427135678392,0.186934673366834,4.47236180904523,1000,6808.53775003964,2091.81335596465,"wb"
"Guinea","GIN",2011,"Africa",0.144008056394763,0.0251762336354481,0.0100704934541793,0.0040281973816717,0.510574018126888,0.151057401812689,4.1570996978852,1000,2673.40873029955,696.199991395571,"wb"
"Guinea","GIN",2012,"Africa",0.108,0.026,0.006,0.002,0.657,0.222,3.748,1000,2762.90350938513,719.505916794546,"wb"
"Guinea","GIN",2013,"Africa",0.183531746031746,0.0386904761904762,0.0168650793650794,0.00992063492063492,0.634920634920635,0.235119047619048,3.94345238095238,1008,2802.56007024474,729.833143236326,"wb"
"Guinea","GIN",2014,"Africa",0.089,0.033,0.02,0.006,0.772,0.293,3.404,1000,2834.96634347846,738.272274481308,"wb"
"Guinea","GIN",2015,"Africa",0.134538152610442,0.0421686746987952,0.0180722891566265,0.00502008032128514,0.70281124497992,0.252008032128514,3.65963855421687,1000,2869.85157178732,747.356966759448,"wb"
"Guinea","GIN",2016,"Africa",0.142427281845537,0.0661985957873621,0.0320962888665998,0.0160481444332999,0.736208625877633,0.289869608826479,3.61183550651956,1000,3099.78874189372,807.236421043888,"wb"
"Guinea","GIN",2017,"Africa",0.331118493909192,0.191583610188261,0.142857142857143,0.107419712070875,0.514950166112957,0.204872646733112,4.8250276854928,1000,3332.76576150531,867.907502577607,"wb"
"Guinea","GIN",2018,"Africa",0.398678414096916,0.262114537444934,0.208149779735683,0.171806167400881,0.420704845814978,0.227973568281938,5.15748898678414,1000,3455.64512638662,899.907328045175,"wb"
"Guinea","GIN",2019,"Africa",0.303142329020333,0.202402957486137,0.170055452865065,0.139556377079482,0.488909426987061,0.253234750462107,4.66728280961183,1140,3557.46233883145,926.42221954853,"wb"
"Guinea","GIN",2020,"Africa",0.334004024144869,0.141851106639839,0.0875251509054326,0.0674044265593561,0.403420523138833,0.104627766599598,5.0271629778672,1005,3630.99330577677,945.570903389665,"wb"
"Guinea","GIN",2021,"Africa",0.383575883575884,0.24012474012474,0.178794178794179,0.14033264033264,0.438669438669439,0.228690228690229,5.04054054054054,1000,3738.8051255133,973.646890096159,"wb"
"Guinea","GIN",2022,"Africa",0.399558498896247,0.23841059602649,0.172185430463576,0.119205298013245,0.384105960264901,0.164459161147903,5.28918322295806,1000,3792.01068836277,987.502501465337,"wb"
"Guinea","GIN",2023,"Africa",0.334375,0.204166666666667,0.154166666666667,0.114583333333333,0.44375,0.221875,4.86354166666667,1000,3904.82395527998,1016.88094800324,"wb"
"Gambia","GMB",2017,"Africa",0.190621814475025,0.111111111111111,0.0866462793068298,0.0713557594291539,0.590214067278288,0.290519877675841,4.07849133537207,1000,2533.18683710276,628.777299272925,"wb"
"Gambia","GMB",2018,"Africa",0.314757481940144,0.230134158926729,0.178534571723426,0.154798761609907,0.415892672858617,0.236326109391125,4.92053663570691,1000,2651.43281455826,658.127833258563,"wb"
"Gambia","GMB",2019,"Africa",0.388737511353315,0.29700272479564,0.256130790190736,0.231607629427793,0.382379654859219,0.254314259763851,5.2425068119891,1120,2750.82132179634,682.797642940426,"wb"
"Gambia","GMB",2022,"Africa",0.227459016393443,0.129098360655738,0.0963114754098361,0.0870901639344262,0.535860655737705,0.258196721311475,4.29098360655738,1000,2863.18049829859,710.686979216316,"wb"
"Greece","GRC",2006,"Western",0.649246231155779,0.337688442211055,0.14572864321608,0.0653266331658292,0.139698492462312,0.0673366834170854,6.35477386934673,1002,40483.1569225337,23220.5324419197,"wb"
"Greece","GRC",2007,"Western",0.708542713567839,0.370854271356784,0.142713567839196,0.0613065326633166,0.112562814070352,0.0351758793969849,6.63618090452261,1000,41796.2336918303,23973.6936091313,"wb"
"Greece","GRC",2009,"Western",0.621105527638191,0.246231155778894,0.0974874371859296,0.0281407035175879,0.152763819095477,0.0492462311557789,6.11758793969849,1000,39886.2135496664,22878.1346644397,"wb"
"Greece","GRC",2010,"Western",0.588531187122736,0.258551307847082,0.0774647887323944,0.0291750503018109,0.208249496981891,0.085513078470825,5.88229376257545,1000,37566.7483686263,21547.724178239,"wb"
"Greece","GRC",2011,"Western",0.472417251755266,0.151454363089268,0.0501504513540622,0.0220661985957874,0.270812437311936,0.0992978936810431,5.38214643931795,1000,33906.4917435676,19448.255802525,"wb"
"Greece","GRC",2012,"Western",0.481481481481481,0.144144144144144,0.0550550550550551,0.022022022022022,0.316316316316316,0.147147147147147,5.17717717717718,1000,31250.2268565956,17924.6620496886,"wb"
"Greece","GRC",2013,"Western",0.333998005982054,0.109670987038883,0.0358923230309073,0.0129611166500499,0.388833499501496,0.180458624127617,4.69990029910269,1003,30762.4432227813,17644.8766635021,"wb"
"Greece","GRC",2014,"Western",0.363363363363363,0.119119119119119,0.036036036036036,0.012012012012012,0.42042042042042,0.182182182182182,4.68368368368368,1000,31213.3765120298,17903.5252440012,"wb"
"Greece","GRC",2015,"Western",0.523,0.187,0.058,0.026,0.259,0.097,5.558,1000,31347.976574604,17980.7298238137,"wb"
"Greece","GRC",2016,"Western",0.441,0.171,0.071,0.029,0.306,0.105,5.323,1000,31468.6198471099,18049.928997892,"wb"
"Greece","GRC",2017,"Western",0.455455455455455,0.155155155155155,0.0590590590590591,0.02002002002002,0.327327327327327,0.134134134134134,5.17917917917918,1000,31995.4108838386,18352.0884461258,"wb"
"Greece","GRC",2018,"Western",0.475475475475475,0.136136136136136,0.036036036036036,0.023023023023023,0.273273273273273,0.0790790790790791,5.39139139139139,1000,32722.3310444029,18769.0389621976,"wb"
"Greece","GRC",2019,"Western",0.607407407407407,0.214814814814815,0.0703703703703704,0.0314814814814815,0.17037037037037,0.0638888888888889,5.95185185185185,1080,33502.7506488997,19216.6759579785,"wb"
"Greece","GRC",2020,"Western",0.663672654690619,0.217564870259481,0.0728542914171657,0.0209580838323353,0.171656686626747,0.0508982035928144,6.1187624750499,1002,30487.1129331045,17486.951333323,"wb"
"Greece","GRC",2021,"Western",0.708167330677291,0.290836653386454,0.0866533864541833,0.0368525896414343,0.121513944223108,0.0388446215139442,6.41035856573705,1006,33528.2271202515,19231.2888803517,"wb"
"Greece","GRC",2022,"Western",0.594377510040161,0.159638554216867,0.0431726907630522,0.0200803212851406,0.177710843373494,0.0391566265060241,5.86244979919679,1000,35828.1756641776,20550.5049158297,"wb"
"Greece","GRC",2023,"Western",0.637450199203187,0.216135458167331,0.0727091633466136,0.0209163346613546,0.159362549800797,0.0418326693227092,6.09561752988048,1006,36700.5134631055,21050.8648111581,"wb"
"Guatemala","GTM",2006,"Latin America",0.521350546176763,0.256206554121152,0.11519364448858,0.0734856007944389,0.177755710029791,0.0397219463753724,6.00695134061569,1021,9386.00549814138,3388.15165081967,"wb"
"Guatemala","GTM",2007,"Latin America",0.583503054989817,0.319755600814664,0.164969450101833,0.0835030549898167,0.157841140529532,0.0325865580448065,6.31364562118126,1000,9772.80992048501,3527.77995621193,"wb"
"Guatemala","GTM",2008,"Latin America",0.627648839556004,0.32694248234107,0.153380423814329,0.0857719475277497,0.178607467204844,0.0403632694248234,6.34006054490414,1000,9889.57668418909,3569.93031541246,"wb"
"Guatemala","GTM",2009,"Latin America",0.645418326693227,0.344621513944223,0.171314741035857,0.0836653386454183,0.174302788844622,0.050796812749004,6.39641434262948,1015,9740.71387674159,3516.19395579721,"wb"
"Guatemala","GTM",2010,"Latin America",0.602808425275827,0.337011033099298,0.168505516549649,0.0962888665997994,0.194583751253761,0.0872617853560682,6.18254764292879,1014,9825.022234198,3546.62750929879,"wb"
"Guatemala","GTM",2011,"Latin America",0.528992878942014,0.243133265513733,0.1353001017294,0.108850457782299,0.280773143438454,0.133265513733469,5.68260427263479,1000,10032.0932829709,3621.37582644774,"wb"
"Guatemala","GTM",2012,"Latin America",0.486210418794688,0.299284984678243,0.200204290091931,0.129724208375894,0.258426966292135,0.132788559754852,5.79468845760981,1000,10126.8330566224,3655.57490299412,"wb"
"Guatemala","GTM",2013,"Latin America",0.495951417004049,0.300607287449393,0.176113360323887,0.133603238866397,0.255060728744939,0.125506072874494,5.84210526315789,1000,10297.8392994827,3717.30457960279,"wb"
"Guatemala","GTM",2014,"Latin America",0.591666666666667,0.4,0.25,0.214583333333333,0.170833333333333,0.0770833333333333,6.49479166666667,1000,10553.563988977,3809.61584332802,"wb"
"Guatemala","GTM",2015,"Latin America",0.621592148309706,0.440567066521265,0.305343511450382,0.263904034896401,0.184296619411123,0.121046892039258,6.546346782988,1000,10785.9583125957,3893.50533299068,"wb"
"Guatemala","GTM",2016,"Latin America",0.568085106382979,0.384042553191489,0.242553191489362,0.193617021276596,0.202127659574468,0.107446808510638,6.30744680851064,1000,10872.5938902469,3924.7789643024,"wb"
"Guatemala","GTM",2017,"Latin America",0.584963954685891,0.409886714727085,0.258496395468589,0.223480947476828,0.222451081359423,0.140061791967044,6.26467559217302,1000,11005.4592851719,3972.74059262672,"wb"
"Guatemala","GTM",2018,"Latin America",0.609473684210526,0.429473684210526,0.271578947368421,0.236842105263158,0.172631578947368,0.0936842105263158,6.55368421052632,1000,11192.3719192725,4040.21214374742,"wb"
"Guatemala","GTM",2019,"Latin America",0.560791705937794,0.384542884071631,0.251649387370405,0.216776625824694,0.204524033930254,0.108388312912347,6.26767200754006,1100,11466.3764932197,4139.12206338632,"wb"
"Guatemala","GTM",2022,"Latin America",0.561658031088083,0.355440414507772,0.206217616580311,0.159585492227979,0.202072538860104,0.0974093264248705,6.20829015544041,1000,12144.4800461597,4383.90326160481,"wb"
"Guyana","GUY",2007,"Latin America",0.584830339321357,0.199600798403194,0.0758483033932136,0.0439121756487026,0.157684630738523,0.0279441117764471,6.02195608782435,501,9354.08017716534,4382.10449666813,"wb"
"Hong Kong","HKG",2006,"Asia",0.508816120906801,0.142317380352645,0.035264483627204,0.0214105793450882,0.19647355163728,0.0453400503778338,5.67380352644836,800,50981.7296233058,34458.0032348089,"wb"
"Hong Kong","HKG",2008,"Asia",0.438926174496644,0.0953020134228188,0.0268456375838926,0.0174496644295302,0.245637583892617,0.0657718120805369,5.31409395973154,751,54630.3299120222,36924.0529643897,"wb"
"Hong Kong","HKG",2009,"Asia",0.513477088948787,0.129380053908356,0.0336927223719677,0.0242587601078167,0.183288409703504,0.0539083557951483,5.62398921832884,755,53172.2884268262,35938.578391742,"wb"
"Hong Kong","HKG",2010,"Asia",0.576564580559254,0.134487350199734,0.0306258322237017,0.018641810918775,0.1491344873502,0.0319573901464714,5.81624500665779,756,56355.409086809,38090.0154420129,"wb"
"Hong Kong","HKG",2011,"Asia",0.514173998044966,0.131964809384164,0.0312805474095797,0.021505376344086,0.217008797653959,0.0547409579667644,5.57282502443793,1028,58672.8050185719,39656.3184510131,"wb"
"Hong Kong","HKG",2012,"Asia",0.536,0.138,0.03,0.017,0.227,0.051,5.617,1006,59015.3179560955,39887.8192650568,"wb"
"Hong Kong","HKG",2014,"Asia",0.495508982035928,0.109281437125749,0.0269461077844311,0.0174650698602794,0.226546906187625,0.0508982035928144,5.50049900199601,2017,61839.8044187474,41796.8593150091,"wb"
"Hong Kong","HKG",2016,"Asia",0.476570289132602,0.112662013958126,0.0378863409770688,0.0179461615154536,0.234297108673978,0.0598205383848455,5.45363908275174,1005,63749.4285013369,43087.5537128127,"wb"
"Hong Kong","HKG",2017,"Asia",0.428855721393035,0.0975124378109453,0.0238805970149254,0.017910447761194,0.26865671641791,0.0616915422885572,5.30945273631841,1007,65662.8543379575,44380.8176753147,"wb"
"Hong Kong","HKG",2019,"Asia",0.546,0.128,0.031,0.024,0.181,0.04,5.703,1004,65388.3366418212,44195.2741142906,"wb"
"Hong Kong","HKG",2020,"Asia",0.477611940298507,0.125373134328358,0.0388059701492537,0.0218905472636816,0.234825870646766,0.0537313432835821,5.47960199004975,1005,61328.5367014193,41451.2989586282,"wb"
"Hong Kong","HKG",2021,"Asia",0.463220675944334,0.10934393638171,0.0288270377733598,0.0188866799204771,0.236580516898608,0.0606361829025845,5.3986083499006,1007,65884.9376260603,44530.9213833761,"wb"
"Hong Kong","HKG",2022,"Asia",0.462612163509472,0.098703888334995,0.032901296111665,0.0239282153539382,0.234297108673978,0.0518444666001994,5.40578265204387,1004,64035.6484949629,43281.0067309646,"wb"
"Honduras","HND",2006,"Latin America",0.415544041450777,0.231088082901554,0.151295336787565,0.110880829015544,0.337823834196891,0.145077720207254,5.34093264248705,1000,5263.15029099578,2056.53491469231,"wb"
"Honduras","HND",2007,"Latin America",0.385162601626016,0.204268292682927,0.127032520325203,0.0995934959349594,0.414634146341463,0.16260162601626,5.11077235772358,1000,5461.90151889031,2134.19540639485,"wb"
"Honduras","HND",2008,"Latin America",0.463709677419355,0.246975806451613,0.150201612903226,0.0967741935483871,0.308467741935484,0.14616935483871,5.48185483870968,1000,5566.70639487722,2175.14709403064,"wb"
"Honduras","HND",2009,"Latin America",0.570707070707071,0.341414141414141,0.192929292929293,0.113131313131313,0.213131313131313,0.108080808080808,6.07070707070707,1002,5313.75573967791,2076.30859895638,"wb"
"Honduras","HND",2010,"Latin America",0.551411290322581,0.331653225806452,0.148185483870968,0.0856854838709677,0.265120967741935,0.109879032258065,5.89314516129032,1000,5396.07227927744,2108.47314459603,"wb"
"Honduras","HND",2011,"Latin America",0.366296670030272,0.181634712411705,0.12008072653885,0.0807265388496468,0.437941473259334,0.158425832492432,4.97880928355197,1002,5488.43371596332,2144.56265540491,"wb"
"Honduras","HND",2012,"Latin America",0.32296890672016,0.149448345035105,0.086258776328987,0.0561685055165497,0.472417251755266,0.203610832497492,4.66800401203611,1000,5600.6077605497,2188.39378817891,"wb"
"Honduras","HND",2013,"Latin America",0.337423312883436,0.195296523517382,0.138036809815951,0.0766871165644172,0.436605316973415,0.230061349693252,4.74948875255624,1000,5644.13384802045,2205.40126728067,"wb"
"Honduras","HND",2014,"Latin America",0.339896373056995,0.213471502590674,0.15440414507772,0.0922279792746114,0.391709844559586,0.174093264248705,5.03523316062176,1000,5705.16246265484,2229.24772232218,"wb"
"Honduras","HND",2015,"Latin America",0.357287449392713,0.198380566801619,0.120445344129555,0.0961538461538462,0.42004048582996,0.261133603238866,4.6831983805668,1000,5812.5348879105,2271.20265980349,"wb"
"Honduras","HND",2016,"Latin America",0.479708636836629,0.297606659729448,0.186264308012487,0.139438085327784,0.299687825182102,0.176899063475546,5.56919875130073,1000,5926.49025534228,2315.72983058198,"wb"
"Honduras","HND",2017,"Latin America",0.509664292980671,0.347914547304171,0.239064089521872,0.189216683621567,0.257375381485249,0.145473041709054,5.93082400813835,1000,6099.60734919414,2383.37398439714,"wb"
"Honduras","HND",2018,"Latin America",0.478800413650465,0.318510858324716,0.222337125129266,0.179937952430196,0.282316442605998,0.162357807652534,5.69803516028955,1000,6219.27973775059,2430.13503657762,"wb"
"Honduras","HND",2019,"Latin America",0.494813278008299,0.356846473029046,0.244813278008299,0.197095435684647,0.263485477178423,0.154564315352697,5.86929460580913,1000,6264.01884276715,2447.61649282181,"wb"
"Honduras","HND",2021,"Latin America",0.533401849948613,0.379239465570401,0.264131551901336,0.203494347379239,0.23021582733813,0.12846865364851,6.10996916752312,1005,6202.98078812037,2423.76634916911,"wb"
"Honduras","HND",2022,"Latin America",0.488253319713994,0.338100102145046,0.248212461695608,0.198161389172625,0.272727272727273,0.153217568947906,5.84473953013279,1000,6352.58710177732,2482.22384904714,"wb"
"Croatia","HRV",2006,"Eastern Europe",0.514141414141414,0.215151515151515,0.109090909090909,0.0525252525252525,0.233333333333333,0.0707070707070707,5.77373737373737,1000,29035.6749841445,12104.2947219361,"wb"
"Croatia","HRV",2009,"Eastern Europe",0.477247502774695,0.132075471698113,0.0388457269700333,0.00998890122086571,0.30299667036626,0.0654827968923418,5.37846836847947,1009,29024.6640551953,12099.7045228367,"wb"
"Croatia","HRV",2010,"Eastern Europe",0.513486513486514,0.196803196803197,0.0709290709290709,0.023976023976024,0.28971028971029,0.0569430569430569,5.62037962037962,1029,28701.8754573033,11965.1414956676,"wb"
"Croatia","HRV",2011,"Eastern Europe",0.479330708661417,0.158464566929134,0.0423228346456693,0.0118110236220472,0.290354330708661,0.0757874015748032,5.39763779527559,1029,28769.0229490882,11993.1337166457,"wb"
"Croatia","HRV",2012,"Eastern Europe",0.590425531914894,0.258510638297872,0.103191489361702,0.0521276595744681,0.196808510638298,0.05,6.05957446808511,1000,28259.1638073948,11780.5853491253,"wb"
"Croatia","HRV",2013,"Eastern Europe",0.600203458799593,0.242115971515768,0.0722278738555443,0.0274669379450661,0.195320447609359,0.0386571719226857,6.01831129196338,1000,28397.9820661555,11838.4554388595,"wb"
"Croatia","HRV",2014,"Eastern Europe",0.508016032064128,0.154308617234469,0.0551102204408818,0.0270541082164329,0.284569138276553,0.0450901803607214,5.56813627254509,1000,28456.3353756076,11862.7815706266,"wb"
"Croatia","HRV",2015,"Eastern Europe",0.44466800804829,0.125754527162978,0.0422535211267606,0.0130784708249497,0.305835010060362,0.0402414486921529,5.37726358148893,1000,29466.4506365792,12283.8750299177,"wb"
"Croatia","HRV",2016,"Eastern Europe",0.484599589322382,0.180698151950719,0.0749486652977413,0.0256673511293634,0.250513347022587,0.0349075975359343,5.66324435318275,1000,30820.8050421355,12848.473748279,"wb"
"Croatia","HRV",2017,"Eastern Europe",0.486,0.086,0.022,0.01,0.261,0.012,5.509,1000,32348.5888556174,13485.3711360576,"wb"
"Croatia","HRV",2018,"Eastern Europe",0.519153225806452,0.123991935483871,0.0393145161290323,0.0131048387096774,0.247983870967742,0.0231854838709677,5.60685483870968,1000,33729.5455811943,14061.0597402919,"wb"
"Croatia","HRV",2019,"Eastern Europe",0.568645640074211,0.13543599257885,0.0343228200371058,0.0120593692022263,0.184601113172542,0.0241187384044527,5.77829313543599,1080,35122.7966231008,14641.8735578488,"wb"
"Croatia","HRV",2020,"Eastern Europe",0.707070707070707,0.356565656565657,0.158585858585859,0.0858585858585859,0.139393939393939,0.0474747474747475,6.58383838383838,1002,32493.4017010055,13545.7402289427,"wb"
"Croatia","HRV",2021,"Eastern Europe",0.68574297188755,0.350401606425703,0.145582329317269,0.0612449799196787,0.135542168674699,0.0431726907630522,6.49397590361446,1002,36930.076102199,15395.2861605128,"wb"
"Croatia","HRV",2022,"Eastern Europe",0.525731584258325,0.190716448032291,0.0736629667003027,0.0343087790110999,0.269424823410696,0.0565085771947528,5.69727547931382,1002,39863.9109377649,16618.3333786183,"wb"
"Haiti","HTI",2006,"Latin America",0.162324649298597,0.0380761523046092,0.0100200400801603,0,0.67935871743487,0.268537074148297,3.76152304609218,505,3146.2634386786,1305.03813815611,"wb"
"Haiti","HTI",2008,"Latin America",0.183838383838384,0.0202020202020202,0.00808080808080808,0.00202020202020202,0.622222222222222,0.268686868686869,3.8,500,3270.41272369326,1356.53400140048,"wb"
"Haiti","HTI",2010,"Latin America",0.117296222664016,0.0278330019880716,0.0119284294234592,0.00198807157057654,0.755467196819085,0.168986083499006,3.76739562624254,504,3176.50949040109,1317.58389339746,"wb"
"Haiti","HTI",2011,"Latin America",0.296812749003984,0.0936254980079681,0.0278884462151394,0.00398406374501992,0.474103585657371,0.047808764940239,4.86254980079681,504,3300.87444105175,1369.16921255852,"wb"
"Haiti","HTI",2012,"Latin America",0.284294234592445,0.0437375745526839,0.00198807157057654,0,0.524850894632207,0.163021868787276,4.4155069582505,504,3266.43832519352,1354.88546124499,"wb"
"Haiti","HTI",2013,"Latin America",0.291666666666667,0.128968253968254,0.0773809523809524,0.0238095238095238,0.503968253968254,0.188492063492063,4.63095238095238,504,3356.8373216264,1392.38204736859,"wb"
"Haiti","HTI",2014,"Latin America",0.184738955823293,0.072289156626506,0.0481927710843374,0.036144578313253,0.670682730923695,0.259036144578313,3.91566265060241,504,3403.57496642947,1411.76834802154,"wb"
"Haiti","HTI",2015,"Latin America",0.129224652087475,0.0795228628230616,0.0437375745526839,0.0337972166998012,0.711729622266402,0.3220675944334,3.51093439363817,504,3402.0283988016,1411.12684746796,"wb"
"Haiti","HTI",2016,"Latin America",0.12375249500998,0.0399201596806387,0.0239520958083832,0.0159680638722555,0.718562874251497,0.349301397205589,3.3373253493014,504,3415.58218112308,1416.74881879698,"wb"
"Haiti","HTI",2017,"Latin America",0.152304609218437,0.0400801603206413,0.032064128256513,0.0200400801603206,0.625250501002004,0.258517034068136,3.76152304609218,504,3453.97142164659,1432.67228609541,"wb"
"Haiti","HTI",2018,"Latin America",0.216768916155419,0.132924335378323,0.102249488752556,0.0858895705521472,0.646216768916155,0.402862985685072,3.66871165644172,500,3465.25480573601,1437.35251928349,"wb"
"Hungary","HUN",2006,"Eastern Europe",0.3992133726647,0.140609636184857,0.0442477876106195,0.0186823992133727,0.288102261553589,0.0894788593903638,5.23402163225172,1025,28903.0475407078,11734.4544729813,"wb"
"Hungary","HUN",2007,"Eastern Europe",0.321212121212121,0.097979797979798,0.0404040404040404,0.0242424242424242,0.374747474747475,0.132323232323232,4.85050505050505,1010,29044.0669021254,11791.7074416876,"wb"
"Hungary","HUN",2008,"Eastern Europe",0.333665338645418,0.097609561752988,0.0318725099601594,0.0199203187250996,0.405378486055777,0.113545816733068,4.86354581673307,1008,29384.0070385818,11929.7209867703,"wb"
"Hungary","HUN",2010,"Eastern Europe",0.275621890547264,0.0845771144278607,0.0228855721393035,0.00995024875621891,0.446766169154229,0.125373134328358,4.63681592039801,1008,27801.833816111,11287.3686666108,"wb"
"Hungary","HUN",2011,"Eastern Europe",0.335650446871897,0.104270109235353,0.0357497517378352,0.0178748758689176,0.383316782522344,0.128103277060576,4.85203574975174,1014,28415.1173442897,11536.3578996772,"wb"
"Hungary","HUN",2012,"Eastern Europe",0.293120638085743,0.0897308075772682,0.0239282153539382,0.0109670987038883,0.392821535393819,0.143569292123629,4.7048853439681,1004,28179.656464434,11440.7622718825,"wb"
"Hungary","HUN",2013,"Eastern Europe",0.351724137931034,0.127093596059113,0.0423645320197044,0.0187192118226601,0.408866995073892,0.148768472906404,4.86009852216749,1019,28891.0217544976,11729.5720798501,"wb"
"Hungary","HUN",2014,"Eastern Europe",0.36963036963037,0.0989010989010989,0.030969030969031,0.00999000999000999,0.338661338661339,0.0799200799200799,5.0999000999001,1003,30264.9492302161,12287.3779441033,"wb"
"Hungary","HUN",2015,"Eastern Europe",0.432432432432432,0.117117117117117,0.036036036036036,0.017017017017017,0.313313313313313,0.0660660660660661,5.27827827827828,1000,31485.5675425634,12782.9412577973,"wb"
"Hungary","HUN",2016,"Eastern Europe",0.455095862764884,0.127144298688194,0.0403632694248234,0.0171543895055499,0.29364278506559,0.053481331987891,5.3773965691221,1000,32378.9674983075,13145.6559885563,"wb"
"Hungary","HUN",2017,"Eastern Europe",0.567,0.197,0.061,0.033,0.176,0.043,5.933,1000,33828.714942571,13734.2442804335,"wb"
"Hungary","HUN",2018,"Eastern Europe",0.520040080160321,0.157314629258517,0.0440881763527054,0.0180360721442886,0.211422845691383,0.0390781563126252,5.7184368737475,1000,35798.0412754022,14533.7783144312,"wb"
"Hungary","HUN",2019,"Eastern Europe",0.507906976744186,0.189767441860465,0.0567441860465116,0.026046511627907,0.221395348837209,0.0734883720930233,5.6446511627907,1080,37662.67681014,15290.8085466331,"wb"
"Hungary","HUN",2020,"Eastern Europe",0.644644644644645,0.296296296296296,0.105105105105105,0.043043043043043,0.162162162162162,0.039039039039039,6.28328328328328,1001,36119.5211735652,14664.2971195385,"wb"
"Hungary","HUN",2021,"Eastern Europe",0.667334669338677,0.291583166332665,0.108216432865731,0.0490981963927856,0.149298597194389,0.0280561122244489,6.33967935871743,1000,38887.1909527154,15787.9535427563,"wb"
"Hungary","HUN",2022,"Eastern Europe",0.592850049652433,0.240317775571003,0.083416087388282,0.0337636544190665,0.162859980139027,0.0357497517378352,6.07944389275074,1009,40610.9711368238,16487.7973935944,"wb"
"Hungary","HUN",2023,"Eastern Europe",0.606181455633101,0.266201395812562,0.098703888334995,0.0508474576271186,0.166500498504487,0.0348953140578265,6.17248255234297,1006,40333.2546888118,16375.0462724192,"wb"
"Indonesia","IDN",2006,"Asia",0.367647058823529,0.0562283737024221,0.0147058823529412,0.00605536332179931,0.33477508650519,0.0769896193771626,4.97750865051903,1180,7434.48785352221,2244.0802226202,"wb"
"Indonesia","IDN",2007,"Asia",0.414829659318637,0.0360721442885772,0.00501002004008016,0.00100200400801603,0.311623246492986,0.0480961923847695,5.09519038076152,1000,7802.46406905954,2355.1528565328,"wb"
"Indonesia","IDN",2008,"Asia",0.321531100478469,0.0497607655502392,0.0114832535885167,0.00287081339712919,0.383732057416268,0.062200956937799,4.87464114832536,1050,8165.06155116624,2464.60193418272,"wb"
"Indonesia","IDN",2009,"Asia",0.444444444444444,0.100925925925926,0.0425925925925926,0.0166666666666667,0.222222222222222,0.0481481481481481,5.42685185185185,1080,8435.4557468629,2546.21969707767,"wb"
"Indonesia","IDN",2010,"Asia",0.451914098972923,0.0933706816059757,0.0280112044817927,0.00933706816059757,0.203548085901027,0.0420168067226891,5.46125116713352,1080,8848.22473702066,2670.8129098953,"wb"
"Indonesia","IDN",2011,"Asia",0.418418418418418,0.043043043043043,0.002002002002002,0,0.257257257257257,0.038038038038038,5.23623623623624,1000,9274.96955181702,2799.62468790318,"wb"
"Indonesia","IDN",2012,"Asia",0.442914707857623,0.0879785090664876,0.0194761584956347,0.00537273337810611,0.227333781061115,0.0416386836803224,5.38683680322364,3000,9708.61182531081,2930.518445323,"wb"
"Indonesia","IDN",2013,"Asia",0.40080971659919,0.090080971659919,0.034412955465587,0.0101214574898785,0.272267206477733,0.0435222672064777,5.29352226720648,1000,10121.8141535043,3055.24246006469,"wb"
"Indonesia","IDN",2014,"Asia",0.518705763397371,0.0940343781597573,0.0404448938321537,0.0343781597573306,0.204246713852376,0.0232558139534884,5.63700707785642,1000,10504.3869411088,3170.72103011429,"wb"
"Indonesia","IDN",2015,"Asia",0.378600823045267,0.109053497942387,0.0493827160493827,0.037037037037037,0.302469135802469,0.0874485596707819,5.13888888888889,1000,10893.6621142169,3288.22269725538,"wb"
"Indonesia","IDN",2016,"Asia",0.362603305785124,0.147727272727273,0.101239669421488,0.0723140495867769,0.337809917355372,0.143595041322314,5.07128099173554,1000,11319.6634287738,3416.81005170972,"wb"
"Indonesia","IDN",2017,"Asia",0.374485596707819,0.118312757201646,0.0740740740740741,0.0617283950617284,0.284979423868313,0.118312757201646,5.1656378600823,1000,11772.5743296107,3553.51999262321,"wb"
"Indonesia","IDN",2018,"Asia",0.413197969543147,0.169543147208122,0.109644670050761,0.0944162436548223,0.291370558375635,0.124873096446701,5.31675126903553,1000,12262.2310300771,3701.32155461912,"wb"
"Indonesia","IDN",2019,"Asia",0.435788479697828,0.203021718602455,0.128895184135977,0.108593012275732,0.256373937677054,0.129839471199245,5.46600566572238,2192,12757.7850854842,3850.90321738979,"wb"
"Indonesia","IDN",2020,"Asia",0.43168880455408,0.156546489563567,0.0673624288425047,0.0493358633776091,0.286527514231499,0.114800759013283,5.27988614800759,1062,12388.5449268131,3739.44906563161,"wb"
"Indonesia","IDN",2021,"Asia",0.450047573739296,0.183634633682207,0.108468125594672,0.0808753568030447,0.234062797335871,0.0922930542340628,5.53853472882969,1063,12757.0746440204,3850.68877253903,"wb"
"Indonesia","IDN",2022,"Asia",0.469098277608916,0.196555217831814,0.101317122593718,0.0810536980749747,0.244174265450861,0.109422492401216,5.57142857142857,1002,13334.2653947637,4024.91225288391,"wb"
"Indonesia","IDN",2023,"Asia",0.485887096774194,0.223790322580645,0.132056451612903,0.113911290322581,0.219758064516129,0.102822580645161,5.71875,1000,13889.9495012858,4192.64401034181,"wb"
"India","IND",2006,"Asia",0.521085797382453,0.238972370334464,0.119243819680078,0.0872515753756665,0.198739699466796,0.0373242850218129,5.96897721764421,2100,4011.08647585805,1008.23275344818,"wb"
"India","IND",2007,"Asia",0.492584411486273,0.12275165667403,0.0362890501735563,0.00757336699274219,0.215209845377091,0.0290312401388451,5.59324708109814,3186,4253.82139046739,1069.24696812234,"wb"
"India","IND",2008,"Asia",0.464745239320638,0.105506948018528,0.018013381369017,0.00772002058672156,0.198661863098302,0.0262480699948533,5.5331960885229,2000,4322.48378983546,1086.50605251005,"wb"
"India","IND",2009,"Asia",0.368279569892473,0.085013440860215,0.0164650537634409,0.00403225806451613,0.327284946236559,0.103494623655914,4.97412634408602,3010,4595.37990753812,1155.10163273817,"wb"
"India","IND",2010,"Asia",0.409533400469956,0.114467942262504,0.0422960725075529,0.017959046659953,0.324437730782142,0.0716683450822424,5.20107418596845,6000,4913.87639723705,1235.15939132939,"wb"
"India","IND",2011,"Asia",0.286323571225476,0.0824566391811203,0.0432186522604492,0.0119419960193347,0.430480523173159,0.0770543076485641,4.80210406596531,3518,5098.67458775444,1281.61054354937,"wb"
"India","IND",2012,"Asia",0.288213479522735,0.0869880683650435,0.0404708158658497,0.0151564011609158,0.470815865849726,0.122460496613995,4.66663979361496,12620,5303.50197767655,1333.09626557649,"wb"
"India","IND",2013,"Asia",0.362449799196787,0.123159303882195,0.0384872824631861,0.00803212851405622,0.454149933065596,0.178045515394913,4.69277108433735,3000,5567.49439418718,1399.4537980281,"wb"
"India","IND",2014,"Asia",0.283933984506568,0.098012798922196,0.048501178848097,0.0346918154260694,0.529471202425059,0.236106433142472,4.30447962276861,3000,5905.10618204633,1484.31640682961,"wb"
"India","IND",2015,"Asia",0.239799331103679,0.0588628762541806,0.022742474916388,0.0123745819397993,0.512374581939799,0.175585284280936,4.30066889632107,3000,6301.67346968236,1583.99815907985,"wb"
"India","IND",2016,"Asia",0.232154769846564,0.0333555703802535,0.0066711140760507,0.00233488992661775,0.570713809206137,0.186124082721815,4.1967978652435,3000,6741.14883185347,1694.46534973787,"wb"
"India","IND",2017,"Asia",0.140768446106766,0.0241414484869092,0.0119007140428426,0.00544032641958518,0.598775926555593,0.188371302278137,3.99625977558654,3000,7116.03659185396,1788.69770318481,"wb"
"India","IND",2018,"Asia",0.164753544902093,0.0641458474004051,0.0401755570560432,0.0259959486833221,0.653612424037812,0.265361242403781,3.78494260634706,3000,7492.62576755145,1883.35772705055,"wb"
"India","IND",2019,"Asia",0.15780577750461,0.0926551936078672,0.0729870928088506,0.0649969268592502,0.665027658266749,0.477412415488629,3.10955746773202,6643,7702.17634811957,1936.03067741063,"wb"
"India","IND",2020,"Asia",0.305434782608696,0.154673913043478,0.101739130434783,0.0794565217391304,0.458152173913043,0.252608695652174,4.50652173913043,9453,7186.86447099679,1806.50110583865,"wb"
"India","IND",2021,"Asia",0.199253224711473,0.116768499660557,0.0845213849287169,0.0668703326544467,0.603190767141887,0.403258655804481,3.59877800407332,3000,7818.65701757504,1965.30943437472,"wb"
"India","IND",2022,"Asia",0.246138347884486,0.13364674278039,0.0953660174613835,0.0768972464741437,0.517461383478845,0.333109469442579,4.05742108797851,3000,8347.38478647086,2098.21124476122,"wb"
"India","IND",2023,"Asia",0.314256688113783,0.141550965120217,0.0839823907890281,0.0589231290213342,0.419911953945141,0.227226549271927,4.61970877074162,3009,8870.55027609345,2229.71491223037,"wb"
"Ireland","IRL",2006,"Western",0.824974411463664,0.483111566018424,0.214943705220061,0.11668372569089,0.0440122824974411,0.0184237461617195,7.24360286591607,1000,64975.4086496251,51656.8194855887,"wb"
"Ireland","IRL",2008,"Western",0.897795591182365,0.561122244488978,0.230460921843687,0.11623246492986,0.0240480961923848,0.00501002004008016,7.57615230460922,1001,62213.6453256462,49461.1594281353,"wb"
"Ireland","IRL",2009,"Western",0.81563126252505,0.474949899799599,0.206412825651303,0.104208416833667,0.0581162324649299,0.032064128256513,7.17034068136273,500,58446.726333492,46466.3794269222,"wb"
"Ireland","IRL",2010,"Western",0.812688821752266,0.517623363544814,0.220543806646526,0.114803625377644,0.0684793554884189,0.0231621349446123,7.2416918429003,1001,59107.4220740498,46991.6464673949,"wb"
"Ireland","IRL",2011,"Western",0.785714285714286,0.437625754527163,0.176056338028169,0.0845070422535211,0.062374245472837,0.0221327967806841,7.01710261569417,1000,59797.0537343463,47539.9181739968,"wb"
"Ireland","IRL",2012,"Western",0.780341023069208,0.41925777331996,0.167502507522568,0.0732196589769308,0.0892678034102307,0.0270812437311936,6.90471414242728,1000,59303.0319813561,47147.1604669421,"wb"
"Ireland","IRL",2013,"Western",0.773773773773774,0.411411411411411,0.143143143143143,0.0630630630630631,0.108108108108108,0.031031031031031,6.81581581581582,1000,60285.2376140094,47928.0346487005,"wb"
"Ireland","IRL",2014,"Western",0.820050125313283,0.423057644110276,0.149874686716792,0.0441102756892231,0.0631578947368421,0.0140350877192982,7.0125313283208,2000,65463.1952541564,52044.6201181887,"wb"
"Ireland","IRL",2015,"Western",0.795386158475426,0.388164493480441,0.15346038114343,0.0561685055165497,0.0792377131394183,0.0240722166499498,6.86158475426279,1000,80815.6415277345,64250.1385181257,"wb"
"Ireland","IRL",2016,"Western",0.827,0.438,0.189,0.08,0.061,0.013,7.09,1000,80760.0974145688,64205.979777351,"wb"
"Ireland","IRL",2017,"Western",0.791583166332665,0.412825651302605,0.207414829659319,0.0861723446893788,0.0531062124248497,0.0110220440881764,7.08717434869739,1000,87731.7897045734,69748.6221034014,"wb"
"Ireland","IRL",2018,"Western",0.821,0.427,0.192,0.073,0.061,0.017,7.084,1000,93115.8393498329,74029.0550611436,"wb"
"Ireland","IRL",2019,"Western",0.867057673509286,0.467253176930596,0.201368523949169,0.083088954056696,0.0361681329423265,0.00879765395894428,7.28934506353861,1025,96205.7961557005,76485.635854651,"wb"
"Ireland","IRL",2020,"Western",0.866866866866867,0.443443443443443,0.158158158158158,0.044044044044044,0.047047047047047,0.01001001001001,7.15915915915916,1000,101793.447525871,80927.936475395,"wb"
"Ireland","IRL",2021,"Western",0.789,0.407,0.147,0.048,0.101,0.055,6.775,1000,116702.85817485,92781.2322150786,"wb"
"Ireland","IRL",2022,"Western",0.802802802802803,0.424424424424424,0.14014014014014,0.029029029029029,0.113113113113113,0.029029029029029,6.85185185185185,1000,123007.47648651,97793.5366671697,"wb"
"Ireland","IRL",2023,"Western",0.772,0.396,0.125,0.035,0.121,0.024,6.754,1002,117659.728593716,93541.9643678381,"wb"
"Iran","IRN",2006,"Asia",0.427350427350427,0.131313131313131,0.0505050505050505,0.0248640248640249,0.315462315462315,0.0854700854700855,5.28671328671329,1300,14320.6568534545,4778.7934584732,"wb"
"Iran","IRN",2007,"Asia",0.444555444555445,0.163836163836164,0.0689310689310689,0.038961038961039,0.316683316683317,0.105894105894106,5.31768231768232,1004,15237.4237850549,5084.71796043623,"wb"
"Iran","IRN",2008,"Asia",0.399422521655438,0.130895091434071,0.0471607314725698,0.0182868142444658,0.307988450433109,0.106833493743985,5.18960538979788,1040,15091.2506521463,5035.94008533618,"wb"
"Iran","IRN",2011,"Asia",0.31211498973306,0.14476386036961,0.082135523613963,0.0564681724845996,0.363449691991786,0.148870636550308,4.90349075975359,1003,15947.766097961,5321.75870744453,"wb"
"Iran","IRN",2012,"Asia",0.318286371477861,0.131972397929845,0.0629672225416906,0.0399654974123059,0.401092581943646,0.173375503162737,4.74496837262795,3507,15159.2948206531,5058.64637811835,"wb"
"Iran","IRN",2013,"Asia",0.388270980788675,0.163801820020222,0.0869565217391304,0.0667340748230536,0.295247724974722,0.133468149646107,5.18705763397371,1000,14734.740588719,4916.97291948475,"wb"
"Iran","IRN",2014,"Asia",0.354595680562531,0.156705173279759,0.0813661476644902,0.0527373179306881,0.377197388247112,0.166750376695128,4.93219487694626,2009,15262.8515760903,5093.20319702187,"wb"
"Iran","IRN",2015,"Asia",0.341414141414141,0.148484848484848,0.0575757575757576,0.0333333333333333,0.364646464646465,0.172727272727273,4.85151515151515,1001,14841.9048340737,4952.73355532178,"wb"
"Iran","IRN",2016,"Asia",0.314083080040527,0.142857142857143,0.0699088145896656,0.0435663627152989,0.402228976697062,0.161094224924012,4.78520770010132,1000,15920.3718021202,5312.61724954192,"wb"
"Iran","IRN",2017,"Asia",0.3582995951417,0.153846153846154,0.0637651821862348,0.0374493927125506,0.393724696356275,0.176113360323887,4.84412955465587,1000,16167.9677224227,5395.2398398598,"wb"
"Iran","IRN",2018,"Asia",0.272545090180361,0.102204408817635,0.0400801603206413,0.0260521042084168,0.450901803607214,0.208416833667335,4.44589178356713,1002,15364.8049052614,5127.22495367018,"wb"
"Iran","IRN",2019,"Asia",0.374642516682555,0.161105815061964,0.0924690181124881,0.0486177311725453,0.373689227836034,0.162059103908484,4.98284080076263,1058,14841.0751514998,4952.45669081078,"wb"
"Iran","IRN",2020,"Asia",0.352295409181637,0.159680638722555,0.0818363273453094,0.0419161676646707,0.396207584830339,0.164670658682635,4.9001996007984,1009,15381.5845437266,5132.82430762118,"wb"
"Iran","IRN",2021,"Asia",0.297512437810945,0.125373134328358,0.0706467661691542,0.045771144278607,0.390049751243781,0.152238805970149,4.77910447761194,1011,15884.4276775963,5300.62271961895,"wb"
"Iran","IRN",2022,"Asia",0.334331337325349,0.148702594810379,0.0608782435129741,0.0459081836327345,0.3812375249501,0.158682634730539,4.90518962075848,1007,16377.9610645368,5465.31447539413,"wb"
"Iran","IRN",2023,"Asia",0.342971086739781,0.160518444666002,0.0677966101694915,0.0388833499501496,0.373878364905284,0.13160518444666,4.98205383848455,1007,17044.8173442641,5687.84396268742,"wb"
"Iraq","IRQ",2008,"Asia",0.24949083503055,0.0763747454175153,0.0244399185336049,0.0112016293279022,0.503054989816701,0.0784114052953157,4.68228105906314,990,11511.9387643638,3781.78001712762,"wb"
"Iraq","IRQ",2009,"Asia",0.380182002022245,0.0738119312436805,0.0232558139534884,0.00202224469160768,0.369059656218402,0.0753286147623863,5.00556117290192,2001,11470.5178061728,3768.17284328983,"wb"
"Iraq","IRQ",2010,"Asia",0.387227572225038,0.0810947795235682,0.0349721236695388,0.0136847440446021,0.353775975671566,0.0603142422706538,5.10846426761277,2000,11816.8410150233,3881.94327045302,"wb"
"Iraq","IRQ",2011,"Asia",0.354124748490946,0.0633802816901408,0.00955734406438632,0.00352112676056338,0.414486921529175,0.0950704225352113,4.82746478873239,2000,12267.5848940645,4030.01686860986,"wb"
"Iraq","IRQ",2012,"Asia",0.343117408906883,0.0850202429149798,0.0242914979757085,0.00961538461538462,0.406376518218623,0.0976720647773279,4.87145748987854,2000,13357.0143882323,4387.90469058707,"wb"
"Iraq","IRQ",2013,"Asia",0.399794450154162,0.180883864337102,0.0955806783144913,0.0709146968139774,0.346351490236382,0.189105858170606,4.97738951695786,1003,13712.931714296,4504.82687537354,"wb"
"Iraq","IRQ",2014,"Asia",0.367699339766379,0.14931437277806,0.0822752666328085,0.0619603859827324,0.372778059928898,0.206196038598273,4.75672930421534,2010,13536.8227681399,4446.97343234862,"wb"
"Iraq","IRQ",2015,"Asia",0.323439099283521,0.141248720573183,0.0798362333674514,0.0522006141248721,0.400204708290686,0.230296827021494,4.57523029682702,1009,13516.0271989173,4440.14189252367,"wb"
"Iraq","IRQ",2016,"Asia",0.336,0.141,0.084,0.055,0.429,0.229,4.555,1011,15016.0920644557,4932.9272911439,"wb"
"Iraq","IRQ",2017,"Asia",0.308943089430894,0.121951219512195,0.0762195121951219,0.0589430894308943,0.398373983739837,0.21849593495935,4.5609756097561,1000,14417.6306896454,4736.32710809857,"wb"
"Iraq","IRQ",2018,"Asia",0.403403403403403,0.17017017017017,0.1001001001001,0.0740740740740741,0.281281281281281,0.146146146146146,5.21721721721722,1000,14456.2357053191,4749.00921836896,"wb"
"Iraq","IRQ",2019,"Asia",0.31478102189781,0.101277372262774,0.0529197080291971,0.0474452554744526,0.362226277372263,0.162408759124088,4.73813868613139,1097,14910.225032382,4898.14897668582,"wb"
"Iraq","IRQ",2020,"Asia",0.343781597573306,0.158746208291203,0.0859453993933266,0.0657229524772497,0.336703741152679,0.170879676440849,4.95551061678463,1000,12827.6345392293,4213.99843766061,"wb"
"Iraq","IRQ",2021,"Asia",0.405189620758483,0.186626746506986,0.106786427145709,0.0798403193612774,0.276447105788423,0.12874251497006,5.29640718562874,1002,12731.7535755128,4182.50064045825,"wb"
"Iraq","IRQ",2022,"Asia",0.39367816091954,0.169540229885057,0.102490421455939,0.0766283524904215,0.293103448275862,0.166666666666667,5.11302681992337,1046,13433.3977166956,4412.99733146512,"wb"
"Iceland","ISL",2008,"Western",0.7624750499002,0.415169660678643,0.173652694610778,0.0718562874251497,0.105788423153693,0.0259481037924152,6.87025948103792,502,63963.7601392225,55360.8136012406,"wb"
"Iceland","ISL",2012,"Western",0.883417085427136,0.639195979899498,0.256281407035176,0.0793969849246231,0.0492462311557789,0.00703517587939699,7.60301507537688,1002,58203.6379459536,50375.4117054195,"wb"
"Iceland","ISL",2013,"Western",0.876767676767677,0.587878787878788,0.212121212121212,0.0868686868686869,0.0404040404040404,0.00404040404040404,7.50909090909091,502,59729.5439775397,51696.0876507326,"wb"
"Iceland","ISL",2015,"Western",0.872448979591837,0.629251700680272,0.244897959183673,0.0799319727891157,0.0459183673469388,0.0136054421768707,7.52040816326531,596,61820.3618857662,53505.6964079339,"wb"
"Iceland","ISL",2016,"Western",0.870476190476191,0.6,0.228571428571429,0.0819047619047619,0.0495238095238095,0.00571428571428571,7.50857142857143,529,64759.2275423229,56049.2928672039,"wb"
"Iceland","ISL",2017,"Western",0.887550200803213,0.620481927710843,0.261044176706827,0.0983935742971888,0.0421686746987952,0.00401606425702811,7.64056224899598,500,65462.5033306299,56657.9800322797,"wb"
"Iceland","ISL",2019,"Western",0.912175648702595,0.630738522954092,0.271457085828343,0.0798403193612774,0.0419161676646707,0.00399201596806387,7.68263473053892,504,65994.9860038103,57118.8452777198,"wb"
"Iceland","ISL",2020,"Western",0.917338709677419,0.667338709677419,0.266129032258065,0.0826612903225806,0.030241935483871,0.00604838709677419,7.73790322580645,501,60617.143268851,52464.3073240589,"wb"
"Iceland","ISL",2021,"Western",0.909274193548387,0.643145161290323,0.245967741935484,0.0766129032258065,0.0362903225806452,0.0120967741935484,7.63508064516129,500,62720.7916832797,54285.0209203242,"wb"
"Iceland","ISL",2022,"Western",0.903614457831325,0.608433734939759,0.216867469879518,0.0622489959839357,0.036144578313253,0.00803212851405622,7.56827309236948,500,66581.2441801002,57626.2533717585,"wb"
"Iceland","ISL",2023,"Western",0.926732673267327,0.605940594059406,0.241584158415842,0.0811881188118812,0.0316831683168317,0.00792079207920792,7.64158415841584,507,69268.1221404224,59951.7537739692,"wb"
"Israel","ISR",2006,"Asia",0.81563126252505,0.503006012024048,0.214428857715431,0.0841683366733467,0.0721442885771543,0.0210420841683367,7.16132264529058,1002,34744.8675092298,30707.435814097,"wb"
"Israel","ISR",2007,"Asia",0.774949083503055,0.408350305498982,0.178207739307536,0.0885947046843177,0.105906313645621,0.0315682281059063,6.87474541751527,1001,36288.0655118571,32071.3107404162,"wb"
"Israel","ISR",2008,"Asia",0.832665330661323,0.504008016032064,0.265531062124248,0.0991983967935872,0.0771543086172345,0.0200400801603206,7.26452905811623,1001,36795.4799112424,32519.7624461575,"wb"
"Israel","ISR",2009,"Asia",0.877877877877878,0.526526526526527,0.268268268268268,0.0930930930930931,0.0540540540540541,0.011011011011011,7.41741741741742,1000,36364.7843182661,32139.1146490917,"wb"
"Israel","ISR",2010,"Asia",0.881881881881882,0.526526526526527,0.22022022022022,0.0680680680680681,0.0510510510510511,0.012012012012012,7.35835835835836,1000,37686.3420833543,33307.1044316197,"wb"
"Israel","ISR",2011,"Asia",0.878,0.54,0.269,0.099,0.055,0.016,7.442,1000,39036.0247356871,34499.9509262825,"wb"
"Israel","ISR",2012,"Asia",0.837865055387714,0.459214501510574,0.197381671701913,0.0584088620342397,0.0725075528700906,0.0161127895266868,7.11178247734139,1000,39245.5078117687,34685.0915981013,"wb"
"Israel","ISR",2013,"Asia",0.87987987987988,0.479479479479479,0.216216216216216,0.0680680680680681,0.047047047047047,0.00700700700700701,7.30730730730731,1000,40095.4756773092,35436.2912873273,"wb"
"Israel","ISR",2014,"Asia",0.889779559118236,0.544088176352705,0.227454909819639,0.064128256513026,0.0470941883767535,0.00601202404809619,7.39879759519038,1000,40795.6290927281,36055.08530225,"wb"
"Israel","ISR",2015,"Asia",0.807422266800401,0.455366098294885,0.179538615847543,0.0692076228686058,0.0732196589769308,0.0110330992978937,7.05817452357071,1000,40889.5989080834,36138.13561386,"wb"
"Israel","ISR",2016,"Asia",0.844221105527638,0.446231155778894,0.170854271356784,0.0653266331658292,0.0683417085427136,0.0110552763819095,7.0894472361809,1000,41914.5802977706,37044.0118623764,"wb"
"Israel","ISR",2017,"Asia",0.884,0.503,0.197,0.056,0.041,0.004,7.331,1000,42895.585129847,37911.0217281157,"wb"
"Israel","ISR",2018,"Asia",0.807348560079444,0.407149950347567,0.177755710029791,0.0456802383316783,0.0913604766633565,0.0119165839126117,6.92949354518371,1010,43782.6526491689,38695.0100079706,"wb"
"Israel","ISR",2019,"Asia",0.881170018281536,0.461608775137112,0.192870201096892,0.0612431444241316,0.0429616087751371,0.00639853747714808,7.23126142595978,1095,44492.1226967084,39322.038041422,"wb"
"Israel","ISR",2020,"Asia",0.818181818181818,0.441287878787879,0.167613636363636,0.0445075757575758,0.0795454545454545,0.0179924242424242,7.00094696969697,1057,42926.5415418584,37938.3809354755,"wb"
"Israel","ISR",2021,"Asia",0.894789579158317,0.51503006012024,0.244488977955912,0.0811623246492986,0.0380761523046092,0.00400801603206413,7.43987975951904,1001,46151.100820403,40788.2391785198,"wb"
"Israel","ISR",2022,"Asia",0.913913913913914,0.55955955955956,0.242242242242242,0.0720720720720721,0.025025025025025,0.002002002002002,7.53253253253253,1000,48132.3637205177,42539.2748766689,"wb"
"Israel","ISR",2023,"Asia",0.76976976976977,0.335335335335335,0.162162162162162,0.0750750750750751,0.123123123123123,0.04004004004004,6.70970970970971,1001,47671.2476926086,42131.7415675806,"wb"
"Italy","ITA",2006,"Western",0.853387259858443,0.383215369059656,0.11830131445905,0.0647118301314459,0.0495449949443883,0.0262891809908999,6.97168857431749,1002,52304.2402949819,33873.0493680093,"wb"
"Italy","ITA",2007,"Western",0.78978978978979,0.309309309309309,0.0890890890890891,0.0500500500500501,0.0930930930930931,0.039039039039039,6.56356356356356,1008,52747.1905476807,34159.9109244074,"wb"
"Italy","ITA",2008,"Western",0.807459677419355,0.400201612903226,0.127016129032258,0.0584677419354839,0.0796370967741935,0.0362903225806452,6.84778225806452,1008,51806.3906176391,33550.6340800063,"wb"
"Italy","ITA",2009,"Western",0.766533066132265,0.330661322645291,0.094188376753507,0.0521042084168337,0.101202404809619,0.0480961923847695,6.5501002004008,1005,48774.3916833748,31587.0638416305,"wb"
"Italy","ITA",2010,"Western",0.766666666666667,0.257575757575758,0.0777777777777778,0.0343434343434343,0.102020202020202,0.0414141414141414,6.42323232323232,1000,49301.6959141674,31928.5543621096,"wb"
"Italy","ITA",2011,"Western",0.729,0.171,0.041,0.021,0.103,0.032,6.15,1005,49473.0149235634,32039.5032494316,"wb"
"Italy","ITA",2012,"Western",0.678981527708437,0.216175736395407,0.0678981527708437,0.0384423364952571,0.153769345981028,0.0649026460309536,6.07039440838742,2007,47795.9579360541,30953.4147447427,"wb"
"Italy","ITA",2013,"Western",0.727544910179641,0.147704590818363,0.0329341317365269,0.0139720558882236,0.112774451097804,0.0449101796407186,6.11776447105788,1004,46833.3615309303,30330.0221599668,"wb"
"Italy","ITA",2014,"Western",0.695739348370927,0.220551378446115,0.068671679197995,0.0225563909774436,0.125814536340852,0.0491228070175439,6.19598997493734,2000,46825.6511245062,30325.0287793923,"wb"
"Italy","ITA",2015,"Western",0.63,0.142,0.033,0.01,0.126,0.045,5.904,1000,47311.8255262709,30639.8829751432,"wb"
"Italy","ITA",2016,"Western",0.695085255767302,0.196589769307924,0.0561685055165497,0.00802407221664995,0.111334002006018,0.0361083249749248,6.18756268806419,1000,47987.8379581014,31077.6792675211,"wb"
"Italy","ITA",2017,"Western",0.712712712712713,0.247247247247247,0.0890890890890891,0.023023023023023,0.115115115115115,0.042042042042042,6.33133133133133,1000,48849.2183534756,31635.52277108,"wb"
"Italy","ITA",2018,"Western",0.80980980980981,0.281281281281281,0.0790790790790791,0.026026026026026,0.0570570570570571,0.00900900900900901,6.68568568568569,1000,49355.8751913504,31963.6417148824,"wb"
"Italy","ITA",2019,"Western",0.774634146341463,0.298536585365854,0.0907317073170732,0.024390243902439,0.0878048780487805,0.015609756097561,6.63414634146341,1025,49690.6298505274,32180.4341017428,"wb"
"Italy","ITA",2020,"Western",0.817,0.311,0.076,0.016,0.049,0.008,6.774,1000,45505.0688708956,29469.7989238626,"wb"
"Italy","ITA",2021,"Western",0.788,0.301,0.075,0.024,0.084,0.039,6.602,1000,49825.3934111848,32267.7091050201,"wb"
"Italy","ITA",2022,"Western",0.726,0.285,0.048,0.01,0.146,0.036,6.332,1000,52333.3274270604,33891.8866526216,"wb"
"Italy","ITA",2023,"Western",0.744744744744745,0.297297297297297,0.106106106106106,0.0600600600600601,0.119119119119119,0.0510510510510511,6.48448448448448,1000,52842.6288831758,34221.7182928271,"wb"
"Jamaica","JAM",2006,"Latin America",0.654850746268657,0.236940298507463,0.117537313432836,0.0447761194029851,0.182835820895522,0.0205223880597015,6.21268656716418,543,10522.2367459591,5656.66803579988,"wb"
"Jamaica","JAM",2011,"Latin America",0.425661914460285,0.173116089613035,0.0896130346232179,0.0590631364562118,0.291242362525458,0.122199592668024,5.32790224032587,506,9932.48380946963,5339.62170188798,"wb"
"Jamaica","JAM",2013,"Latin America",0.455284552845528,0.266260162601626,0.199186991869919,0.152439024390244,0.260162601626016,0.134146341463415,5.69512195121951,504,9839.96506606095,5289.88438546111,"wb"
"Jamaica","JAM",2014,"Latin America",0.429735234215886,0.232179226069246,0.15071283095723,0.112016293279022,0.309572301425662,0.179226069246436,5.29938900203666,504,9872.15913752129,5307.19165380801,"wb"
"Jamaica","JAM",2017,"Latin America",0.516260162601626,0.229674796747967,0.154471544715447,0.128048780487805,0.209349593495935,0.0934959349593496,5.85162601626016,504,10391.0378224678,5586.1365723133,"wb"
"Jamaica","JAM",2019,"Latin America",0.583838383838384,0.387878787878788,0.276767676767677,0.24040404040404,0.171717171717172,0.105050505050505,6.3959595959596,501,10816.3720391154,5814.79275311692,"wb"
"Jamaica","JAM",2020,"Latin America",0.453629032258065,0.199596774193548,0.0967741935483871,0.0806451612903226,0.252016129032258,0.0967741935483871,5.53024193548387,502,9891.96932961548,5317.84145033966,"wb"
"Jamaica","JAM",2021,"Latin America",0.476767676767677,0.262626262626263,0.212121212121212,0.167676767676768,0.250505050505051,0.123232323232323,5.77171717171717,505,10430.6909771759,5607.45378253877,"wb"
"Jamaica","JAM",2022,"Latin America",0.497967479674797,0.276422764227642,0.207317073170732,0.186991869918699,0.274390243902439,0.158536585365854,5.68089430894309,500,11096.6377085321,5965.46127464873,"wb"
"Jordan","JOR",2006,"Asia",0.685598377281947,0.290060851926978,0.0862068965517241,0.0436105476673428,0.137931034482759,0.0588235294117647,6.29513184584178,1000,10834.8737267915,4596.56909353547,"wb"
"Jordan","JOR",2007,"Asia",0.534057255676209,0.182625863770977,0.0552813425468904,0.0306021717670286,0.25172754195459,0.0858835143139191,5.61599210266535,1016,11034.2922176813,4681.17006766931,"wb"
"Jordan","JOR",2008,"Asia",0.447864945382324,0.149950347567031,0.0516385302879841,0.0268123138033764,0.370407149950348,0.185700099304866,5.00794438927507,1007,11555.728825835,4902.38348073849,"wb"
"Jordan","JOR",2009,"Asia",0.64992541024366,0.201889607160617,0.0735952262555942,0.0283441074092491,0.157135753356539,0.0402784684236698,6.0795624067628,2016,11888.6617212582,5043.62638729303,"wb"
"Jordan","JOR",2010,"Asia",0.546188793538617,0.185764765270066,0.0726905603230692,0.0343260979303382,0.22766279656739,0.0943967693084301,5.66229177183241,2000,11942.572010796,5066.49720027725,"wb"
"Jordan","JOR",2011,"Asia",0.559619238476954,0.151803607214429,0.0405811623246493,0.0195390781563126,0.221442885771543,0.0911823647294589,5.61823647294589,2000,11988.4963110815,5085.98005025386,"wb"
"Jordan","JOR",2012,"Asia",0.44321608040201,0.103517587939698,0.0291457286432161,0.0170854271356784,0.28391959798995,0.115577889447236,5.14673366834171,2000,12104.1217423938,5135.0327939589,"wb"
"Jordan","JOR",2013,"Asia",0.458835341365462,0.200803212851406,0.0923694779116466,0.0542168674698795,0.293172690763052,0.13855421686747,5.34236947791165,1000,11804.1225335126,5007.76162067161,"wb"
"Jordan","JOR",2014,"Asia",0.43530591775326,0.19358074222668,0.100300902708124,0.0702106318956871,0.275827482447342,0.154463390170512,5.31193580742227,1000,11086.6905487513,4703.39944986815,"wb"
"Jordan","JOR",2015,"Asia",0.475951903807615,0.224448897795591,0.102204408817635,0.0661322645290581,0.251503006012024,0.117234468937876,5.53807615230461,1000,10469.6306302225,4441.61896013754,"wb"
"Jordan","JOR",2016,"Asia",0.423694779116466,0.190763052208835,0.11144578313253,0.0793172690763052,0.270080321285141,0.149598393574297,5.31024096385542,1000,10197.5044990617,4326.17261571505,"wb"
"Jordan","JOR",2017,"Asia",0.341658341658342,0.122877122877123,0.0689310689310689,0.044955044955045,0.351648351648352,0.173826173826174,4.81618381618382,1012,10220.492781193,4335.92512689541,"wb"
"Jordan","JOR",2018,"Asia",0.337,0.148,0.079,0.058,0.375,0.202,4.707,1002,10183.0248366235,4320.029787425,"wb"
"Jordan","JOR",2019,"Asia",0.327655310621242,0.142284569138277,0.0821643286573146,0.0721442885771543,0.407815631262525,0.258517034068136,4.47595190380762,1001,10168.3588523537,4313.80791426608,"wb"
"Jordan","JOR",2020,"Asia",0.283730158730159,0.110119047619048,0.0525793650793651,0.0327380952380952,0.438492063492063,0.257936507936508,4.30952380952381,1012,9872.3094512325,4188.21240095719,"wb"
"Jordan","JOR",2021,"Asia",0.29748743718593,0.121608040201005,0.0683417085427136,0.0542713567839196,0.437185929648241,0.272361809045226,4.30653266331658,1000,10056.5611261239,4266.3790298994,"wb"
"Jordan","JOR",2022,"Asia",0.294884653961886,0.132397191574724,0.0682046138415246,0.0571715145436309,0.447342026078235,0.294884653961886,4.23069207622869,1000,10158.4738771524,4309.61432856804,"wb"
"Jordan","JOR",2023,"Asia",0.283417085427136,0.118592964824121,0.0673366834170854,0.0613065326633166,0.468341708542714,0.284422110552764,4.2,1000,10308.7821986337,4373.38088482368,"wb"
"Japan","JPN",2006,"Asia",0.71285140562249,0.288152610441767,0.0853413654618474,0.0421686746987952,0.10140562248996,0.0230923694779116,6.4859437751004,1000,42358.9337348253,33880.6890093456,"wb"
"Japan","JPN",2007,"Asia",0.635335073977372,0.272410791993037,0.082680591818973,0.0478677110530896,0.144473455178416,0.0356832027850305,6.22628372497824,1150,43041.5697058021,34426.6937124867,"wb"
"Japan","JPN",2008,"Asia",0.567703109327984,0.213640922768305,0.0665329321297225,0.0381143430290873,0.178535606820461,0.0394516883985289,5.96021397525911,3000,42518.8423408417,34008.5915147362,"wb"
"Japan","JPN",2009,"Asia",0.618,0.191,0.049,0.023,0.163,0.031,5.979,1000,39999.9464203408,31993.8588053706,"wb"
"Japan","JPN",2010,"Asia",0.602204408817635,0.2625250501002,0.0831663326653307,0.0470941883767535,0.167334669338677,0.0450901803607214,6.10220440881764,1000,41647.0458542008,33311.2872381879,"wb"
"Japan","JPN",2011,"Asia",0.624624624624625,0.284284284284284,0.0830830830830831,0.0560560560560561,0.142142142142142,0.032032032032032,6.25025025025025,1000,41640.6608721251,33306.1802259719,"wb"
"Japan","JPN",2012,"Asia",0.588648920140633,0.210949271722752,0.0627825213460573,0.0406830738322451,0.177297840281266,0.0256152687091914,6.02109492717228,2000,42394.9433175064,33909.4911855243,"wb"
"Japan","JPN",2013,"Asia",0.537223340040241,0.195171026156942,0.0764587525150905,0.0432595573440644,0.197183098591549,0.045271629778672,5.85814889336016,1001,43304.1181931426,34636.6924746166,"wb"
"Japan","JPN",2014,"Asia",0.565195586760281,0.198094282848546,0.0536609829488465,0.0305917753259779,0.181043129388164,0.0351053159478435,5.9062186559679,2006,43754.438013293,34996.8796756631,"wb"
"Japan","JPN",2015,"Asia",0.580384226491405,0.211324570273003,0.0525783619817998,0.0303336703741153,0.175935288169869,0.0424671385237614,5.93731041456016,1003,44589.3032854003,35664.6446110613,"wb"
"Japan","JPN",2016,"Asia",0.580904522613065,0.201005025125628,0.0603015075376884,0.0351758793969849,0.182914572864322,0.0331658291457286,5.95175879396985,1003,44926.6202909525,35934.4467886662,"wb"
"Japan","JPN",2017,"Asia",0.550607287449393,0.184210526315789,0.062753036437247,0.0425101214574899,0.186234817813765,0.0465587044534413,5.84210526315789,1002,45693.3776080987,36547.7357437305,"wb"
"Japan","JPN",2018,"Asia",0.573573573573574,0.205205205205205,0.0580580580580581,0.035035035035035,0.187187187187187,0.038038038038038,5.9019019019019,1003,46133.0225978718,36899.3847079435,"wb"
"Japan","JPN",2019,"Asia",0.546168958742633,0.224950884086444,0.0697445972495088,0.0363457760314342,0.18467583497053,0.0343811394891945,5.94400785854617,1023,46055.3498672487,36837.2583653113,"wb"
"Japan","JPN",2020,"Asia",0.593688362919132,0.251479289940828,0.0818540433925049,0.0453648915187377,0.167652859960552,0.0256410256410256,6.12524654832347,1016,44212.5503415724,35363.2996951789,"wb"
"Japan","JPN",2021,"Asia",0.607960199004975,0.264676616915423,0.0895522388059701,0.0517412935323383,0.155223880597015,0.0378109452736318,6.16318407960199,1007,45999.4617966896,36792.556429474,"wb"
"Japan","JPN",2022,"Asia",0.621,0.276,0.108,0.061,0.157,0.028,6.238,1005,46819.360613609,37448.3504824849,"wb"
"Kazakhstan","KAZ",2006,"Asia",0.439439439439439,0.123123123123123,0.049049049049049,0.025025025025025,0.242242242242242,0.047047047047047,5.48648648648649,1000,22574.3429577665,7450.39687062615,"wb"
"Kazakhstan","KAZ",2007,"Asia",0.519153225806452,0.199596774193548,0.0655241935483871,0.0221774193548387,0.195564516129032,0.0231854838709677,5.85282258064516,1000,24351.3464102542,8036.87599811505,"wb"
"Kazakhstan","KAZ",2008,"Asia",0.502606882168926,0.198123044838373,0.0677789363920751,0.0302398331595412,0.21689259645464,0.0281543274244004,5.80396246089677,1000,24895.6645683245,8216.52181589585,"wb"
"Kazakhstan","KAZ",2009,"Asia",0.420512820512821,0.116923076923077,0.0441025641025641,0.0205128205128205,0.264615384615385,0.0328205128205128,5.4174358974359,1000,24901.3527260084,8218.39912556048,"wb"
"Kazakhstan","KAZ",2010,"Asia",0.406867845993757,0.154006243496358,0.0655567117585848,0.0208116545265349,0.278876170655567,0.0385015608740895,5.4630593132154,1000,26374.8407672795,8704.70655484556,"wb"
"Kazakhstan","KAZ",2011,"Asia",0.530737704918033,0.159836065573771,0.0614754098360656,0.0194672131147541,0.246926229508197,0.0245901639344262,5.74590163934426,1000,27946.1603432944,9223.3021336315,"wb"
"Kazakhstan","KAZ",2012,"Asia",0.470588235294118,0.189886480908153,0.106295149638803,0.0619195046439628,0.170278637770898,0.043343653250774,5.79979360165119,1000,28881.2417563728,9531.91477617058,"wb"
"Kazakhstan","KAZ",2013,"Asia",0.532586558044806,0.171079429735234,0.0784114052953157,0.044806517311609,0.174134419551935,0.0244399185336049,5.83604887983707,1000,30177.4887221736,9959.72586930534,"wb"
"Kazakhstan","KAZ",2014,"Asia",0.528032619775739,0.204892966360856,0.131498470948012,0.0754332313965341,0.214067278287462,0.035677879714577,5.93170234454638,1000,30986.4379168995,10226.7100539683,"wb"
"Kazakhstan","KAZ",2015,"Asia",0.508064516129032,0.203629032258065,0.10383064516129,0.0574596774193548,0.220766129032258,0.032258064516129,5.875,1000,30893.7594851041,10196.1226255982,"wb"
"Kazakhstan","KAZ",2016,"Asia",0.471910112359551,0.156281920326864,0.0735444330949949,0.0326864147088866,0.304392236976507,0.0653728294177732,5.48518896833504,1000,30758.3227260598,10151.423313302,"wb"
"Kazakhstan","KAZ",2017,"Asia",0.512024048096192,0.169338677354709,0.0761523046092184,0.0480961923847695,0.181362725450902,0.0110220440881764,5.91182364729459,1000,31524.4416339794,10404.2718646317,"wb"
"Kazakhstan","KAZ",2018,"Asia",0.545546558704453,0.217611336032389,0.100202429149798,0.062753036437247,0.171052631578947,0.0161943319838057,6.05769230769231,1000,32330.2274546567,10670.2120148279,"wb"
"Kazakhstan","KAZ",2019,"Asia",0.618732261116367,0.237464522232734,0.115421002838221,0.0785241248817408,0.15042573320719,0.0302743614001892,6.1759697256386,1080,33298.2123695035,10989.6840718388,"wb"
"Kazakhstan","KAZ",2020,"Asia",0.624242424242424,0.277777777777778,0.129292929292929,0.0828282828282828,0.175757575757576,0.0272727272727273,6.28383838383838,1000,32011.5491499004,10565.0359816235,"wb"
"Kazakhstan","KAZ",2021,"Asia",0.646700507614213,0.243654822335025,0.120812182741117,0.0903553299492386,0.138071065989848,0.0233502538071066,6.31370558375635,1000,32945.8515725823,10873.3915275276,"wb"
"Kazakhstan","KAZ",2022,"Asia",0.581581581581582,0.23023023023023,0.115115115115115,0.0720720720720721,0.2002002002002,0.022022022022022,6.1041041041041,1000,33506.2614893237,11058.3482413407,"wb"
"Kazakhstan","KAZ",2023,"Asia",0.643145161290323,0.251008064516129,0.129032258064516,0.092741935483871,0.123991935483871,0.0201612903225806,6.36088709677419,1000,34703.2349286604,11453.3952725363,"wb"
"Kenya","KEN",2006,"Africa",0.218218218218218,0.034034034034034,0.00700700700700701,0.005005005005005,0.498498498498498,0.132132132132132,4.36036036036036,1000,3970.73349887685,1263.54164666211,"wb"
"Kenya","KEN",2007,"Africa",0.251251251251251,0.034034034034034,0.013013013013013,0.00700700700700701,0.459459459459459,0.0960960960960961,4.58858858858859,1000,4116.45094720856,1309.91092948216,"wb"
"Kenya","KEN",2008,"Africa",0.10492700729927,0.0150547445255474,0.00775547445255474,0.00456204379562044,0.66286496350365,0.10720802919708,3.98631386861314,2200,4002.88364073792,1273.77226103073,"wb"
"Kenya","KEN",2009,"Africa",0.199199199199199,0.044044044044044,0.00700700700700701,0.001001001001001,0.570570570570571,0.147147147147147,4.25125125125125,1000,4012.19428382397,1276.73503486074,"wb"
"Kenya","KEN",2010,"Africa",0.168,0.031,0.02,0.008,0.547,0.115,4.281,1000,4211.52462957784,1340.16467408856,"wb"
"Kenya","KEN",2011,"Africa",0.257,0.053,0.012,0.003,0.511,0.115,4.467,1000,4307.10611556858,1370.58000874482,"wb"
"Kenya","KEN",2012,"Africa",0.288288288288288,0.043043043043043,0.011011011011011,0.00700700700700701,0.415415415415415,0.105105105105105,4.63563563563564,1000,4387.93790075409,1396.30178709756,"wb"
"Kenya","KEN",2013,"Africa",0.119433198380567,0.0182186234817814,0.00607287449392713,0.00404858299595142,0.684210526315789,0.199392712550607,3.81275303643725,1000,4443.371215682,1413.94142522583,"wb"
"Kenya","KEN",2014,"Africa",0.32064128256513,0.120240480961924,0.0761523046092184,0.062124248496994,0.367735470941884,0.125250501002004,4.94288577154309,1000,4558.55155266374,1450.59338202277,"wb"
"Kenya","KEN",2015,"Africa",0.222222222222222,0.0820820820820821,0.0510510510510511,0.029029029029029,0.500500500500501,0.157157157157157,4.41241241241241,1000,4679.62182831938,1489.11959777284,"wb"
"Kenya","KEN",2016,"Africa",0.256024096385542,0.105421686746988,0.0773092369477912,0.0602409638554217,0.44578313253012,0.200803212851406,4.49497991967872,1000,4770.31046388086,1517.97796057742,"wb"
"Kenya","KEN",2017,"Africa",0.279678068410463,0.116700201207243,0.0774647887323944,0.0674044265593561,0.437625754527163,0.204225352112676,4.58048289738431,1000,4846.86210851932,1542.33773973372,"wb"
"Kenya","KEN",2018,"Africa",0.295959595959596,0.146464646464646,0.096969696969697,0.0777777777777778,0.438383838383838,0.196969696969697,4.67272727272727,1000,5017.66784674664,1596.69045914945,"wb"
"Kenya","KEN",2019,"Africa",0.296859169199595,0.178318135764944,0.141843971631206,0.134751773049645,0.434650455927052,0.252279635258359,4.63525835866261,1001,5171.71264279257,1645.70961777862,"wb"
"Kenya","KEN",2020,"Africa",0.291832669322709,0.114541832669323,0.0796812749003984,0.0677290836653386,0.408366533864542,0.155378486055777,4.74701195219123,1008,5057.40115537429,1609.33414078281,"wb"
"Kenya","KEN",2021,"Africa",0.298492462311558,0.185929648241206,0.14572864321608,0.12964824120603,0.485427135678392,0.268341708542714,4.51256281407035,1000,5338.85243382781,1698.89578271444,"wb"
"Kenya","KEN",2022,"Africa",0.269346733668342,0.137688442211055,0.112562814070352,0.0964824120603015,0.49748743718593,0.212060301507538,4.48643216080402,1000,5491.69378280246,1747.53198804428,"wb"
"Kenya","KEN",2023,"Africa",0.299,0.164,0.137,0.121,0.409,0.243,4.633,1002,5691.82513474417,1811.21651838425,"wb"
"Kyrgyzstan","KGZ",2006,"Asia",0.222222222222222,0.047047047047047,0.017017017017017,0.013013013013013,0.423423423423423,0.105105105105105,4.57857857857858,1000,4240.17017797554,837.138026647346,"wb"
"Kyrgyzstan","KGZ",2007,"Asia",0.195367573011078,0.0352467270896274,0.0171198388721047,0.013091641490433,0.410876132930514,0.0694864048338369,4.58912386706949,1000,4558.71267894172,900.02796489729,"wb"
"Kyrgyzstan","KGZ",2008,"Asia",0.217303822937626,0.0573440643863179,0.017102615694165,0.0100603621730382,0.364185110663984,0.0875251509054326,4.68812877263581,1000,4894.9427801376,966.409971184817,"wb"
"Kyrgyzstan","KGZ",2009,"Asia",0.271084337349398,0.0592369477911647,0.0331325301204819,0.0281124497991968,0.303212851405622,0.0612449799196787,4.95381526104418,1000,4969.96132720374,981.220904665529,"wb"
"Kyrgyzstan","KGZ",2010,"Asia",0.269076305220884,0.071285140562249,0.0271084337349398,0.00803212851405622,0.282128514056225,0.0542168674698795,5.02911646586345,1000,4876.47964886483,962.764789828724,"wb"
"Kyrgyzstan","KGZ",2011,"Asia",0.25929648241206,0.0512562814070352,0.0130653266331658,0.00603015075376884,0.342713567839196,0.0472361809045226,4.87236180904523,1000,5092.85165751678,1005.4831781815,"wb"
"Kyrgyzstan","KGZ",2012,"Asia",0.321608040201005,0.0804020100502513,0.0331658291457286,0.0201005025125628,0.265326633165829,0.0402010050251256,5.16281407035176,1000,4993.39431683528,985.8472865972,"wb"
"Kyrgyzstan","KGZ",2013,"Asia",0.384215991692627,0.104880581516096,0.0560747663551402,0.0363447559709242,0.223260643821391,0.0404984423676012,5.37590861889927,1000,5418.54061993935,1069.78404438716,"wb"
"Kyrgyzstan","KGZ",2014,"Asia",0.374619289340102,0.143147208121827,0.083248730964467,0.0487309644670051,0.311675126903553,0.0751269035532995,5.28629441624365,1000,5513.7544695252,1088.58214229508,"wb"
"Kyrgyzstan","KGZ",2015,"Asia",0.27098078867543,0.0930232558139535,0.0505561172901921,0.0232558139534884,0.445904954499494,0.0677451971688574,4.88675429726997,1000,5600.2143342846,1105.65193844261,"wb"
"Kyrgyzstan","KGZ",2016,"Asia",0.285427135678392,0.0894472361809045,0.0562814070351759,0.0221105527638191,0.417085427135678,0.0804020100502513,4.88743718592965,1000,5715.01041179003,1128.3161612818,"wb"
"Kyrgyzstan","KGZ",2017,"Asia",0.362449799196787,0.14859437751004,0.0933734939759036,0.0753012048192771,0.204819277108434,0.0401606425702811,5.54819277108434,1000,5861.22200040503,1157.18275758067,"wb"
"Kyrgyzstan","KGZ",2018,"Asia",0.294597349643221,0.109072375127421,0.0682976554536188,0.0499490316004077,0.237512742099898,0.0519877675840979,5.25891946992864,1000,5951.82876758606,1175.0712778747,"wb"
"Kyrgyzstan","KGZ",2019,"Asia",0.380188679245283,0.180188679245283,0.122641509433962,0.10188679245283,0.191509433962264,0.0452830188679245,5.67264150943396,1080,6087.60193826927,1201.87701429721,"wb"
"Kyrgyzstan","KGZ",2020,"Asia",0.494939271255061,0.267206477732794,0.174089068825911,0.145748987854251,0.139676113360324,0.0323886639676113,6.20748987854251,1000,5537.79547319377,1093.32856461422,"wb"
"Kyrgyzstan","KGZ",2021,"Asia",0.355421686746988,0.144578313253012,0.0943775100401606,0.0813253012048193,0.20281124497992,0.03714859437751,5.535140562249,1001,5736.47883415154,1132.5546781282,"wb"
"Kyrgyzstan","KGZ",2022,"Asia",0.416,0.152,0.085,0.07,0.194,0.041,5.618,1000,6139.77788825006,1212.17812721768,"wb"
"Kyrgyzstan","KGZ",2023,"Asia",0.444779116465863,0.17570281124498,0.0963855421686747,0.0763052208835341,0.154618473895582,0.0301204819277108,5.80923694779116,1000,6575.77541290499,1298.25724482211,"wb"
"Cambodia","KHM",2006,"Asia",0.066,0.011,0.003,0.001,0.595,0.29,3.63,1000,3041.10471220153,947.065220050691,"wb"
"Cambodia","KHM",2007,"Asia",0.0870870870870871,0.00800800800800801,0.005005005005005,0.002002002002002,0.520520520520521,0.0750750750750751,4.24124124124124,1000,3308.15747246544,1030.23117620792,"wb"
"Cambodia","KHM",2008,"Asia",0.134842519685039,0.0177165354330709,0.00393700787401575,0.00393700787401575,0.368110236220472,0.0974409448818898,4.47637795275591,1024,3501.9257021932,1090.57475806147,"wb"
"Cambodia","KHM",2009,"Asia",0.084,0.011,0.003,0.001,0.544,0.121,4.101,1000,3587.60889588362,1117.25834194514,"wb"
"Cambodia","KHM",2010,"Asia",0.096,0.011,0.002,0.002,0.465,0.138,4.165,1000,3711.53750580157,1155.85236856699,"wb"
"Cambodia","KHM",2011,"Asia",0.087,0.006,0.003,0,0.499,0.11,4.162,1000,3921.97911563308,1221.38839852454,"wb"
"Cambodia","KHM",2012,"Asia",0.0993975903614458,0.0190763052208835,0.0100401606425703,0.00502008032128514,0.504016064257028,0.225903614457831,3.9718875502008,1000,4159.16354123446,1295.25271477893,"wb"
"Cambodia","KHM",2013,"Asia",0.106815869786368,0.0274669379450661,0.0152594099694812,0.00712105798575788,0.53204476093591,0.295015259409969,3.69786368260427,1000,4419.3988680186,1376.29557595926,"wb"
"Cambodia","KHM",2014,"Asia",0.191725529767911,0.0887991927346115,0.065590312815338,0.041372351160444,0.507568113017154,0.285570131180626,4.02320887991927,1000,4702.73061823207,1464.53115866927,"wb"
"Cambodia","KHM",2015,"Asia",0.187817258883249,0.0893401015228426,0.0609137055837563,0.0304568527918782,0.483248730964467,0.286294416243655,4.07106598984772,1000,4968.57276699143,1547.32010444393,"wb"
"Cambodia","KHM",2016,"Asia",0.241273100616016,0.130390143737166,0.0913757700205339,0.0574948665297741,0.452772073921971,0.245379876796715,4.39219712525667,1000,5283.72964943779,1645.46671578126,"wb"
"Cambodia","KHM",2017,"Asia",0.243068987749839,0.137975499677627,0.104448742746615,0.0786589297227595,0.46615087040619,0.26434558349452,4.40103159252095,1600,5632.03125629342,1753.93530504662,"wb"
"Cambodia","KHM",2018,"Asia",0.32135523613963,0.213552361396304,0.180698151950719,0.134496919917864,0.379876796714579,0.228952772073922,4.98665297741273,1000,6050.59088262205,1884.28374817086,"wb"
"Cambodia","KHM",2019,"Asia",0.316017316017316,0.20021645021645,0.166666666666667,0.125541125541126,0.406926406926407,0.242424242424242,4.86255411255411,1000,6448.88455952805,2008.32094006706,"wb"
"Cambodia","KHM",2020,"Asia",0.253024193548387,0.0776209677419355,0.0423387096774194,0.0231854838709677,0.342741935483871,0.120967741935484,4.75907258064516,1002,6128.78243783335,1908.63427518336,"wb"
"Cambodia","KHM",2021,"Asia",0.200850159404888,0.106269925611052,0.079702444208289,0.0467587672688629,0.42933049946865,0.234856535600425,4.34112646121148,1000,6225.53265474741,1938.76436741728,"wb"
"Cambodia","KHM",2022,"Asia",0.170454545454545,0.0774793388429752,0.0454545454545455,0.0278925619834711,0.478305785123967,0.272727272727273,4.03512396694215,1000,6458.3681488084,2011.27433313262,"wb"
"Cambodia","KHM",2023,"Asia",0.197979797979798,0.102020202020202,0.0767676767676768,0.0454545454545455,0.492929292929293,0.304040404040404,4.05050505050505,1000,6695.29194763723,2085.05748462122,"wb"
"South Korea","KOR",2006,"Asia",0.52157943067034,0.196510560146924,0.0725436179981635,0.0376492194674013,0.218549127640037,0.0716253443526171,5.68227731864096,1100,34429.6222013137,23162.1860111297,"wb"
"South Korea","KOR",2007,"Asia",0.512145748987854,0.201417004048583,0.0587044534412955,0.0283400809716599,0.214574898785425,0.0688259109311741,5.68218623481781,1000,36257.3401689702,24391.7651013448,"wb"
"South Korea","KOR",2008,"Asia",0.5,0.168008048289738,0.0472837022132797,0.0211267605633803,0.237424547283702,0.0653923541247485,5.57243460764588,1000,37064.1518484106,24934.5396367691,"wb"
"South Korea","KOR",2009,"Asia",0.534218590398366,0.179775280898876,0.0612870275791624,0.0357507660878447,0.226762002042901,0.059244126659857,5.70888661899898,1000,37176.1939270969,25009.9148311999,"wb"
"South Korea","KOR",2010,"Asia",0.57172342621259,0.222910216718266,0.0753353973168215,0.0454076367389061,0.185758513931889,0.0567595459236326,5.91950464396285,1000,39574.0500732947,26623.0487122927,"wb"
"South Korea","KOR",2011,"Asia",0.826883910386965,0.453156822810591,0.24949083503055,0.0987780040733198,0.120162932790224,0.0468431771894094,6.92769857433809,1001,40719.2273771671,27393.455357272,"wb"
"South Korea","KOR",2012,"Asia",0.568308786185881,0.235144743524632,0.079735906551549,0.0406297613001524,0.186389029964449,0.0619603859827324,5.92026409344845,2000,41537.6728611117,27944.0564190045,"wb"
"South Korea","KOR",2013,"Asia",0.543589743589744,0.227692307692308,0.0851282051282051,0.0461538461538462,0.18974358974359,0.0748717948717949,5.83179487179487,1000,42709.9751857887,28732.711152033,"wb"
"South Korea","KOR",2014,"Asia",0.521363173957274,0.226856561546287,0.0818921668362157,0.0498474059003052,0.222278738555443,0.0722278738555443,5.75839267548321,2000,43806.9250985661,29470.6732991655,"wb"
"South Korea","KOR",2015,"Asia",0.520283975659229,0.202839756592292,0.0689655172413793,0.039553752535497,0.224137931034483,0.063894523326572,5.7393509127789,1000,44849.106767089,30171.7906545222,"wb"
"South Korea","KOR",2016,"Asia",0.536980749746707,0.21580547112462,0.0901722391084093,0.0577507598784195,0.211752786220871,0.0648429584599797,5.84599797365755,1000,46088.2430785383,31005.4072876388,"wb"
"South Korea","KOR",2017,"Asia",0.547474747474747,0.214141414141414,0.0787878787878788,0.0373737373737374,0.204040404040404,0.0545454545454545,5.84646464646465,1000,47536.7898568851,31979.9027302467,"wb"
"South Korea","KOR",2018,"Asia",0.527472527472527,0.204795204795205,0.0659340659340659,0.041958041958042,0.208791208791209,0.0639360639360639,5.75724275724276,1015,48834.4471157733,32852.8887488942,"wb"
"South Korea","KOR",2019,"Asia",0.523290386521308,0.203171456888008,0.0773042616451933,0.043607532210109,0.20812685827552,0.0634291377601586,5.7581764122894,1016,49790.8679884821,33496.3113815643,"wb"
"South Korea","KOR",2020,"Asia",0.511534603811434,0.197592778335005,0.0581745235707121,0.0290872617853561,0.235707121364092,0.0551654964894684,5.68505516549649,1005,49374.0926148025,33215.9298928108,"wb"
"South Korea","KOR",2021,"Asia",0.591137965760322,0.241691842900302,0.0845921450151057,0.0372608257804632,0.175226586102719,0.0463242698892246,6.00201409869084,1001,51718.2518656631,34792.9397214598,"wb"
"South Korea","KOR",2022,"Asia",0.555,0.24,0.102,0.06,0.198,0.058,5.945,1010,53228.6035655365,35809.0138105144,"wb"
"South Korea","KOR",2023,"Asia",0.58391959798995,0.232160804020101,0.0864321608040201,0.0512562814070352,0.18391959798995,0.0663316582914573,5.95979899497487,1003,54029.3434990785,36347.7036392553,"wb"
"Kuwait","KWT",2006,"Asia",0.647422680412371,0.176288659793814,0.0639175257731959,0.0175257731958763,0.125773195876289,0.0216494845360825,6.0340206185567,1000,79521.3484338455,41137.969927672,"wb"
"Kuwait","KWT",2009,"Asia",0.783743100852985,0.269944806823884,0.0832915203211239,0.0180632212744606,0.078273958855996,0.0230807827395886,6.59959859508279,2002,67896.2680451995,35124.0853941026,"wb"
"Kuwait","KWT",2010,"Asia",0.8155,0.3135,0.1145,0.023,0.072,0.0065,6.771,2004,62956.2152904125,32568.4981754501,"wb"
"Kuwait","KWT",2011,"Asia",0.753768844221106,0.239195979899497,0.0834170854271357,0.0266331658291457,0.0623115577889447,0.00954773869346734,6.49145728643216,2000,64844.5019019408,33545.346271839,"wb"
"Kuwait","KWT",2012,"Asia",0.640922768304915,0.215646940822467,0.0892678034102307,0.0270812437311936,0.0842527582748245,0.00902708124373119,6.24473420260782,1000,64908.262639237,33578.3309651964,"wb"
"Kuwait","KWT",2013,"Asia",0.686507936507937,0.33234126984127,0.153769841269841,0.104166666666667,0.113095238095238,0.0367063492063492,6.58035714285714,1008,62458.8089221249,32311.1800008536,"wb"
"Kuwait","KWT",2014,"Asia",0.588413098236776,0.257934508816121,0.130982367758186,0.089168765743073,0.168261964735516,0.0745591939546599,6.07657430730479,2013,60065.6544076232,31073.1537300624,"wb"
"Kuwait","KWT",2015,"Asia",0.558943089430894,0.265243902439024,0.13109756097561,0.0934959349593496,0.16869918699187,0.0884146341463415,5.98780487804878,1000,57763.5174574395,29882.2126495698,"wb"
"Kuwait","KWT",2016,"Asia",0.556117290192113,0.249747219413549,0.132457027300303,0.0940343781597573,0.163801820020222,0.0717896865520728,6.0262891809909,1000,56936.620842726,29454.4426388829,"wb"
"Kuwait","KWT",2017,"Asia",0.577079107505071,0.278904665314402,0.148073022312373,0.113590263691684,0.154158215010142,0.0669371196754564,6.17444219066937,1000,52285.5871175696,27048.3706935958,"wb"
"Kuwait","KWT",2018,"Asia",0.579533941236069,0.292806484295846,0.162107396149949,0.106382978723404,0.198581560283688,0.0982776089159068,6.05977710233029,1000,51623.8078622052,26706.0191660864,"wb"
"Kuwait","KWT",2019,"Asia",0.587128712871287,0.277227722772277,0.146534653465347,0.106930693069307,0.192079207920792,0.0861386138613861,6.05148514851485,1023,51380.6455354631,26580.2264741607,"wb"
"Kuwait","KWT",2022,"Asia",0.738601823708207,0.332320162107396,0.181357649442756,0.112462006079027,0.0972644376899696,0.0293819655521783,6.70212765957447,1004,51379.8833194119,26579.8321646876,"wb"
"Kuwait","KWT",2023,"Asia",0.752336448598131,0.405607476635514,0.248598130841122,0.165420560747664,0.0906542056074766,0.00747663551401869,7.04953271028037,1071,47790.1933239144,24722.8143701857,"wb"
"Laos","LAO",2006,"Asia",0.258517034068136,0.00801603206412826,0,0,0.158316633266533,0.00701402805611222,5.1122244488978,1001,3881.53736632657,1228.08927619923,"wb"
"Laos","LAO",2007,"Asia",0.410696266397578,0.0252270433905146,0.00403632694248234,0.00100908173562059,0.176589303733602,0.0151362260343088,5.32694248234107,1000,4112.25301659759,1301.08597549864,"wb"
"Laos","LAO",2008,"Asia",0.258,0.02,0.005,0,0.214,0.017,5.021,1000,4367.162880257,1381.73754223953,"wb"
"Laos","LAO",2011,"Asia",0.104,0.009,0.003,0.001,0.218,0.026,4.793,1000,5266.87866924206,1666.40086189871,"wb"
"Laos","LAO",2012,"Asia",0.255047821466525,0.0595111583421892,0.0276301806588735,0.0170031880977683,0.280552603613177,0.0786397449521785,4.90967056323061,1000,5608.96956337059,1774.63585203672,"wb"
"Laos","LAO",2017,"Asia",0.209876543209877,0.0802469135802469,0.0320987654320988,0.0234567901234568,0.35679012345679,0.109876543209877,4.71481481481482,1000,7432.4596330485,2351.57441747595,"wb"
"Laos","LAO",2018,"Asia",0.25187265917603,0.108614232209738,0.0589887640449438,0.0402621722846442,0.330524344569288,0.148408239700375,4.78043071161049,2504,7775.08574451883,2459.97874636195,"wb"
"Laos","LAO",2019,"Asia",0.333333333333333,0.16548463356974,0.0969267139479905,0.0650118203309693,0.319148936170213,0.144208037825059,5.05437352245863,1070,8075.27502377003,2554.95638019245,"wb"
"Laos","LAO",2020,"Asia",0.40997830802603,0.163774403470716,0.0715835140997831,0.0433839479392625,0.238611713665944,0.106290672451193,5.38286334056399,1000,7995.59502527818,2529.74622698761,"wb"
"Laos","LAO",2021,"Asia",0.272727272727273,0.155502392344498,0.0873205741626794,0.0645933014354067,0.309808612440191,0.149521531100478,4.94497607655502,1000,8080.43553249923,2556.58912640405,"wb"
"Laos","LAO",2022,"Asia",0.332560834298957,0.162224797219003,0.0903823870220162,0.0590961761297798,0.302433371958285,0.137891077636153,5.08806488991889,1000,8183.03286472653,2589.05015191628,"wb"
"Lebanon","LBN",2006,"Asia",0.493454179254783,0.168177240684794,0.0825780463242699,0.0503524672708963,0.274924471299094,0.103726082578046,5.50251762336354,996,13003.680803908,6696.37428200596,"wb"
"Lebanon","LBN",2007,"Asia",0.334,0.109,0.048,0.03,0.409,0.212,4.619,1000,13941.5614244767,7179.34520092306,"wb"
"Lebanon","LBN",2008,"Asia",0.366366366366366,0.117117117117117,0.049049049049049,0.027027027027027,0.384384384384384,0.198198198198198,4.69369369369369,1000,14955.1413563252,7701.29823027979,"wb"
"Lebanon","LBN",2009,"Asia",0.457457457457457,0.153653653653654,0.0655655655655656,0.044044044044044,0.272772772772773,0.116116116116116,5.32632632632633,2010,16264.3506182706,8375.48851252821,"wb"
"Lebanon","LBN",2010,"Asia",0.436480474542758,0.129510627780524,0.0563519525457242,0.0311418685121107,0.292634700939199,0.133465150766189,5.15373208106772,2027,17390.7584012958,8955.54336184707,"wb"
"Lebanon","LBN",2011,"Asia",0.440897755610973,0.134663341645885,0.0543640897755611,0.0324189526184539,0.288778054862843,0.104239401496259,5.27182044887781,2007,17353.1960845294,8936.20027462737,"wb"
"Lebanon","LBN",2012,"Asia",0.352238805970149,0.091044776119403,0.0333333333333333,0.0169154228855721,0.391044776119403,0.181592039800995,4.6592039800995,2013,17323.3013764282,8920.8056984673,"wb"
"Lebanon","LBN",2013,"Asia",0.460381143430291,0.127382146439318,0.0481444332998997,0.0260782347041123,0.318956870611836,0.13741223671013,5.10832497492477,1000,16396.4969302163,8443.53856528784,"wb"
"Lebanon","LBN",2014,"Asia",0.462387161484453,0.146439317953862,0.0641925777331996,0.033099297893681,0.281845536609829,0.109327983951856,5.29689067201605,1000,15205.873265402,7830.4151113336,"wb"
"Lebanon","LBN",2015,"Asia",0.482965931863727,0.123246492985972,0.0390781563126252,0.0230460921843687,0.294589178356713,0.0961923847695391,5.2875751503006,1000,14980.020515614,7714.1099998804,"wb"
"Lebanon","LBN",2016,"Asia",0.477477477477477,0.146146146146146,0.0580580580580581,0.024024024024024,0.278278278278278,0.104104104104104,5.34634634634635,1000,15572.3611739774,8019.1416913426,"wb"
"Lebanon","LBN",2017,"Asia",0.43,0.107,0.033,0.01,0.297,0.11,5.171,1000,16128.5838196051,8305.57405425721,"wb"
"Lebanon","LBN",2018,"Asia",0.458375125376128,0.109327983951856,0.0391173520561685,0.0290872617853561,0.297893681043129,0.109327983951856,5.17051153460381,1000,16290.0516478592,8388.7235123835,"wb"
"Lebanon","LBN",2019,"Asia",0.227884615384615,0.0326923076923077,0.00769230769230769,0.00288461538461538,0.551923076923077,0.226923076923077,4.0125,1040,15659.5661040012,8064.04873416236,"wb"
"Lebanon","LBN",2020,"Asia",0.104007633587786,0.025763358778626,0.0143129770992366,0.0104961832061069,0.716603053435115,0.46469465648855,2.8263358778626,1050,12507.4366368078,6440.82843092922,"wb"
"Lebanon","LBN",2021,"Asia",0.0902708124373119,0.0300902708124373,0.0160481444332999,0.0130391173520562,0.791374122367101,0.599799398194584,2.24674022066199,1000,11599.7755083765,5973.41933892988,"wb"
"Lebanon","LBN",2022,"Asia",0.095190380761523,0.0160320641282565,0.00200400801603206,0.00100200400801603,0.813627254509018,0.502004008016032,2.46793587174349,1000,11474.7505845558,5909.03651555028,"wb"
"Lebanon","LBN",2023,"Asia",0.200400801603206,0.0270541082164329,0.00801603206412826,0.00501002004008016,0.632264529058116,0.317635270541082,3.53907815631263,1000,11330.2687387422,5834.63415739394,"wb"
"Liberia","LBR",2007,"Africa",0.126379137412237,0.0300902708124373,0.0150451354062187,0.0110330992978937,0.679037111334002,0.218655967903711,3.79438314944835,1000,1422.10019670004,574.609394348543,"wb"
"Liberia","LBR",2008,"Africa",0.216432865731463,0.0190380761523046,0.00400801603206413,0,0.525050100200401,0.100200400801603,4.40180360721443,1000,1463.12408187297,591.185378141907,"wb"
"Liberia","LBR",2010,"Africa",0.251,0.055,0.024,0.002,0.55,0.108,4.475,1000,1538.85083488512,621.783295071575,"wb"
"Liberia","LBR",2014,"Africa",0.383001049317943,0.198321091290661,0.120671563483736,0.0661070304302204,0.502623294858342,0.270724029380902,4.61175236096537,1000,1750.1438489328,707.157694930142,"wb"
"Liberia","LBR",2015,"Africa",0.139653414882773,0.0744138634046891,0.0499490316004077,0.0346585117227319,0.707441386340469,0.535168195718654,2.76758409785933,1000,1714.09047960464,692.590082351257,"wb"
"Liberia","LBR",2016,"Africa",0.186915887850467,0.0820353063343718,0.0571131879543094,0.0404984423676012,0.669781931464174,0.421599169262721,3.42263759086189,1000,1653.31050211233,668.031513175601,"wb"
"Liberia","LBR",2017,"Africa",0.325865580448065,0.209775967413442,0.158859470468432,0.137474541751527,0.504073319755601,0.380855397148676,4.27596741344195,1000,1661.30290782171,671.260899835355,"wb"
"Liberia","LBR",2018,"Africa",0.338430173292559,0.258919469928644,0.221202854230377,0.195718654434251,0.586136595310907,0.437308868501529,4.21508664627931,1000,1647.97443793846,665.875439637137,"wb"
"Liberia","LBR",2019,"Africa",0.458932238193018,0.385010266940452,0.344969199178645,0.306981519507187,0.445585215605749,0.35523613963039,5.20636550308008,1000,1575.76665001238,636.699384824869,"wb"
"Liberia","LBR",2022,"Africa",0.343718592964824,0.273366834170854,0.236180904522613,0.202010050251256,0.580904522613065,0.477386934673367,4.08241206030151,1001,1578.99837069175,638.005183858289,"wb"
"Liberia","LBR",2023,"Africa",0.394,0.308,0.278,0.256,0.52,0.427,4.528,1000,1616.92373356695,653.329188343162,"wb"
"Libya","LBY",2012,"Africa",0.474899598393574,0.221887550200803,0.120481927710843,0.0843373493975904,0.221887550200803,0.0773092369477912,5.74899598393574,1002,20601.0026641,12599.258882136,"wb"
"Libya","LBY",2015,"Africa",0.45937813440321,0.22567703109328,0.123370110330993,0.0912738214643932,0.244734202607823,0.117352056168506,5.56369107321966,1006,12195.3486990421,7458.48917756374,"wb"
"Libya","LBY",2016,"Africa",0.448170731707317,0.233739837398374,0.117886178861789,0.0802845528455285,0.270325203252033,0.132113821138211,5.44512195121951,1001,11831.8257669559,7236.16409923502,"wb"
"Libya","LBY",2017,"Africa",0.480923694779116,0.221887550200803,0.11144578313253,0.072289156626506,0.257028112449799,0.108433734939759,5.58734939759036,1007,15428.1164411854,9435.60060040046,"wb"
"Libya","LBY",2018,"Africa",0.487309644670051,0.208121827411168,0.104568527918782,0.0720812182741117,0.23248730964467,0.099492385786802,5.61928934010152,1004,16385.164476127,10020.9165751361,"wb"
"Libya","LBY",2019,"Africa",0.471275559883155,0.205452775073028,0.111002921129503,0.0759493670886076,0.248296007789679,0.10126582278481,5.55404089581305,1040,14337.1962987582,8768.4104874586,"wb"
"Libya","LBY",2022,"Africa",0.536144578313253,0.23995983935743,0.126506024096386,0.0793172690763052,0.201807228915663,0.0933734939759036,5.83935742971888,1000,11450.0598552928,7002.68189296358,"wb"
"Libya","LBY",2023,"Africa",0.579466929911155,0.268509378084896,0.139190523198421,0.0671273445212241,0.220138203356367,0.0809476801579467,5.98025666337611,1016,12476.5974944083,7630.49664928174,"wb"
"Sri Lanka","LKA",2006,"Asia",0.204081632653061,0.0534499514091351,0.010689990281827,0.00194363459669582,0.501457725947522,0.154518950437318,4.34402332361516,1033,7970.6649101939,2426.34872826822,"wb"
"Sri Lanka","LKA",2007,"Asia",0.249240121580547,0.0425531914893617,0.00911854103343465,0.00709219858156028,0.396149949341439,0.117527862208713,4.59270516717325,1000,8454.20675331505,2573.54361719411,"wb"
"Sri Lanka","LKA",2008,"Asia",0.248241206030151,0.0633165829145729,0.0201005025125628,0.00603015075376884,0.377889447236181,0.105527638190955,4.70251256281407,1000,8897.82686005016,2708.58593724377,"wb"
"Sri Lanka","LKA",2009,"Asia",0.218844984802432,0.0790273556231003,0.0283687943262411,0.0162107396149949,0.447821681864235,0.155015197568389,4.49341438703141,1000,9156.31906481264,2787.27350463737,"wb"
"Sri Lanka","LKA",2010,"Asia",0.150738916256158,0.0334975369458128,0.012807881773399,0.00985221674876847,0.500492610837438,0.195073891625616,4.14581280788177,1030,9832.18622335265,2993.01410960302,"wb"
"Sri Lanka","LKA",2011,"Asia",0.163983903420523,0.0462776659959759,0.0211267605633803,0.0150905432595573,0.501006036217304,0.168008048289738,4.25050301810865,1000,10618.4925999722,3232.37349786435,"wb"
"Sri Lanka","LKA",2012,"Asia",0.188405797101449,0.0504747626186907,0.0219890054972514,0.0154922538730635,0.457771114442779,0.133433283358321,4.41179410294853,2031,11447.6937737782,3484.79048392653,"wb"
"Sri Lanka","LKA",2013,"Asia",0.216617210682493,0.0454995054401583,0.0128585558852621,0.00989119683481701,0.397626112759644,0.138476755687438,4.51632047477745,1030,12249.7223347846,3728.93585962083,"wb"
"Sri Lanka","LKA",2014,"Asia",0.221052631578947,0.0708133971291866,0.0334928229665072,0.0181818181818182,0.431578947368421,0.136842105263158,4.51674641148325,1062,12909.9663068113,3929.92061307909,"wb"
"Sri Lanka","LKA",2015,"Asia",0.254752851711027,0.111216730038023,0.0579847908745247,0.0304182509505703,0.425855513307985,0.153041825095057,4.67110266159696,1062,13329.779343882,4057.71582716521,"wb"
"Sri Lanka","LKA",2017,"Asia",0.224929709465792,0.0834114339268978,0.028116213683224,0.0196813495782568,0.4058106841612,0.17244611059044,4.47516401124649,1104,14572.4858214616,4436.00789131029,"wb"
"Sri Lanka","LKA",2018,"Asia",0.235892691951896,0.0860314523589269,0.0453283996299722,0.0342275670675301,0.425531914893617,0.182238667900092,4.45698427382054,1109,14759.8248945226,4493.03574617534,"wb"
"Sri Lanka","LKA",2019,"Asia",0.247879359095193,0.0904806786050895,0.0480678605089538,0.0311027332704995,0.416588124410933,0.221489161168709,4.37983034872762,1083,14637.4442912676,4455.78188788143,"wb"
"Sri Lanka","LKA",2020,"Asia",0.285714285714286,0.0945674044265594,0.0523138832997988,0.0402414486921529,0.353118712273642,0.112676056338028,4.87122736418511,1000,13886.6513728689,4227.23314530167,"wb"
"Sri Lanka","LKA",2021,"Asia",0.235943775100402,0.0763052208835341,0.0471887550200803,0.036144578313253,0.40863453815261,0.17570281124498,4.47590361445783,1005,14316.1352225567,4357.97224978578,"wb"
"Sri Lanka","LKA",2022,"Asia",0.20871327254306,0.0932117527862209,0.0506585612968592,0.033434650455927,0.520770010131712,0.298885511651469,3.9290780141844,1000,13249.0650505201,4033.14560306744,"wb"
"Lesotho","LSO",2011,"Africa",0.370741482965932,0.185370741482966,0.113226452905812,0.0761523046092184,0.463927855711423,0.180360721442886,4.94488977955912,1000,2749.31958166573,1031.99721564343,"wb"
"Lesotho","LSO",2016,"Africa",0.224924012158055,0.129685916919959,0.0911854103343465,0.0759878419452888,0.552178318135765,0.403242147922999,3.7467071935157,1000,3057.26091568162,1147.58748801671,"wb"
"Lesotho","LSO",2017,"Africa",0.206465067778936,0.112617309697602,0.0834202294056309,0.0625651720542232,0.588112617309698,0.366006256517205,3.75286757038582,1000,2924.68096193272,1097.82166812752,"wb"
"Lesotho","LSO",2019,"Africa",0.216271884654995,0.118434603501545,0.0916580844490216,0.0751802265705458,0.558187435633368,0.401647785787848,3.64366632337796,1000,2773.28639887236,1040.99351014117,"wb"
"Lesotho","LSO",2022,"Africa",0.208040201005025,0.136683417085427,0.112562814070352,0.0984924623115578,0.618090452261307,0.448241206030151,3.46130653266332,1010,2577.54544127769,967.51928598325,"wb"
"Lithuania","LTU",2006,"Eastern Europe",0.604417670682731,0.215863453815261,0.0471887550200803,0.00803212851405622,0.209839357429719,0.035140562248996,5.93273092369478,1015,26139.2837773621,10577.2145522871,"wb"
"Lithuania","LTU",2007,"Eastern Europe",0.681678607983623,0.183213920163767,0.0491299897645855,0.0143295803480041,0.316274309109519,0.0542476970317298,5.80655066530194,1007,29381.9521464971,11889.3545234657,"wb"
"Lithuania","LTU",2008,"Eastern Europe",0.5,0.152,0.04,0.014,0.276,0.074,5.484,506,30457.3682543436,12324.5197331387,"wb"
"Lithuania","LTU",2009,"Eastern Europe",0.492929292929293,0.193939393939394,0.0686868686868687,0.0323232323232323,0.345454545454545,0.096969696969697,5.40808080808081,500,26227.5230201039,10612.9204044582,"wb"
"Lithuania","LTU",2010,"Eastern Europe",0.414432989690722,0.11340206185567,0.0268041237113402,0.011340206185567,0.361855670103093,0.1,5.07319587628866,1001,26897.7243702338,10884.1161852582,"wb"
"Lithuania","LTU",2011,"Eastern Europe",0.471428571428571,0.120408163265306,0.0336734693877551,0.0163265306122449,0.309183673469388,0.0602040816326531,5.39081632653061,1000,29251.8774718539,11836.7200384033,"wb"
"Lithuania","LTU",2012,"Eastern Europe",0.57548125633232,0.186423505572442,0.0506585612968592,0.0101317122593718,0.252279635258359,0.0476190476190476,5.74569402228977,1000,30932.0983180261,12516.6184065667,"wb"
"Lithuania","LTU",2013,"Eastern Europe",0.50880829015544,0.139896373056995,0.0352331606217617,0.00829015544041451,0.26839378238342,0.0424870466321244,5.55336787564767,1000,32487.0008217277,13145.8069309969,"wb"
"Lithuania","LTU",2014,"Eastern Europe",0.656122448979592,0.255102040816327,0.0744897959183674,0.0255102040816327,0.179591836734694,0.0244897959183673,6.19183673469388,1000,33988.0148951198,13753.1895982305,"wb"
"Lithuania","LTU",2015,"Eastern Europe",0.568788501026694,0.171457905544148,0.0698151950718686,0.0256673511293634,0.229979466119097,0.0410677618069815,5.80800821355236,1000,35264.7149248316,14269.8039878287,"wb"
"Lithuania","LTU",2016,"Eastern Europe",0.615305067218201,0.210961737331955,0.0713547052740434,0.0217166494312306,0.213029989658738,0.0361944157187177,5.9358841778697,1000,36632.0832798438,14823.107153522,"wb"
"Lithuania","LTU",2017,"Eastern Europe",0.674418604651163,0.315470171890799,0.123356926188069,0.0525783619817998,0.157735085945399,0.0738119312436805,6.29726996966633,1000,38789.2463179035,15695.9993288456,"wb"
"Lithuania","LTU",2018,"Eastern Europe",0.671578947368421,0.258947368421053,0.106315789473684,0.0505263157894737,0.123157894736842,0.04,6.3,1000,41035.4018152732,16604.9021440809,"wb"
"Lithuania","LTU",2019,"Eastern Europe",0.551724137931034,0.22884012539185,0.114942528735632,0.06478578892372,0.213166144200627,0.0438871473354232,5.94461859979101,1080,43078.7118585461,17431.7239081591,"wb"
"Lithuania","LTU",2020,"Eastern Europe",0.717766497461929,0.347208121827411,0.115736040609137,0.0456852791878173,0.10761421319797,0.0213197969543147,6.6253807106599,1002,43108.1976060283,17443.65526328,"wb"
"Lithuania","LTU",2021,"Eastern Europe",0.793206793206793,0.445554445554446,0.171828171828172,0.0779220779220779,0.0569430569430569,0.01998001998002,7.04195804195804,1009,45897.3715026327,18572.2895051093,"wb"
"Lithuania","LTU",2022,"Eastern Europe",0.80188679245283,0.40146750524109,0.160377358490566,0.0440251572327044,0.0786163522012579,0.010482180293501,6.90670859538784,1000,46642.5947251086,18873.8427527274,"wb"
"Lithuania","LTU",2023,"Eastern Europe",0.695562435500516,0.265221878224974,0.118679050567595,0.0577915376676987,0.121775025799794,0.0330237358101135,6.40350877192982,1000,46333.9006965206,18748.9302647191,"wb"
"Luxembourg","LUX",2008,"Western",0.794,0.434,0.148,0.068,0.04,0.008,7.052,500,135814.608862354,110096.656683086,"wb"
"Luxembourg","LUX",2010,"Western",0.829170829170829,0.448551448551449,0.148851148851149,0.0559440559440559,0.043956043956044,0.00999000999000999,7.0959040959041,1002,131434.360018803,106545.854916218,"wb"
"Luxembourg","LUX",2011,"Western",0.828801611278953,0.465256797583082,0.167170191339376,0.0594159113796576,0.0302114803625378,0.0080563947633434,7.16717019133938,1000,129887.626962873,105292.012346074,"wb"
"Luxembourg","LUX",2012,"Western",0.831991951710262,0.480885311871227,0.160965794768612,0.0663983903420523,0.051307847082495,0.017102615694165,7.14486921529175,1001,128897.403218507,104489.298083328,"wb"
"Luxembourg","LUX",2013,"Western",0.884,0.466,0.124,0.048,0.014,0,7.274,500,129947.336184196,105340.41498623,"wb"
"Luxembourg","LUX",2014,"Western",0.838257386079119,0.445668502754131,0.124687030545819,0.0250375563345018,0.0420630946419629,0.00600901352028042,7.06960440660991,2000,130249.550482759,105585.401767492,"wb"
"Luxembourg","LUX",2015,"Western",0.813,0.39,0.082,0.012,0.056,0.007,6.866,1000,130097.338289025,105462.012584423,"wb"
"Luxembourg","LUX",2016,"Western",0.871,0.416,0.119,0.028,0.026,0.005,7.098,1000,133661.734541281,108351.452194449,"wb"
"Luxembourg","LUX",2017,"Western",0.881763527054108,0.429859719438878,0.119238476953908,0.031062124248497,0.0260521042084168,0.00701402805611222,7.14428857715431,1000,132169.829576174,107142.05542835,"wb"
"Luxembourg","LUX",2018,"Western",0.901705115346038,0.472417251755266,0.148445336008024,0.041123370110331,0.0190571715145436,0.00200601805416249,7.33199598796389,1000,131733.884471489,106788.661202756,"wb"
"Luxembourg","LUX",2019,"Western",0.9404296875,0.5234375,0.19140625,0.0341796875,0.0205078125,0.0029296875,7.4873046875,1025,132724.754668303,107591.899505248,"wb"
"Luxembourg","LUX",2022,"Western",0.863590772316951,0.479438314944835,0.180541624874624,0.0541624874623872,0.0391173520561685,0.0100300902708124,7.25877632898696,1000,132570.832272626,107467.123965307,"wb"
"Luxembourg","LUX",2023,"Western",0.825,0.432,0.123,0.03,0.059,0.01,7.017,1000,130048.922273147,105422.764660192,"wb"
"Latvia","LVA",2006,"Eastern Europe",0.276315789473684,0.048582995951417,0.0131578947368421,0.00404858299595142,0.406882591093117,0.0850202429149798,4.72874493927126,1000,26431.8140222767,11507.4648265658,"wb"
"Latvia","LVA",2007,"Eastern Europe",0.29080118694362,0.039564787339268,0.00890207715133531,0.0039564787339268,0.435212660731949,0.0979228486646884,4.67655786350148,1017,29423.7371235063,12810.0409502542,"wb"
"Latvia","LVA",2008,"Eastern Europe",0.413725490196078,0.0823529411764706,0.0176470588235294,0.00784313725490196,0.317647058823529,0.0745098039215686,5.15490196078431,513,28726.9722869522,12506.6945041012,"wb"
"Latvia","LVA",2009,"Eastern Europe",0.28515625,0.05859375,0.015625,0.009765625,0.4375,0.119140625,4.658203125,515,24520.6791475489,10675.425174228,"wb"
"Latvia","LVA",2011,"Eastern Europe",0.340659340659341,0.0849150849150849,0.023976023976024,0.015984015984016,0.367632367632368,0.116883116883117,4.86813186813187,1006,25308.7322074626,11018.5152421583,"wb"
"Latvia","LVA",2012,"Eastern Europe",0.420946626384693,0.109768378650554,0.027190332326284,0.013091641490433,0.293051359516616,0.0845921450151057,5.23363544813696,1001,27496.5454583635,11971.0107466522,"wb"
"Latvia","LVA",2013,"Eastern Europe",0.388438133874239,0.0791075050709939,0.0152129817444219,0.00608519269776876,0.31237322515213,0.0557809330628803,5.17038539553752,1000,28375.1842887263,12353.5386135301,"wb"
"Latvia","LVA",2014,"Eastern Europe",0.52834008097166,0.178137651821862,0.0495951417004049,0.0212550607287449,0.232793522267206,0.069838056680162,5.67307692307692,1002,29243.7412502629,12731.6771959342,"wb"
"Latvia","LVA",2015,"Eastern Europe",0.595723014256619,0.170061099796334,0.0478615071283096,0.0132382892057026,0.185336048879837,0.0336048879837067,5.89714867617108,1001,30599.6133134147,13321.9753140616,"wb"
"Latvia","LVA",2016,"Eastern Europe",0.625250501002004,0.177354709418838,0.0350701402805611,0.0100200400801603,0.167334669338677,0.0360721442885772,5.94689378757515,1019,31668.5148442662,13787.3367440023,"wb"
"Latvia","LVA",2017,"Eastern Europe",0.596562184024267,0.199191102123357,0.0455005055611729,0.0131445904954499,0.186046511627907,0.0343781597573306,5.96157735085945,1002,33036.3915943437,14382.8612727134,"wb"
"Latvia","LVA",2018,"Eastern Europe",0.597782258064516,0.157258064516129,0.0403225806451613,0.0161290322580645,0.183467741935484,0.03125,5.89415322580645,1021,34729.7062763057,15120.0698171804,"wb"
"Latvia","LVA",2019,"Eastern Europe",0.62312030075188,0.125,0.037593984962406,0.0159774436090226,0.153195488721805,0.0253759398496241,5.92199248120301,1080,35208.1934590859,15328.3859933295,"wb"
"Latvia","LVA",2020,"Eastern Europe",0.699899295065458,0.257804632426989,0.0785498489425982,0.0433031218529708,0.1067472306143,0.0181268882175227,6.41993957703928,1001,34225.8976044058,14900.7295718866,"wb"
"Latvia","LVA",2021,"Eastern Europe",0.752709359605911,0.293596059113301,0.0827586206896552,0.0315270935960591,0.083743842364532,0.0197044334975369,6.61477832512315,1017,36912.0130602161,16070.1680032322,"wb"
"Latvia","LVA",2022,"Eastern Europe",0.66468253968254,0.238095238095238,0.056547619047619,0.0208333333333333,0.116071428571429,0.0287698412698413,6.25992063492064,1014,37718.7097958367,16421.3748596,"wb"
"Latvia","LVA",2023,"Eastern Europe",0.715438950554995,0.295660948536832,0.0898082744702321,0.0423814328960646,0.0998990918264379,0.0232088799192735,6.51160443995964,1001,37277.7217221317,16229.3844520245,"wb"
"Morocco","MAR",2010,"Africa",0.28913260219342,0.0588235294117647,0.0119641076769691,0.00398803589232303,0.459621136590229,0.0787637088733799,4.72981056829511,1006,7210.63671875,2767.04223632813,"wb"
"Morocco","MAR",2011,"Africa",0.39492385786802,0.050761421319797,0.0142131979695431,0.00355329949238579,0.314213197969543,0.016243654822335,5.17157360406091,2001,7503.79296875,2879.53930664063,"wb"
"Morocco","MAR",2012,"Africa",0.294884653961886,0.103811434302909,0.0531594784353059,0.0320962888665998,0.312437311935807,0.134904714142427,4.89067201604814,2000,7628.64404296875,2927.45043945313,"wb"
"Morocco","MAR",2013,"Africa",0.360523665659617,0.0976837865055388,0.0362537764350453,0.0221550855991944,0.289023162134945,0.0906344410876133,5.12588116817724,1007,7839.0322265625,3008.185546875,"wb"
"Morocco","MAR",2014,"Africa",0.347870182555781,0.101419878296146,0.0425963488843813,0.0314401622718053,0.302231237322515,0.0791075050709939,5.10953346855984,998,7951.79833984375,3051.458984375,"wb"
"Morocco","MAR",2015,"Africa",0.316190476190476,0.118095238095238,0.0723809523809524,0.0561904761904762,0.287619047619048,0.12952380952381,5.04761904761905,1052,8198.80859375,3146.24780273438,"wb"
"Morocco","MAR",2016,"Africa",0.334022750775595,0.146845915201655,0.103412616339193,0.0754912099276112,0.277145811789038,0.0827300930713547,5.27817993795243,1008,8141.9404296875,3124.42504882813,"wb"
"Morocco","MAR",2017,"Africa",0.380355276907001,0.157784743991641,0.101358411703239,0.0741901776384535,0.239289446185998,0.111807732497388,5.3312434691745,1006,8450.0087890625,3242.64428710938,"wb"
"Morocco","MAR",2018,"Africa",0.292200232828871,0.161816065192084,0.117578579743888,0.0826542491268917,0.373690337601863,0.20372526193248,4.77066356228172,1001,8611.75,3304.7119140625,"wb"
"Morocco","MAR",2019,"Africa",0.399568034557235,0.165226781857451,0.0928725701943845,0.0809935205183585,0.31317494600432,0.165226781857451,5.05723542116631,1015,8768.17578125,3364.73950195313,"wb"
"Morocco","MAR",2020,"Africa",0.375770020533881,0.163244353182752,0.0831622176591376,0.0646817248459959,0.338809034907598,0.177618069815195,4.97843942505133,1006,8054.56298828125,3090.89428710938,"wb"
"Morocco","MAR",2021,"Africa",0.418652849740933,0.161658031088083,0.0974093264248705,0.0673575129533679,0.293264248704663,0.122279792746114,5.27253886010363,1001,8623.265625,3309.130859375,"wb"
"Morocco","MAR",2022,"Africa",0.314374353671148,0.138572905894519,0.0889348500517063,0.0589451913133402,0.392967942088935,0.223371251292658,4.63495346432265,1015,8690.4482421875,3334.91162109375,"wb"
"Morocco","MAR",2023,"Africa",0.266735324407827,0.126673532440783,0.0751802265705458,0.0576725025746653,0.409886714727085,0.233779608650875,4.44078269824923,1015,8915.3515625,3421.21704101563,"wb"
"Moldova","MDA",2006,"Eastern Europe",0.340425531914894,0.0901722391084093,0.0202634245187437,0.0060790273556231,0.362715298885512,0.0982776089159068,4.93211752786221,1000,8577.02858037286,2017.17730062908,"wb"
"Moldova","MDA",2007,"Eastern Europe",0.31734693877551,0.0806122448979592,0.0275510204081633,0.00408163265306122,0.404081632653061,0.119387755102041,4.78979591836735,1000,8854.83397616724,2082.51260097669,"wb"
"Moldova","MDA",2008,"Eastern Europe",0.484295845997974,0.171225937183384,0.049645390070922,0.011144883485309,0.2806484295846,0.0820668693009119,5.46707193515704,1000,9563.69814290939,2249.22589719372,"wb"
"Moldova","MDA",2009,"Eastern Europe",0.470408163265306,0.170408163265306,0.0540816326530612,0.0193877551020408,0.287755102040816,0.0540816326530612,5.50510204081633,1000,9001.23432081622,2116.94357544097,"wb"
"Moldova","MDA",2010,"Eastern Europe",0.502024291497976,0.169028340080972,0.0445344129554656,0.01417004048583,0.286437246963563,0.0829959514170041,5.47267206477733,1000,9649.9509930271,2269.51116145996,"wb"
"Moldova","MDA",2011,"Eastern Europe",0.561924257932446,0.195496417604913,0.0593654042988741,0.0122824974411464,0.214943705220061,0.0685772773797339,5.75230296827022,1000,10217.3087761255,2402.94446306051,"wb"
"Moldova","MDA",2012,"Eastern Europe",0.578400830737279,0.222222222222222,0.0768431983385254,0.0259605399792316,0.212876427829699,0.043613707165109,5.91277258566978,1000,10158.3854676883,2389.08666147529,"wb"
"Moldova","MDA",2013,"Eastern Europe",0.53204476093591,0.168870803662258,0.0661241098677518,0.0284842319430315,0.251271617497457,0.0600203458799593,5.65208545269583,1000,11080.0634585341,2605.85029986142,"wb"
"Moldova","MDA",2014,"Eastern Europe",0.560975609756098,0.189024390243902,0.0640243902439024,0.0121951219512195,0.213414634146341,0.0355691056910569,5.84552845528455,1000,11641.1208436577,2737.80185056647,"wb"
"Moldova","MDA",2015,"Eastern Europe",0.619817997977755,0.180990899898888,0.0303336703741153,0.00505561172901921,0.191102123356926,0.0444893832153691,5.89180990899899,1000,11691.0797484184,2749.55137054338,"wb"
"Moldova","MDA",2016,"Eastern Europe",0.512145748987854,0.144736842105263,0.034412955465587,0.00607287449392713,0.258097165991903,0.0607287449392713,5.51821862348178,1000,12377.366678394,2910.95486872376,"wb"
"Moldova","MDA",2017,"Eastern Europe",0.464788732394366,0.0895372233400402,0.0362173038229376,0.0150905432595573,0.308853118712274,0.0714285714285714,5.29074446680081,1000,13118.8219369605,3085.33305844263,"wb"
"Moldova","MDA",2018,"Eastern Europe",0.54070351758794,0.162814070351759,0.0361809045226131,0.0150753768844221,0.220100502512563,0.0804020100502513,5.57989949748744,1000,13895.5043655692,3267.9961042872,"wb"
"Moldova","MDA",2019,"Eastern Europe",0.502378686964795,0.231208372978116,0.0903901046622265,0.0504281636536632,0.228353948620362,0.104662226450999,5.61941008563273,1080,14621.2401362286,3438.67732670712,"wb"
"Moldova","MDA",2020,"Eastern Europe",0.540867810292634,0.238143289606458,0.0867810292633703,0.0464177598385469,0.197780020181635,0.0514631685166499,5.92129162462159,1000,13559.2600217483,3188.91691602699,"wb"
"Moldova","MDA",2021,"Eastern Europe",0.548321464903357,0.220752797558494,0.08646998982706,0.0488301119023398,0.213631739572737,0.0854526958290946,5.77314343845371,1000,15682.0703284653,3688.16729442144,"wb"
"Moldova","MDA",2022,"Eastern Europe",0.536261491317671,0.201225740551583,0.0715015321756895,0.0429009193054137,0.209397344228805,0.0949948927477017,5.68130745658836,1000,15350.3120408391,3610.14315344719,"wb"
"Moldova","MDA",2023,"Eastern Europe",0.604863221884498,0.216818642350557,0.0749746707193516,0.0324214792299899,0.200607902735562,0.0516717325227964,5.95136778115502,1000,15980.5668889856,3758.3688194082,"wb"
"Madagascar","MDG",2006,"Africa",0.115,0.016,0.007,0.001,0.647,0.123,4.01,1000,1686.86335460016,461.540337897729,"wb"
"Madagascar","MDG",2008,"Africa",0.273273273273273,0.03003003003003,0.005005005005005,0,0.435435435435435,0.033033033033033,4.78078078078078,1000,1794.40235887329,490.963935389518,"wb"
"Madagascar","MDG",2011,"Africa",0.189,0.018,0.007,0.002,0.472,0.053,4.518,1000,1614.55137773785,441.755158414121,"wb"
"Madagascar","MDG",2012,"Africa",0.0700700700700701,0.019019019019019,0.003003003003003,0.001001001001001,0.744744744744745,0.209209209209209,3.58658658658659,1000,1617.79082882481,442.641500123543,"wb"
"Madagascar","MDG",2013,"Africa",0.142005958291956,0.0238331678252234,0.00794438927507448,0.00297914597815293,0.594836146971202,0.174776564051639,4.00993048659384,1008,1610.6023078966,440.674658903628,"wb"
"Madagascar","MDG",2014,"Africa",0.114427860696517,0.026865671641791,0.00895522388059702,0.00398009950248756,0.641791044776119,0.22089552238806,3.81293532338308,1008,1620.357889066,443.343869908205,"wb"
"Madagascar","MDG",2015,"Africa",0.0891783567134269,0.0180360721442886,0.00400801603206413,0.00100200400801603,0.68436873747495,0.190380761523046,3.76152304609218,1000,1627.5806134224,445.320069480568,"wb"
"Madagascar","MDG",2016,"Africa",0.112112112112112,0.025025025025025,0.00800800800800801,0.005005005005005,0.6996996996997,0.182182182182182,3.81281281281281,1000,1648.91226979296,451.15659433146,"wb"
"Madagascar","MDG",2017,"Africa",0.200208550573514,0.0782064650677789,0.0500521376433785,0.0312825860271116,0.587069864442127,0.267987486965589,4.04275286757039,1000,1669.72764267278,456.851859574031,"wb"
"Madagascar","MDG",2018,"Africa",0.210031347962382,0.0971786833855799,0.0637408568443051,0.0532915360501567,0.531870428422153,0.256008359456635,4.1974921630094,1000,1678.78623269491,459.330367799543,"wb"
"Madagascar","MDG",2019,"Africa",0.212487411883182,0.0986908358509567,0.0614300100704935,0.0483383685800604,0.527693856998993,0.202416918429003,4.31520644511581,1000,1707.83153830039,467.27741349648,"wb"
"Madagascar","MDG",2022,"Africa",0.205422314911366,0.0969760166840459,0.0771637122002086,0.0667361835245047,0.580813347236705,0.274244004171011,4.12825860271116,1000,1602.42805197529,438.438112102315,"wb"
"Madagascar","MDG",2023,"Africa",0.231006160164271,0.0965092402464066,0.0677618069815195,0.0554414784394251,0.526694045174538,0.231006160164271,4.35728952772074,1000,1629.6055225489,445.874102052267,"wb"
"Maldives","MDV",2017,"Asia",0.374245472837022,0.114688128772636,0.051307847082495,0.0331991951710262,0.246478873239437,0.10261569416499,5.19718309859155,1000,20036.7165354949,10263.2991147672,"wb"
"Mexico","MEX",2006,"Latin America",0.698380566801619,0.439271255060729,0.216599190283401,0.090080971659919,0.146761133603239,0.0374493927125506,6.73684210526316,1007,20965.8256087044,9813.82804186659,"wb"
"Mexico","MEX",2007,"Latin America",0.745745745745746,0.34034034034034,0.141141141141141,0.0630630630630631,0.12012012012012,0.0500500500500501,6.56056056056056,999,21102.2688338349,9877.69532636562,"wb"
"Mexico","MEX",2008,"Latin America",0.752,0.438,0.214,0.083,0.114,0.033,6.861,1000,20992.5602662364,9826.34218448486,"wb"
"Mexico","MEX",2009,"Latin America",0.767839195979899,0.47035175879397,0.241206030150754,0.103517587939698,0.116582914572864,0.0472361809045226,6.94371859296482,1000,19385.5437251877,9074.11881448129,"wb"
"Mexico","MEX",2010,"Latin America",0.722166499498496,0.454363089267803,0.230692076228686,0.0962888665997994,0.130391173520562,0.0381143430290873,6.84553660982949,1000,20058.3854882301,9389.06722076504,"wb"
"Mexico","MEX",2011,"Latin America",0.740220661985958,0.472417251755266,0.259779338014042,0.131394182547643,0.132397191574724,0.0401203610832497,6.93480441323972,1000,20457.6001677783,9575.93437734618,"wb"
"Mexico","MEX",2012,"Latin America",0.820940819423369,0.578654527061204,0.330298431967628,0.150733434496712,0.0799190692969145,0.0217501264542236,7.43702579666161,2000,20898.935720908,9782.51776251839,"wb"
"Mexico","MEX",2013,"Latin America",0.833164812942366,0.579373104145602,0.327603640040445,0.193124368048534,0.0717896865520728,0.0262891809908999,7.51162790697674,1000,20805.3480406564,9738.71059661101,"wb"
"Mexico","MEX",2014,"Latin America",0.721456692913386,0.401574803149606,0.204724409448819,0.0836614173228346,0.127952755905512,0.046259842519685,6.68602362204724,1017,21069.7661653886,9862.4812534745,"wb"
"Mexico","MEX",2015,"Latin America",0.647230320699708,0.313896987366375,0.129251700680272,0.0495626822157434,0.185617103984451,0.0369290573372206,6.28668610301263,1031,21408.9283216195,10021.2386113616,"wb"
"Mexico","MEX",2016,"Latin America",0.777,0.44,0.148,0.055,0.1,0.043,6.823,1000,21578.263354126,10100.5021195819,"wb"
"Mexico","MEX",2017,"Latin America",0.602020202020202,0.341414141414141,0.149494949494949,0.0888888888888889,0.176767676767677,0.0828282828282828,6.23131313131313,1000,21777.5225127275,10193.7727188313,"wb"
"Mexico","MEX",2018,"Latin America",0.691933916423712,0.397473275024295,0.164237123420797,0.0942662779397473,0.146744412050535,0.0583090379008746,6.56462585034014,1034,21997.7730219494,10296.8690940459,"wb"
"Mexico","MEX",2019,"Latin America",0.594897959183673,0.364285714285714,0.158163265306122,0.113265306122449,0.166326530612245,0.0785714285714286,6.26836734693878,1001,21704.185952748,10159.4448367696,"wb"
"Mexico","MEX",2020,"Latin America",0.603792415169661,0.331337325349301,0.124750499001996,0.0778443113772455,0.192614770459082,0.0678642714570858,6.21057884231537,1010,19728.4817827455,9234.64362226594,"wb"
"Mexico","MEX",2021,"Latin America",0.625250501002004,0.350701402805611,0.141282565130261,0.0841683366733467,0.159318637274549,0.0430861723446894,6.38376753507014,1000,20782.5877440905,9728.05680024504,"wb"
"Mexico","MEX",2022,"Latin America",0.712411705348133,0.46518668012109,0.205852674066599,0.127144298688194,0.101917255297679,0.0373360242179617,6.88799192734611,1000,21391.8573698845,10013.2479227064,"wb"
"Mexico","MEX",2023,"Latin America",0.739478957915832,0.448897795591182,0.214428857715431,0.132264529058116,0.0971943887775551,0.0531062124248497,6.88977955911824,1000,21864.9236104145,10234.6840265651,"wb"
"North Macedonia","MKD",2006,"Eastern Europe",0.280464216634429,0.0996131528046422,0.0396518375241779,0.0212765957446809,0.488394584139265,0.181818181818182,4.51257253384913,1042,14118.2297877525,3866.74650622977,"wb"
"North Macedonia","MKD",2009,"Eastern Europe",0.25796812749004,0.0747011952191235,0.0288844621513944,0.0129482071713147,0.49402390438247,0.152390438247012,4.45717131474104,1008,16084.2279730567,4405.20045750867,"wb"
"North Macedonia","MKD",2010,"Eastern Europe",0.204637096774194,0.0866935483870968,0.0463709677419355,0.0362903225806452,0.53125,0.219758064516129,4.23891129032258,1000,16731.0901838425,4582.36517512347,"wb"
"North Macedonia","MKD",2011,"Eastern Europe",0.386904761904762,0.120039682539683,0.0476190476190476,0.0257936507936508,0.349206349206349,0.108134920634921,5.05059523809524,1018,17201.236162644,4711.13027870081,"wb"
"North Macedonia","MKD",2012,"Eastern Europe",0.313725490196078,0.100980392156863,0.0441176470588235,0.0176470588235294,0.400980392156863,0.147058823529412,4.73235294117647,1025,17189.9956305456,4708.05168535923,"wb"
"North Macedonia","MKD",2013,"Eastern Europe",0.441468253968254,0.16468253968254,0.0595238095238095,0.0267857142857143,0.322420634920635,0.12202380952381,5.24206349206349,1020,17758.2275594412,4863.68088666968,"wb"
"North Macedonia","MKD",2014,"Eastern Europe",0.387939698492462,0.166834170854271,0.0763819095477387,0.0462311557788945,0.320603015075377,0.132663316582915,5.15276381909548,1000,18452.2062280148,5053.75001236367,"wb"
"North Macedonia","MKD",2015,"Eastern Europe",0.336594911937378,0.102739726027397,0.060665362035225,0.0391389432485323,0.347358121330724,0.126223091976517,4.94227005870841,1024,19215.0740381192,5262.68671928674,"wb"
"North Macedonia","MKD",2016,"Eastern Europe",0.428571428571429,0.176125244618395,0.0870841487279843,0.0185909980430528,0.281800391389432,0.0958904109589041,5.35812133072407,1024,19825.7724685057,5429.94678358359,"wb"
"North Macedonia","MKD",2017,"Eastern Europe",0.394422310756972,0.137450199203187,0.0567729083665339,0.0298804780876494,0.295816733067729,0.0886454183266932,5.25298804780877,1008,20121.0510180726,5510.81862920922,"wb"
"North Macedonia","MKD",2018,"Eastern Europe",0.369261477045908,0.124750499001996,0.0578842315369262,0.0429141716566866,0.305389221556886,0.105788423153693,5.13473053892216,1008,20805.9221192555,5698.39334484489,"wb"
"North Macedonia","MKD",2019,"Eastern Europe",0.350746268656716,0.125932835820896,0.0541044776119403,0.0317164179104478,0.321828358208955,0.142723880597015,4.9990671641791,1080,21766.8842062487,5961.58475399191,"wb"
"North Macedonia","MKD",2020,"Eastern Europe",0.458291457286432,0.197989949748744,0.0904522613065327,0.0703517587939698,0.260301507537688,0.138693467336683,5.34070351758794,1003,20971.4421033593,5743.72649424581,"wb"
"North Macedonia","MKD",2021,"Eastern Europe",0.501472031403337,0.245338567222767,0.121687929342493,0.0696761530912659,0.223748773307164,0.0883218842001963,5.76447497546614,1024,22144.1924252732,6064.92315120022,"wb"
"North Macedonia","MKD",2022,"Eastern Europe",0.377377377377377,0.142142142142142,0.0540540540540541,0.032032032032032,0.353353353353353,0.137137137137137,4.98598598598599,1000,22822.2333994259,6250.62720952063,"wb"
"North Macedonia","MKD",2023,"Eastern Europe",0.419419419419419,0.124124124124124,0.035035035035035,0.017017017017017,0.301301301301301,0.0820820820820821,5.21921921921922,1000,23455.2221318176,6423.99221393369,"wb"
"Mali","MLI",2006,"Africa",0.14543630892678,0.0170511534603811,0.00802407221664995,0.00300902708124373,0.595787362086259,0.170511534603811,4.00601805416249,1000,2555.07476258805,797.10053288464,"wb"
"Mali","MLI",2008,"Africa",0.144,0.015,0.007,0.004,0.529,0.121,4.242,1000,2523.19961270039,787.156518982091,"wb"
"Mali","MLI",2009,"Africa",0.15015015015015,0.023023023023023,0.00600600600600601,0.002002002002002,0.624624624624625,0.187187187187187,3.99499499499499,1000,2575.54549773648,803.486738930068,"wb"
"Mali","MLI",2010,"Africa",0.092,0.021,0.007,0.003,0.663,0.189,3.819,1000,2632.2646821909,821.181286586904,"wb"
"Mali","MLI",2011,"Africa",0.217,0.077,0.05,0.039,0.482,0.07,4.716,1000,2623.34627008698,818.399030997125,"wb"
"Mali","MLI",2012,"Africa",0.179179179179179,0.0740740740740741,0.046046046046046,0.041041041041041,0.563563563563564,0.164164164164164,4.32732732732733,1000,2520.52931086804,786.323471337187,"wb"
"Mali","MLI",2013,"Africa",0.155155155155155,0.039039039039039,0.00900900900900901,0.004004004004004,0.643643643643644,0.246246246246246,3.81281281281281,1000,2528.5300676726,788.819448208696,"wb"
"Mali","MLI",2014,"Africa",0.167,0.045,0.012,0.005,0.677,0.215,3.903,1000,2609.16733048395,813.97566128646,"wb"
"Mali","MLI",2015,"Africa",0.23439099283521,0.0716479017400205,0.022517911975435,0.0133060388945752,0.509723643807574,0.0870010235414534,4.56806550665302,1000,2686.56065073799,838.11986940103,"wb"
"Mali","MLI",2016,"Africa",0.0935550935550936,0.0332640332640333,0.0197505197505198,0.0145530145530146,0.648648648648649,0.158004158004158,3.93555093555094,1000,2759.11051293341,860.75307554569,"wb"
"Mali","MLI",2017,"Africa",0.282105263157895,0.142105263157895,0.109473684210526,0.0610526315789474,0.46,0.207368421052632,4.66315789473684,1000,2816.19423901587,878.561348378099,"wb"
"Mali","MLI",2018,"Africa",0.217801047120419,0.139267015706806,0.113089005235602,0.10261780104712,0.507853403141361,0.216753926701571,4.52356020942408,1000,2862.40728987476,892.978322787306,"wb"
"Mali","MLI",2019,"Africa",0.329102447869447,0.225747960108794,0.182230281051677,0.162284678150499,0.407071622846782,0.216681776971895,5.02266545784225,1130,2916.17167791084,909.751069706998,"wb"
"Mali","MLI",2020,"Africa",0.239263803680982,0.137014314928425,0.11758691206544,0.107361963190184,0.467280163599182,0.265848670756646,4.3721881390593,1000,2796.41038444386,872.389426815267,"wb"
"Mali","MLI",2021,"Africa",0.247454175152749,0.14969450101833,0.113034623217923,0.102851323828921,0.544806517311609,0.315682281059063,4.17209775967413,1000,2796.22793795431,872.332509422409,"wb"
"Mali","MLI",2022,"Africa",0.231,0.129,0.119,0.105,0.519,0.253,4.358,1000,2813.81095962565,877.817842434642,"wb"
"Mali","MLI",2023,"Africa",0.276553106212425,0.115230460921844,0.0881763527054108,0.0781563126252505,0.465931863727455,0.19939879759519,4.54208416833667,1000,2861.48058063314,892.689219532429,"wb"
"Malta","MLT",2008,"Western",0.634730538922156,0.341317365269461,0.129740518962076,0.0718562874251497,0.169660678642715,0.0758483033932136,6.27145708582834,508,36287.726099619,20064.4517895547,"wb"
"Malta","MLT",2010,"Western",0.531786074672048,0.229061553985873,0.0908173562058527,0.0605449041372351,0.181634712411705,0.0887991927346115,5.82542885973764,1008,37528.7341525511,20750.6382477568,"wb"
"Malta","MLT",2011,"Western",0.61,0.299,0.09,0.045,0.141,0.057,6.187,1004,37740.8473665429,20867.9213022084,"wb"
"Malta","MLT",2012,"Western",0.5678391959799,0.273366834170854,0.0904522613065327,0.0371859296482412,0.168844221105528,0.071356783919598,6.00904522613065,1004,38937.1487755674,21529.3882643778,"wb"
"Malta","MLT",2013,"Western",0.658585858585859,0.290909090909091,0.0888888888888889,0.0404040404040404,0.101010101010101,0.0363636363636364,6.37777777777778,500,40921.3167795062,22626.4876843887,"wb"
"Malta","MLT",2014,"Western",0.689243027888446,0.316733067729084,0.0861553784860558,0.0418326693227092,0.0911354581673307,0.0323705179282869,6.4746015936255,2013,43163.1473000396,23866.0555833557,"wb"
"Malta","MLT",2015,"Western",0.699497487437186,0.307537688442211,0.115577889447236,0.0663316582914573,0.0844221105527638,0.0311557788944724,6.53467336683417,1002,46171.8893420758,25529.6693210673,"wb"
"Malta","MLT",2016,"Western",0.734653465346535,0.343564356435644,0.103960396039604,0.0485148514851485,0.0702970297029703,0.0316831683168317,6.63168316831683,1011,46967.3486291212,25969.4999809345,"wb"
"Malta","MLT",2017,"Western",0.748753738783649,0.375872382851446,0.129611166500499,0.0687936191425723,0.0757726819541376,0.028913260219342,6.74975074775673,1004,51628.2677400365,28546.6464943104,"wb"
"Malta","MLT",2018,"Western",0.766336633663366,0.408910891089109,0.144554455445545,0.0762376237623762,0.0732673267326733,0.0267326732673267,6.86732673267327,1010,53419.0022708322,29536.7913868949,"wb"
"Malta","MLT",2019,"Western",0.7431640625,0.3662109375,0.1171875,0.052734375,0.080078125,0.013671875,6.7412109375,1027,53393.4231642463,29522.6480165028,"wb"
"Malta","MLT",2020,"Western",0.655,0.279,0.099,0.042,0.141,0.061,6.239,1001,50389.6963309289,27861.80732148,"wb"
"Malta","MLT",2021,"Western",0.734734734734735,0.312312312312312,0.0970970970970971,0.045045045045045,0.0990990990990991,0.03003003003003,6.54254254254254,1001,56823.9958525022,31419.5031714693,"wb"
"Malta","MLT",2022,"Western",0.662674650698603,0.278443113772455,0.0858283433133733,0.0429141716566866,0.129740518962076,0.0409181636726547,6.31037924151697,1002,56874.4339327368,31447.3917315418,"wb"
"Malta","MLT",2023,"Western",0.69061876247505,0.276447105788423,0.094810379241517,0.0429141716566866,0.121756487025948,0.0419161676646707,6.36726546906188,1002,60459.7655182644,33429.8172092336,"wb"
"Myanmar","MMR",2012,"Asia",0.164370078740157,0.0393700787401575,0.0108267716535433,0.00492125984251968,0.451771653543307,0.131889763779528,4.36220472440945,1020,4340.99945069174,953.123081923425,"wb"
"Myanmar","MMR",2013,"Asia",0.129411764705882,0.0303921568627451,0.0147058823529412,0.00980392156862745,0.485294117647059,0.188235294117647,4.12450980392157,1020,4666.95376141392,1024.69060473254,"wb"
"Myanmar","MMR",2014,"Asia",0.181372549019608,0.0264705882352941,0.0147058823529412,0.00980392156862745,0.305882352941176,0.092156862745098,4.66862745098039,1020,5006.50667149767,1099.24387750099,"wb"
"Myanmar","MMR",2015,"Asia",0.0894788593903638,0.0186823992133727,0.00786627335299902,0.00393313667649951,0.432645034414946,0.15732546705998,4.18387413962635,1020,5313.88615901476,1166.73305546337,"wb"
"Myanmar","MMR",2016,"Asia",0.186823992133727,0.0599803343166175,0.0314650934119961,0.0196656833824975,0.336283185840708,0.119960668633235,4.62241887905605,1020,5580.98977273232,1225.37913970989,"wb"
"Myanmar","MMR",2017,"Asia",0.170506912442396,0.065174456879526,0.0335747202106649,0.0263331138907176,0.45358788676761,0.227123107307439,4.11849901250823,1600,5877.87465558175,1290.5640902569,"wb"
"Myanmar","MMR",2018,"Asia",0.21406411582213,0.0858324715615305,0.062047569803516,0.046535677352637,0.429162357807653,0.172699069286453,4.45811789038263,1000,6201.26341429803,1361.5683126412,"wb"
"Myanmar","MMR",2019,"Asia",0.222118959107807,0.0985130111524164,0.0678438661710037,0.0483271375464684,0.419144981412639,0.199814126394052,4.44516728624535,1100,6562.98898478625,1440.98988236734,"wb"
"Myanmar","MMR",2020,"Asia",0.264056224899598,0.0823293172690763,0.0451807228915663,0.0331325301204819,0.422690763052209,0.170682730923695,4.51706827309237,1000,5926.83450206681,1301.31386350667,"wb"
"Myanmar","MMR",2021,"Asia",0.219219219219219,0.0750750750750751,0.048048048048048,0.026026026026026,0.457457457457457,0.196196196196196,4.31131131131131,1000,5178.44718217164,1136.9956605414,"wb"
"Myanmar","MMR",2022,"Asia",0.293051359516616,0.0765357502517623,0.0392749244712991,0.0281973816717019,0.337361530715005,0.120845921450151,4.80161127895267,1000,5350.47666899931,1174.76697945755,"wb"
"Myanmar","MMR",2023,"Asia",0.291875626880642,0.086258776328987,0.041123370110331,0.0260782347041123,0.396188565697091,0.155466399197593,4.63390170511535,1000,5364.13797034429,1177.76649645563,"wb"
"Montenegro","MNE",2006,"Eastern Europe",0.378244746600742,0.173053152039555,0.0951792336217552,0.0642768850432633,0.349814585908529,0.122373300370828,5.21631644004944,834,17727.3660449403,5386.53580727982,"wb"
"Montenegro","MNE",2009,"Eastern Europe",0.364729458917836,0.120240480961924,0.0591182364729459,0.0350701402805611,0.444889779559118,0.101202404809619,4.93386773547094,1003,18984.9379136097,5768.65438505628,"wb"
"Montenegro","MNE",2010,"Eastern Europe",0.505070993914807,0.0993914807302231,0.0233265720081136,0.0050709939148073,0.243407707910751,0.0669371196754564,5.45233265720081,1000,19476.1626179487,5917.91510729977,"wb"
"Montenegro","MNE",2011,"Eastern Europe",0.448345035105316,0.157472417251755,0.0631895687061184,0.0290872617853561,0.306920762286861,0.074222668004012,5.40320962888666,1000,20110.4869725048,6110.65726880215,"wb"
"Montenegro","MNE",2012,"Eastern Europe",0.480923694779116,0.180722891566265,0.0773092369477912,0.0301204819277108,0.316265060240964,0.0993975903614458,5.42369477911647,1000,19576.412051459,5948.37632539014,"wb"
"Montenegro","MNE",2013,"Eastern Europe",0.457661290322581,0.15625,0.0423387096774194,0.0181451612903226,0.341733870967742,0.10383064516129,5.26915322580645,1000,20201.2916344369,6138.24865275199,"wb"
"Montenegro","MNE",2014,"Eastern Europe",0.47,0.188,0.082,0.053,0.32,0.13,5.334,1000,20641.7645176561,6272.08821761355,"wb"
"Montenegro","MNE",2015,"Eastern Europe",0.386,0.191,0.091,0.052,0.383,0.152,5.071,1000,21131.8410316247,6421.00005731419,"wb"
"Montenegro","MNE",2016,"Eastern Europe",0.474,0.158,0.062,0.042,0.282,0.107,5.404,1000,21834.0918741924,6634.38197201003,"wb"
"Montenegro","MNE",2017,"Eastern Europe",0.525576730190572,0.20160481444333,0.0722166499498496,0.0341023069207623,0.261785356068205,0.0561685055165497,5.69408224674022,1000,22513.7807637171,6840.90834101224,"wb"
"Montenegro","MNE",2018,"Eastern Europe",0.526526526526527,0.212212212212212,0.0970970970970971,0.0610610610610611,0.255255255255255,0.0900900900900901,5.67967967967968,1000,23562.1762558957,7159.46778433252,"wb"
"Montenegro","MNE",2019,"Eastern Europe",0.434944237918216,0.152416356877323,0.0641263940520446,0.0446096654275093,0.298327137546468,0.0901486988847584,5.34479553903346,1080,24585.1159529158,7470.29237568568,"wb"
"Montenegro","MNE",2020,"Eastern Europe",0.567269076305221,0.262048192771084,0.118473895582329,0.073293172690763,0.19578313253012,0.0783132530120482,5.97289156626506,1004,20904.5999314513,6351.95187949313,"wb"
"Montenegro","MNE",2022,"Eastern Europe",0.486377396569122,0.147325933400605,0.0676084762865792,0.0423814328960646,0.250252270433905,0.0524722502522704,5.58627648839556,1000,25583.3155690619,7773.59958791074,"wb"
"Mongolia","MNG",2007,"Asia",0.236479321314952,0.0466595970307529,0.0169671261930011,0.00848356309650053,0.419936373276776,0.0890774125132556,4.61081654294804,1000,8750.13407442299,2403.72416258662,"wb"
"Mongolia","MNG",2008,"Asia",0.174668028600613,0.0357507660878447,0.0132788559754852,0.00510725229826353,0.496424923391216,0.0980592441266599,4.39223697650664,1000,9379.85489687765,2576.71295838607,"wb"
"Mongolia","MNG",2010,"Asia",0.21608040201005,0.0562814070351759,0.0251256281407035,0.0130653266331658,0.439195979899497,0.0864321608040201,4.58994974874372,1000,9507.118823625,2611.67326563924,"wb"
"Mongolia","MNG",2011,"Asia",0.303517587939699,0.0864321608040201,0.0351758793969849,0.0201005025125628,0.298492462311558,0.0532663316582915,5.0572864321608,1000,10960.0959283864,3010.81642672623,"wb"
"Mongolia","MNG",2012,"Asia",0.220543806646526,0.0604229607250755,0.0241691842900302,0.0171198388721047,0.40281973816717,0.054380664652568,4.78549848942598,1000,12078.9185320062,3318.16496597089,"wb"
"Mongolia","MNG",2013,"Asia",0.280684104627767,0.0774647887323944,0.028169014084507,0.0150905432595573,0.370221327967807,0.0533199195171026,4.90040241448692,1000,13210.0945665668,3628.90708069575,"wb"
"Mongolia","MNG",2014,"Asia",0.241206030150754,0.078391959798995,0.0291457286432161,0.0160804020100503,0.433165829145729,0.0613065326633166,4.77386934673367,1000,13943.4277148653,3830.35892049593,"wb"
"Mongolia","MNG",2015,"Asia",0.264321608040201,0.106532663316583,0.0371859296482412,0.0221105527638191,0.397989949748744,0.0723618090452261,4.87336683417085,1000,13974.5967260365,3838.92126989984,"wb"
"Mongolia","MNG",2016,"Asia",0.294354838709677,0.0877016129032258,0.03125,0.0171370967741935,0.354838709677419,0.0524193548387097,4.97883064516129,1000,13898.1456953585,3817.91962716702,"wb"
"Mongolia","MNG",2017,"Asia",0.371227364185111,0.189134808853119,0.0764587525150905,0.0442655935613682,0.276659959758551,0.0643863179074447,5.38832997987928,1000,14401.5375067562,3956.2049437134,"wb"
"Mongolia","MNG",2018,"Asia",0.391566265060241,0.172690763052209,0.072289156626506,0.0502008032128514,0.271084337349398,0.0572289156626506,5.42871485943775,1000,15230.2408828847,4183.85566447661,"wb"
"Mongolia","MNG",2019,"Asia",0.433395872420263,0.192307692307692,0.0825515947467167,0.0609756097560976,0.210131332082552,0.0515947467166979,5.64727954971857,1070,15790.6961126441,4337.8167085432,"wb"
"Mongolia","MNG",2020,"Asia",0.569138276553106,0.204408817635271,0.0691382765531062,0.0450901803607214,0.175350701402806,0.0270541082164329,5.95891783567134,1000,14801.3420829185,4066.03410882791,"wb"
"Mongolia","MNG",2021,"Asia",0.440320962888666,0.206619859578736,0.103309929789368,0.0702106318956871,0.215646940822467,0.037111334002006,5.73019057171515,1000,14792.2509086422,4063.53669849245,"wb"
"Mongolia","MNG",2022,"Asia",0.485971943887776,0.248496993987976,0.132264529058116,0.0921843687374749,0.211422845691383,0.0551102204408818,5.87174348697395,1000,15310.4349469163,4205.88554513551,"wb"
"Mongolia","MNG",2023,"Asia",0.44578313253012,0.209839357429719,0.0923694779116466,0.0592369477911647,0.225903614457831,0.0461847389558233,5.68072289156626,1000,16222.8638898529,4456.53627552726,"wb"
"Mozambique","MOZ",2006,"Africa",0.273,0.063,0.011,0.004,0.467,0.111,4.611,1000,1041.80471709595,420.526462764726,"wb"
"Mozambique","MOZ",2007,"Africa",0.312690355329949,0.0477157360406091,0.00710659898477157,0.00304568527918782,0.391878172588833,0.0781725888324873,4.82335025380711,1000,1095.12568701598,442.049574057751,"wb"
"Mozambique","MOZ",2008,"Africa",0.304304304304304,0.0520520520520521,0.016016016016016,0.004004004004004,0.412412412412412,0.0500500500500501,4.84584584584585,1000,1141.94256161019,460.94729485679,"wb"
"Mozambique","MOZ",2011,"Africa",0.381,0.143,0.056,0.016,0.378,0.104,5.072,1000,1275.52959822581,514.869957191994,"wb"
"Mozambique","MOZ",2015,"Africa",0.341513292433538,0.206543967280164,0.140081799591002,0.116564417177914,0.47239263803681,0.257668711656442,4.70449897750511,1000,1512.5997455554,610.563774706589,"wb"
"Mozambique","MOZ",2017,"Africa",0.305526590198123,0.192909280500521,0.124087591240876,0.0969760166840459,0.519290928050052,0.304483837330553,4.46506777893639,1000,1532.0073576114,618.397694360334,"wb"
"Mozambique","MOZ",2018,"Africa",0.356394129979036,0.243186582809224,0.178197064989518,0.151991614255765,0.452830188679245,0.264150943396226,4.85220125786164,1000,1538.83512127022,621.153734194787,"wb"
"Mozambique","MOZ",2019,"Africa",0.419855222337125,0.339193381592554,0.293691830403309,0.273009307135471,0.432264736297828,0.285418821096174,5.21096173733195,1000,1528.88988354373,617.13932000195,"wb"
"Mozambique","MOZ",2021,"Africa",0.453940066592675,0.324084350721421,0.264150943396226,0.226415094339623,0.377358490566038,0.258601553829079,5.36293007769145,1000,1457.23540930922,588.215854695416,"wb"
"Mozambique","MOZ",2022,"Africa",0.374331550802139,0.258823529411765,0.205347593582888,0.180748663101604,0.438502673796791,0.253475935828877,4.97860962566845,1000,1476.73432917026,596.086630918965,"wb"
"Mozambique","MOZ",2023,"Africa",0.480208333333333,0.35625,0.280208333333333,0.246875,0.325,0.232291666666667,5.62708333333333,1000,1512.66729609671,610.591041611538,"wb"
"Mauritania","MRT",2007,"Africa",0.239378238341969,0.0404145077720207,0.00207253886010363,0,0.592746113989637,0.221761658031088,4.15440414507772,1000,6002.77832134488,1567.52103874761,"wb"
"Mauritania","MRT",2008,"Africa",0.213250517598344,0.0186335403726708,0.0010351966873706,0,0.523809523809524,0.154244306418219,4.25672877846791,1000,5813.35608502791,1518.05671993749,"wb"
"Mauritania","MRT",2009,"Africa",0.24537037037037,0.0298353909465021,0.00462962962962963,0.00051440329218107,0.491769547325103,0.105452674897119,4.48765432098765,1984,5639.78744910419,1472.73229282851,"wb"
"Mauritania","MRT",2010,"Africa",0.305,0.062,0.0115,0.001,0.433,0.0605,4.81,2000,5605.76388862715,1463.84763242531,"wb"
"Mauritania","MRT",2011,"Africa",0.327663831915958,0.0720360180090045,0.0220110055027514,0.00200100050025012,0.467233616808404,0.0685342671335668,4.81490745372686,2000,5653.21720092427,1476.23923867862,"wb"
"Mauritania","MRT",2012,"Africa",0.293172690763052,0.0512048192771084,0.00401606425702811,0.00100401606425703,0.412650602409639,0.0261044176706827,4.8504016064257,1000,5716.25195414285,1492.69966692583,"wb"
"Mauritania","MRT",2013,"Africa",0.248490945674044,0.03420523138833,0.0191146881287726,0.0100603621730382,0.562374245472837,0.133802816901408,4.35110663983903,1008,5769.72870902318,1506.66419033006,"wb"
"Mauritania","MRT",2014,"Africa",0.300200803212851,0.0682730923694779,0.0381526104417671,0.0220883534136546,0.473895582329317,0.0933734939759036,4.74598393574297,1000,5837.85203095508,1524.45340969502,"wb"
"Mauritania","MRT",2015,"Africa",0.157314629258517,0.0250501002004008,0.0100200400801603,0,0.662324649298597,0.1312625250501,4.01703406813627,1000,5969.54239289516,1558.84205473416,"wb"
"Mauritania","MRT",2016,"Africa",0.28672032193159,0.0885311871227364,0.0402414486921529,0.0231388329979879,0.509054325955734,0.142857142857143,4.51106639839034,1000,5866.28144674129,1531.87725661699,"wb"
"Mauritania","MRT",2017,"Africa",0.358239508700102,0.0880245649948823,0.0388945752302968,0.0245649948822927,0.411463664278403,0.122824974411464,4.79529170931423,1000,6050.62180325299,1580.01453100123,"wb"
"Mauritania","MRT",2018,"Africa",0.274468085106383,0.0765957446808511,0.0361702127659574,0.0265957446808511,0.490425531914894,0.134042553191489,4.58191489361702,1000,6153.63790241704,1606.91539159026,"wb"
"Mauritania","MRT",2019,"Africa",0.247211895910781,0.0947955390334572,0.0706319702602231,0.0631970260223048,0.535315985130111,0.194237918215613,4.35130111524164,1100,6162.21044455969,1609.15396170643,"wb"
"Mauritania","MRT",2022,"Africa",0.358163265306122,0.226530612244898,0.180612244897959,0.156122448979592,0.507142857142857,0.247959183673469,4.82959183673469,1000,6053.26178124768,1580.70391528747,"wb"
"Mauritania","MRT",2023,"Africa",0.228140703517588,0.0994974874371859,0.0663316582914573,0.0512562814070352,0.522613065326633,0.221105527638191,4.35376884422111,1000,6276.47521075653,1638.99221583023,"wb"
"Mauritius","MUS",2011,"Africa",0.461384152457372,0.140421263791374,0.0561685055165497,0.0341023069207623,0.224674022066199,0.0571715145436309,5.54463390170512,1000,19678.6022639733,8423.28220250903,"wb"
"Mauritius","MUS",2014,"Africa",0.513540621865597,0.166499498495486,0.0762286860581745,0.0491474423269809,0.216649949849549,0.0531594784353059,5.68605817452357,1000,21721.3096444788,9297.64820128968,"wb"
"Mauritius","MUS",2016,"Africa",0.468341708542714,0.193969849246231,0.0703517587939698,0.0472361809045226,0.25929648241206,0.0592964824120603,5.58793969849246,1000,23357.230006621,9997.89198315532,"wb"
"Mauritius","MUS",2017,"Africa",0.551411290322581,0.265120967741935,0.14616935483871,0.0987903225806452,0.158266129032258,0.0493951612903226,6.13407258064516,1000,24258.988821567,10383.8832682578,"wb"
"Mauritius","MUS",2018,"Africa",0.585095669687815,0.272910372608258,0.122860020140987,0.0845921450151057,0.168177240684794,0.0694864048338369,6.06243705941591,1000,25243.886462031,10805.4615213739,"wb"
"Mauritius","MUS",2019,"Africa",0.610576923076923,0.273076923076923,0.118269230769231,0.0817307692307692,0.120192307692308,0.05,6.24711538461538,1059,25958.4900281465,11111.3423669526,"wb"
"Mauritius","MUS",2020,"Africa",0.57429718875502,0.245983935742972,0.103413654618474,0.0682730923694779,0.163654618473896,0.0431726907630522,6.10240963855422,1000,22272.5398696677,9533.5982796049,"wb"
"Mauritius","MUS",2021,"Africa",0.598584428715875,0.234580384226491,0.104145601617796,0.0697674418604651,0.145601617795753,0.0556117290192113,6.11122345803842,1000,23010.2013826906,9849.34891121846,"wb"
"Mauritius","MUS",2022,"Africa",0.519269776876268,0.226166328600406,0.101419878296146,0.0649087221095335,0.182555780933063,0.0618661257606491,5.85496957403651,1000,25005.0666145723,10703.2364271462,"wb"
"Mauritius","MUS",2023,"Africa",0.536831483350151,0.208879919273461,0.0928355196770938,0.0575176589303734,0.169525731584258,0.0554994954591322,5.90110998990918,1000,26471.0351422892,11330.7335655767,"wb"
"Malawi","MWI",2006,"Africa",0.223223223223223,0.0760760760760761,0.031031031031031,0.017017017017017,0.573573573573574,0.225225225225225,4.13313313313313,1000,1237.27386519947,417.877689776503,"wb"
"Malawi","MWI",2007,"Africa",0.305305305305305,0.0550550550550551,0.03003003003003,0.02002002002002,0.422422422422422,0.138138138138138,4.64964964964965,1000,1318.33196397214,445.254305419586,"wb"
"Malawi","MWI",2009,"Africa",0.375,0.177,0.102,0.066,0.377,0.12,5.165,1000,1449.72601522136,489.631418790158,"wb"
"Malawi","MWI",2011,"Africa",0.196,0.097,0.065,0.049,0.61,0.298,3.944,1000,1533.22889572405,517.833736624232,"wb"
"Malawi","MWI",2012,"Africa",0.272545090180361,0.133266533066132,0.107214428857715,0.0911823647294589,0.511022044088176,0.233466933867735,4.44689378757515,1000,1518.14803849238,512.74031797451,"wb"
"Malawi","MWI",2013,"Africa",0.238,0.121,0.087,0.066,0.547,0.266,4.214,1000,1555.50607410511,525.357645516557,"wb"
"Malawi","MWI",2014,"Africa",0.294,0.19,0.136,0.076,0.526,0.254,4.522,1000,1597.56484331405,539.562601918057,"wb"
"Malawi","MWI",2015,"Africa",0.20523138832998,0.0925553319919517,0.0593561368209256,0.0392354124748491,0.551307847082495,0.324949698189135,3.90845070422535,1000,1597.69145324855,539.605363240686,"wb"
"Malawi","MWI",2016,"Africa",0.145290581162325,0.061122244488978,0.0340681362725451,0.0190380761523046,0.645290581162325,0.355711422845691,3.59018036072144,1000,1593.59549264808,538.221990810959,"wb"
"Malawi","MWI",2017,"Africa",0.197183098591549,0.096579476861167,0.0764587525150905,0.0603621730382294,0.612676056338028,0.424547283702213,3.59657947686117,1000,1613.0593571462,544.795729220349,"wb"
"Malawi","MWI",2018,"Africa",0.18935516888434,0.12589559877175,0.100307062436029,0.0849539406345957,0.649948822927329,0.489252814738997,3.34902763561924,1000,1638.91665761076,553.528790902088,"wb"
"Malawi","MWI",2019,"Africa",0.263429752066116,0.207644628099174,0.184917355371901,0.175619834710744,0.576446280991736,0.454545454545455,3.85640495867769,1000,1687.28944917892,569.866249371948,"wb"
"Malawi","MWI",2021,"Africa",0.25929648241206,0.17286432160804,0.149748743718593,0.130653266331658,0.578894472361809,0.449246231155779,3.74773869346734,1000,1687.59358179651,569.968967322435,"wb"
"Malawi","MWI",2022,"Africa",0.210050251256281,0.149748743718593,0.124623115577889,0.107537688442211,0.646231155778894,0.524623115577889,3.34371859296482,1000,1659.95933825168,560.635759714941,"wb"
"Malawi","MWI",2023,"Africa",0.195367573011078,0.133937562940584,0.100704934541793,0.0916414904330312,0.644511581067472,0.502517623363545,3.34138972809668,1002,1649.29873234551,557.03523965791,"wb"
"Malaysia","MYS",2006,"Asia",0.630109670987039,0.180458624127617,0.0498504486540379,0.0189431704885344,0.11864406779661,0.0179461615154536,6.08474576271186,1012,21444.4857715028,7469.8106921211,"wb"
"Malaysia","MYS",2007,"Asia",0.672371638141809,0.231458842705786,0.0635696821515892,0.0236348818255909,0.0961695191524042,0.0171149144254279,6.28850855745721,1233,22305.118263117,7769.59693350488,"wb"
"Malaysia","MYS",2008,"Asia",0.573158425832492,0.156407669021191,0.0454086781029263,0.0181634712411705,0.141271442986882,0.0252270433905146,5.88092835519677,1000,22898.0027575442,7976.11785374773,"wb"
"Malaysia","MYS",2009,"Asia",0.438683948155533,0.098703888334995,0.0309072781655035,0.0159521435692921,0.162512462612164,0.0378863409770688,5.51046859421735,1011,22106.6417311801,7700.46111294033,"wb"
"Malaysia","MYS",2010,"Asia",0.487487487487487,0.0900900900900901,0.031031031031031,0.017017017017017,0.136136136136136,0.021021021021021,5.62262262262262,1000,23307.9698543785,8118.92270511981,"wb"
"Malaysia","MYS",2011,"Asia",0.556556556556557,0.143143143143143,0.037037037037037,0.00900900900900901,0.131131131131131,0.017017017017017,5.84584584584585,1000,24115.8181203958,8400.32248683558,"wb"
"Malaysia","MYS",2012,"Asia",0.571142284569138,0.148296593186373,0.0470941883767535,0.0240480961923848,0.110220440881764,0.0190380761523046,5.93186372745491,1000,25006.3587781537,8710.52671359902,"wb"
"Malaysia","MYS",2013,"Asia",0.468341708542714,0.193969849246231,0.0914572864321608,0.071356783919598,0.18391959798995,0.0522613065326633,5.75879396984925,1000,25736.3525554142,8964.80724896203,"wb"
"Malaysia","MYS",2014,"Asia",0.52195860676426,0.240282685512367,0.122665320545179,0.0913679959616355,0.159515396264513,0.0479555779909137,5.99646643109541,2008,26818.4317281659,9341.73055971278,"wb"
"Malaysia","MYS",2015,"Asia",0.583416583416583,0.241758241758242,0.112887112887113,0.0939060939060939,0.143856143856144,0.042957042957043,6.11188811188811,1002,27699.6278860387,9648.6797937523,"wb"
"Malaysia","MYS",2018,"Asia",0.348439073514602,0.0936555891238671,0.0352467270896274,0.027190332326284,0.248741188318228,0.0332326283987915,5.29405840886203,1000,30459.9655338061,10610.1950240479,"wb"
"Malaysia","MYS",2019,"Asia",0.400194741966894,0.177215189873418,0.0759493670886076,0.053554040895813,0.278481012658228,0.0808179162609542,5.38169425511198,1060,31300.5086554849,10902.9834855856,"wb"
"Malaysia","MYS",2020,"Asia",0.580020387359837,0.298674821610601,0.155963302752294,0.122324159021407,0.109072375127421,0.0326197757390418,6.35270132517839,1000,29200.452632127,10171.4657842762,"wb"
"Malaysia","MYS",2021,"Asia",0.590180360721443,0.272545090180361,0.106212424849699,0.0781563126252505,0.141282565130261,0.0591182364729459,6.10320641282565,1000,29822.8491831618,10388.2667120857,"wb"
"Malaysia","MYS",2022,"Asia",0.503597122302158,0.250770811921891,0.139773895169579,0.100719424460432,0.147995889003083,0.0339157245632066,6.06577595066804,1000,32129.2217820113,11191.6511756943,"wb"
"Malaysia","MYS",2023,"Asia",0.469160768452983,0.201213346814965,0.102123356926188,0.0728008088978766,0.185035389282103,0.057633973710819,5.77148634984833,1000,32857.6676600774,11445.3925275079,"wb"
"Namibia","NAM",2007,"Africa",0.32,0.045,0.011,0.005,0.35,0.07,4.902,1000,10162.2400708746,3987.61796106565,"wb"
"Namibia","NAM",2014,"Africa",0.313705583756345,0.14010152284264,0.083248730964467,0.0649746192893401,0.46497461928934,0.251776649746193,4.48426395939086,1000,11982.6963648348,4701.95694189098,"wb"
"Namibia","NAM",2017,"Africa",0.324214792299899,0.151975683890578,0.0911854103343465,0.0709219858156028,0.447821681864235,0.252279635258359,4.60081053698075,1000,11408.7253099967,4476.73324402105,"wb"
"Namibia","NAM",2018,"Africa",0.310552763819095,0.100502512562814,0.0391959798994975,0.0241206030150754,0.374874371859297,0.085427135678392,4.92361809045226,1005,11214.38604306,4400.47537705743,"wb"
"Namibia","NAM",2019,"Africa",0.334004024144869,0.154929577464789,0.104627766599598,0.079476861167002,0.461770623742455,0.243460764587525,4.57344064386318,1002,10813.3044681944,4243.09274481966,"wb"
"Namibia","NAM",2020,"Africa",0.353596757852077,0.163120567375887,0.0942249240121581,0.0699088145896656,0.414387031408308,0.233029381965552,4.67679837892604,1000,9652.24827219463,3787.49943973286,"wb"
"Namibia","NAM",2021,"Africa",0.321965897693079,0.146439317953862,0.101303911735206,0.0812437311935807,0.480441323971916,0.216649949849549,4.61083249749248,1001,9709.09930646771,3809.80753359714,"wb"
"Namibia","NAM",2022,"Africa",0.378787878787879,0.170707070707071,0.1,0.0828282828282828,0.363636363636364,0.160606060606061,5.05353535353535,1003,9953.09752403491,3905.55135268164,"wb"
"Namibia","NAM",2023,"Africa",0.456369107321966,0.158475426278837,0.074222668004012,0.0381143430290873,0.328986960882648,0.125376128385155,5.21263791374122,1000,10126.2359555611,3973.49010579998,"wb"
"Niger","NER",2006,"Africa",0.141141141141141,0.01001001001001,0.004004004004004,0.002002002002002,0.632632632632633,0.242242242242242,3.8028028028028,1000,1267.601412271,415.852022114801,"wb"
"Niger","NER",2007,"Africa",0.197286012526096,0.0375782881002088,0.00313152400835073,0,0.52713987473904,0.0824634655532359,4.41440501043841,1000,1260.18545165015,413.419126261066,"wb"
"Niger","NER",2008,"Africa",0.162,0.013,0.003,0.003,0.531,0.107,4.25,1000,1308.2751730424,429.195542798877,"wb"
"Niger","NER",2009,"Africa",0.174219536757301,0.00704934541792548,0.00201409869083585,0,0.525679758308157,0.0996978851963746,4.32426988922457,1000,1285.27757373191,421.650901333136,"wb"
"Niger","NER",2010,"Africa",0.147,0.004,0,0,0.622,0.081,4.149,1000,1344.4988701596,441.079166112039,"wb"
"Niger","NER",2011,"Africa",0.228,0.027,0.009,0.003,0.441,0.076,4.577,1000,1325.92646987416,434.986264873953,"wb"
"Niger","NER",2012,"Africa",0.076,0.01,0.004,0.001,0.74,0.141,3.77,1000,1411.52001409831,463.066265496402,"wb"
"Niger","NER",2013,"Africa",0.143849206349206,0.0367063492063492,0.0119047619047619,0.00496031746031746,0.705357142857143,0.16468253968254,3.83730158730159,1008,1431.71115490341,469.690214200878,"wb"
"Niger","NER",2014,"Africa",0.176470588235294,0.0538384845463609,0.0119641076769691,0.0069790628115653,0.601196410767697,0.143569292123629,4.20239282153539,1008,1471.50554729559,482.74524741946,"wb"
"Niger","NER",2015,"Africa",0.15346038114343,0.0341023069207623,0.0200601805416249,0.0150451354062187,0.640922768304915,0.287863590772317,3.77833500501505,1000,1480.39815168147,485.662574175279,"wb"
"Niger","NER",2016,"Africa",0.244421906693712,0.0933062880324544,0.0537525354969574,0.0365111561866126,0.577079107505071,0.196754563894523,4.33367139959432,1000,1488.08648074655,488.184823801581,"wb"
"Niger","NER",2017,"Africa",0.25914315569488,0.157784743991641,0.122257053291536,0.0971786833855799,0.512016718913271,0.239289446185998,4.57366771159875,1000,1515.48307317618,497.172608329608,"wb"
"Niger","NER",2018,"Africa",0.414634146341463,0.315718157181572,0.261517615176152,0.235772357723577,0.425474254742547,0.289972899728997,5.23848238482385,1000,1565.01970005142,513.423699765289,"wb"
"Niger","NER",2019,"Africa",0.332631578947368,0.228421052631579,0.186315789473684,0.169473684210526,0.389473684210526,0.196842105263158,5.06631578947368,1000,1605.19476569029,526.60361746086,"wb"
"Niger","NER",2022,"Africa",0.271875,0.1625,0.133333333333333,0.128125,0.489583333333333,0.205208333333333,4.68958333333333,1000,1724.89699425215,565.873385794358,"wb"
"Niger","NER",2023,"Africa",0.296296296296296,0.18018018018018,0.143143143143143,0.119119119119119,0.473473473473473,0.217217217217217,4.73673673673674,1000,1712.97031726521,561.960694711722,"wb"
"Nigeria","NGA",2006,"Africa",0.310975609756098,0.0680894308943089,0.0223577235772358,0.0121951219512195,0.446138211382114,0.105691056910569,4.72764227642276,1000,6702.94533333874,1949.15856804582,"wb"
"Nigeria","NGA",2007,"Africa",0.329280648429585,0.0618034447821682,0.0253292806484296,0.0121580547112462,0.39209726443769,0.0476190476190476,4.95744680851064,1000,6949.42650711567,2020.83316299437,"wb"
"Nigeria","NGA",2008,"Africa",0.307459677419355,0.0756048387096774,0.0241935483870968,0.0100806451612903,0.407258064516129,0.0725806451612903,4.87096774193548,1000,7215.76946195762,2098.2833922073,"wb"
"Nigeria","NGA",2009,"Africa",0.372983870967742,0.104838709677419,0.0463709677419355,0.0211693548387097,0.394153225806452,0.0897177419354839,4.99596774193548,1000,7581.40572089092,2204.60725603823,"wb"
"Nigeria","NGA",2010,"Africa",0.343,0.061,0.022,0.015,0.408,0.121,4.782,1000,7962.63957281031,2315.46676509642,"wb"
"Nigeria","NGA",2012,"Africa",0.508270676691729,0.119799498746867,0.0461152882205514,0.0235588972431078,0.249122807017544,0.0461152882205514,5.56791979949875,2000,8265.90551181051,2403.65387896987,"wb"
"Nigeria","NGA",2013,"Africa",0.37111334002006,0.116349047141424,0.0541624874623872,0.0250752256770311,0.422266800401204,0.109327983951856,4.98495486459378,1002,8581.20782264031,2495.34106573862,"wb"
"Nigeria","NGA",2015,"Africa",0.431293881644935,0.138415245737212,0.074222668004012,0.0381143430290873,0.37913741223671,0.101303911735206,5.20962888665998,1000,8892.05798673631,2585.73360671797,"wb"
"Nigeria","NGA",2016,"Africa",0.415384615384615,0.177435897435897,0.135384615384615,0.116923076923077,0.340512820512821,0.146666666666667,5.26974358974359,1000,8534.69281482375,2481.81490350403,"wb"
"Nigeria","NGA",2017,"Africa",0.421923474663909,0.255429162357808,0.195449844881076,0.16028955532575,0.364012409513961,0.147880041365047,5.43743536711479,1000,8396.78452243227,2441.71236404537,"wb"
"Nigeria","NGA",2018,"Africa",0.424242424242424,0.206896551724138,0.137931034482759,0.110762800417973,0.359456635318704,0.155694879832811,5.28004179728318,1000,8362.62330860296,2431.77857832597,"wb"
"Nigeria","NGA",2019,"Africa",0.314080656185919,0.137730690362269,0.0977443609022556,0.0792891319207109,0.512645249487355,0.254955570745044,4.46138072453862,3000,8361.78664836,2431.53528475874,"wb"
"Nigeria","NGA",2020,"Africa",0.450939457202505,0.195198329853862,0.115866388308977,0.0918580375782881,0.297494780793319,0.0866388308977036,5.53966597077244,1004,7664.21099575168,2228.68631426529,"wb"
"Nigeria","NGA",2021,"Africa",0.288888888888889,0.138383838383838,0.0909090909090909,0.0686868686868687,0.52020202020202,0.181818181818182,4.6040404040404,1000,7588.47885587002,2206.66406255564,"wb"
"Nigeria","NGA",2022,"Africa",0.423694779116466,0.210843373493976,0.157630522088353,0.143574297188755,0.370481927710843,0.106425702811245,5.45883534136546,1000,7752.26206495247,2254.29080414598,"wb"
"Nigeria","NGA",2023,"Africa",0.397773279352227,0.134615384615385,0.0708502024291498,0.0597165991902834,0.395748987854251,0.134615384615385,5.01518218623482,1000,7843.00399007675,2280.67777167162,"wb"
"Nicaragua","NIC",2006,"Latin America",0.335403726708075,0.186335403726708,0.0962732919254658,0.0714285714285714,0.43064182194617,0.197722567287785,4.79606625258799,1001,5500.40543544526,1644.37193565251,"wb"
"Nicaragua","NIC",2007,"Latin America",0.380522088353414,0.201807228915663,0.108433734939759,0.0843373493975904,0.384538152610442,0.194779116465863,4.92771084337349,1000,5697.2107429964,1703.20780299405,"wb"
"Nicaragua","NIC",2008,"Latin America",0.407221664994985,0.207622868605817,0.107321965897693,0.0672016048144433,0.370110330992979,0.155466399197593,5.13340020060181,1000,5809.09928522386,1736.65740610408,"wb"
"Nicaragua","NIC",2009,"Latin America",0.455179282868526,0.235059760956175,0.121513944223108,0.0607569721115538,0.328685258964143,0.131474103585657,5.3605577689243,1012,5538.36555049931,1655.72028962416,"wb"
"Nicaragua","NIC",2010,"Latin America",0.486868686868687,0.253535353535354,0.13030303030303,0.0626262626262626,0.292929292929293,0.107070707070707,5.56868686868687,1000,5701.12754906379,1704.37875049059,"wb"
"Nicaragua","NIC",2011,"Latin America",0.415478615071283,0.240325865580448,0.146639511201629,0.10183299389002,0.367617107942974,0.157841140529532,5.27189409368635,1003,5976.25247519395,1786.62863418308,"wb"
"Nicaragua","NIC",2012,"Latin America",0.394250513347023,0.226899383983573,0.14476386036961,0.102669404517454,0.35523613963039,0.0995893223819302,5.41375770020534,1000,6275.78730248003,1876.1759720149,"wb"
"Nicaragua","NIC",2013,"Latin America",0.478306878306878,0.258201058201058,0.148148148148148,0.117460317460317,0.277248677248677,0.0931216931216931,5.73862433862434,1000,6494.14920922407,1941.45628552626,"wb"
"Nicaragua","NIC",2014,"Latin America",0.564668769716088,0.374342797055731,0.214511041009464,0.169295478443743,0.221871713985279,0.0956887486855941,6.22292323869611,1000,6712.21708286288,2006.64869646533,"wb"
"Nicaragua","NIC",2015,"Latin America",0.528042328042328,0.317460317460317,0.186243386243386,0.140740740740741,0.253968253968254,0.152380952380952,5.7968253968254,1000,6939.03243274344,2074.45620634731,"wb"
"Nicaragua","NIC",2016,"Latin America",0.516985138004246,0.305732484076433,0.18895966029724,0.139065817409766,0.270700636942675,0.127388535031847,5.80891719745223,1000,7158.75755467501,2140.14405941606,"wb"
"Nicaragua","NIC",2017,"Latin America",0.611801242236025,0.386128364389234,0.239130434782609,0.186335403726708,0.180124223602484,0.0942028985507246,6.37370600414079,1000,7391.19638215265,2209.63273423213,"wb"
"Nicaragua","NIC",2018,"Latin America",0.509885535900104,0.280957336108221,0.161290322580645,0.135275754422477,0.246618106139438,0.112382934443288,5.80749219562955,1000,7049.02709828403,2107.3396261623,"wb"
"Nicaragua","NIC",2019,"Latin America",0.566951566951567,0.358024691358025,0.223171889838557,0.174738841405508,0.212725546058879,0.110161443494777,6.15479582146249,1080,6756.59334024487,2019.91518620044,"wb"
"Nicaragua","NIC",2020,"Latin America",0.61066398390342,0.344064386317907,0.190140845070423,0.128772635814889,0.150905432595573,0.0422535211267606,6.4748490945674,1002,6523.36944661195,1950.19181218473,"wb"
"Nicaragua","NIC",2021,"Latin America",0.522680412371134,0.363917525773196,0.242268041237113,0.2,0.231958762886598,0.125773195876289,6.07113402061856,1010,7119.16874782601,2128.30880041334,"wb"
"Nicaragua","NIC",2022,"Latin America",0.598771750255885,0.394063459570113,0.248720573183214,0.200614124872057,0.204708290685773,0.114636642784033,6.31934493346981,1000,7277.82041652584,2175.73845893874,"wb"
"Nicaragua","NIC",2023,"Latin America",0.576962283384302,0.388379204892966,0.234454638124363,0.194699286442406,0.188583078491335,0.106014271151886,6.34148827726809,1000,7496.53056557505,2241.1228811163,"wb"
"Netherlands","NLD",2006,"Western",0.951758793969849,0.579899497487437,0.143718592964824,0.0331658291457286,0.014070351758794,0.00402010050251256,7.56180904522613,1000,60391.5155033324,43841.0915818567,"wb"
"Netherlands","NLD",2007,"Western",0.926780341023069,0.609829488465396,0.148445336008024,0.0381143430290873,0.0351053159478435,0.0100300902708124,7.50952858575727,1000,62601.6612832425,45445.542186196,"wb"
"Netherlands","NLD",2008,"Western",0.957873620862588,0.615847542627884,0.139418254764293,0.0200601805416249,0.0130391173520562,0.00100300902708124,7.61384152457372,1000,63678.4005491428,46227.1987545514,"wb"
"Netherlands","NLD",2010,"Western",0.932865731462926,0.584168336673347,0.143286573146293,0.0581162324649299,0.0230460921843687,0.00801603206412826,7.52304609218437,1001,61518.5768954231,44659.2793901474,"wb"
"Netherlands","NLD",2011,"Western",0.922535211267606,0.606639839034205,0.142857142857143,0.045271629778672,0.0372233400402414,0.00905432595573441,7.49195171026157,1000,62318.1391154389,45239.7198745589,"wb"
"Netherlands","NLD",2012,"Western",0.942942942942943,0.596596596596597,0.151151151151151,0.031031031031031,0.028028028028028,0.00900900900900901,7.54554554554555,1000,61480.8416416324,44631.8855633239,"wb"
"Netherlands","NLD",2013,"Western",0.938666666666667,0.604,0.138666666666667,0.0333333333333333,0.024,0.008,7.544,751,61281.3125686741,44487.0378593394,"wb"
"Netherlands","NLD",2014,"Western",0.912912912912913,0.545545545545546,0.118118118118118,0.0295295295295295,0.0445445445445445,0.00950950950950951,7.34984984984985,2002,62045.849197561,45042.0515907444,"wb"
"Netherlands","NLD",2015,"Western",0.900199600798403,0.545908183632735,0.136726546906188,0.0269461077844311,0.0489021956087824,0.0109780439121756,7.32335329341317,1003,63081.4083495966,45793.8135434697,"wb"
"Netherlands","NLD",2016,"Western",0.936,0.61,0.169,0.03,0.03,0.003,7.554,1000,64267.7476553623,46655.0340264754,"wb"
"Netherlands","NLD",2017,"Western",0.921,0.603,0.155,0.036,0.034,0.004,7.508,1001,65665.9910229578,47670.0858101833,"wb"
"Netherlands","NLD",2018,"Western",0.94311377245509,0.596806387225549,0.135728542914172,0.0269461077844311,0.0229540918163673,0.00598802395209581,7.52295409181637,1002,66758.2454283317,48463.0055608731,"wb"
"Netherlands","NLD",2019,"Western",0.931906614785992,0.615758754863813,0.165369649805447,0.0311284046692607,0.0282101167315175,0.00583657587548638,7.54669260700389,1029,67847.8818461095,49254.024789064,"wb"
"Netherlands","NLD",2020,"Western",0.948258706467662,0.621890547263682,0.148258706467662,0.017910447761194,0.0208955223880597,0.00398009950248756,7.58407960199005,1006,64862.1890353474,47086.5674755497,"wb"
"Netherlands","NLD",2021,"Western",0.936936936936937,0.56956956956957,0.135135135135135,0.018018018018018,0.018018018018018,0.005005005005005,7.48148148148148,1000,68573.5648786447,49780.8328352542,"wb"
"Netherlands","NLD",2022,"Western",0.921471172962227,0.597415506958251,0.150099403578529,0.0298210735586481,0.0298210735586481,0.00397614314115308,7.49502982107356,1006,71324.0360229425,51777.5314828276,"wb"
"Netherlands","NLD",2023,"Western",0.911330049261084,0.535960591133005,0.135960591133005,0.025615763546798,0.0532019704433498,0.00985221674876847,7.32906403940887,1016,70198.9546022361,50960.7810305308,"wb"
"Norway","NOR",2006,"Western",0.87061183550652,0.55667001003009,0.223671013039117,0.0962888665997994,0.037111334002006,0.00802407221664995,7.46138415245737,1001,85653.1367825864,75428.8816534082,"wb"
"Norway","NOR",2008,"Western",0.900302114803625,0.59718026183283,0.238670694864048,0.104733131923464,0.0322255790533736,0.00704934541792548,7.60825780463243,1000,87297.3980291813,76876.8705028009,"wb"
"Norway","NOR",2012,"Western",0.880281690140845,0.635814889336016,0.271629778672032,0.129778672032193,0.0462776659959759,0.00905432595573441,7.6579476861167,1004,85925.8723352057,75669.0612719716,"wb"
"Norway","NOR",2014,"Western",0.886101354741596,0.577521324636227,0.238334169593578,0.0973406924234822,0.0421475163070748,0.0105368790767687,7.52032112393377,2000,86790.7924625691,76430.7374974687,"wb"
"Norway","NOR",2015,"Western",0.901,0.64,0.287,0.094,0.032,0.009,7.693,1005,87688.1196708993,77220.9524311414,"wb"
"Norway","NOR",2016,"Western",0.912912912912913,0.635135135135135,0.281281281281281,0.110610610610611,0.034034034034034,0.00750750750750751,7.71621621621622,2000,88041.6414808956,77532.2750022669,"wb"
"Norway","NOR",2017,"Western",0.897897897897898,0.641641641641642,0.273273273273273,0.0970970970970971,0.039039039039039,0.01001001001001,7.66066066066066,1000,89664.9086415829,78961.7757906168,"wb"
"Norway","NOR",2018,"Western",0.896896896896897,0.621621621621622,0.242242242242242,0.0850850850850851,0.035035035035035,0.005005005005005,7.60860860860861,1000,90064.0687974358,79313.2889434042,"wb"
"Norway","NOR",2019,"Western",0.886608015640274,0.589442815249267,0.228739002932551,0.0860215053763441,0.0449657869012708,0.0127077223851417,7.50830889540567,1025,90772.9017041865,79937.5097885912,"wb"
"Norway","NOR",2020,"Western",0.868,0.542,0.218,0.074,0.046,0.007,7.389,1000,89012.2723804504,78387.0435023102,"wb"
"Norway","NOR",2021,"Western",0.888778550148957,0.585898709036743,0.226415094339623,0.0734856007944389,0.041708043694141,0.00893743793445879,7.52035749751738,1007,92205.7698636049,81199.3391492139,"wb"
"Norway","NOR",2022,"Western",0.878121878121878,0.566433566433566,0.225774225774226,0.0889110889110889,0.04995004995005,0.00699300699300699,7.47752247752248,1002,95109.8201605729,83756.7383805061,"wb"
"Norway","NOR",2023,"Western",0.871513944223108,0.51593625498008,0.201195219123506,0.0577689243027888,0.0458167330677291,0.00597609561752988,7.34760956175299,1004,94364.9641754336,83100.7944645872,"wb"
"Nepal","NPL",2006,"Asia",0.141987829614604,0.0344827586206897,0.0202839756592292,0.0182555780933063,0.381338742393509,0.0862068965517241,4.54766734279919,1002,2641.34799494749,617.477638588722,"wb"
"Nepal","NPL",2007,"Asia",0.234642497482377,0.05337361530715,0.0261832829808661,0.0181268882175227,0.410876132930514,0.0936555891238671,4.65558912386707,1000,2708.7143922589,633.226129136597,"wb"
"Nepal","NPL",2008,"Asia",0.174825174825175,0.038961038961039,0.014985014985015,0.00599400599400599,0.393606393606394,0.0979020979020979,4.57442557442557,1003,2852.60983167965,666.865095417138,"wb"
"Nepal","NPL",2009,"Asia",0.272545090180361,0.062124248496994,0.0230460921843687,0.00901803607214429,0.337675350701403,0.0881763527054108,4.83166332665331,1002,2961.83900365912,692.400000816919,"wb"
"Nepal","NPL",2010,"Asia",0.23630831643002,0.0496957403651116,0.0152129817444219,0.00405679513184584,0.53448275862069,0.182555780933063,4.29107505070994,1000,3085.31407004502,721.265221364302,"wb"
"Nepal","NPL",2011,"Asia",0.10688591983556,0.0092497430626927,0.00719424460431655,0.00513874614594039,0.667009249743063,0.224049331963001,3.70195272353546,1000,3176.65040602417,742.617252662576,"wb"
"Nepal","NPL",2012,"Asia",0.149946638207044,0.0421558164354322,0.0170757737459979,0.00853788687299893,0.538954108858058,0.186232657417289,4.13767342582711,2000,3316.50073452021,775.310578479839,"wb"
"Nepal","NPL",2013,"Asia",0.225048923679061,0.0724070450097847,0.0410958904109589,0.0205479452054795,0.399217221135029,0.11839530332681,4.66438356164384,1050,3426.5579593796,801.039060847856,"wb"
"Nepal","NPL",2014,"Asia",0.277432712215321,0.100414078674948,0.0559006211180124,0.0331262939958592,0.353002070393375,0.109730848861284,4.90062111801242,1050,3621.73168937112,846.665541773599,"wb"
"Nepal","NPL",2015,"Asia",0.304118268215417,0.167898627243928,0.108764519535375,0.0770855332629356,0.390707497360084,0.209081309398099,4.8078141499472,1000,3745.26182249477,875.543635474862,"wb"
"Nepal","NPL",2016,"Asia",0.375132837407014,0.137088204038257,0.0818278427205101,0.053134962805526,0.295430393198725,0.134962805526036,5.12433581296493,1000,3743.7445783578,875.188943730855,"wb"
"Nepal","NPL",2017,"Asia",0.285123966942149,0.139462809917355,0.102272727272727,0.0712809917355372,0.43698347107438,0.191115702479339,4.75619834710744,1000,4071.70431755798,951.857298563641,"wb"
"Nepal","NPL",2018,"Asia",0.327551020408163,0.197959183673469,0.157142857142857,0.128571428571429,0.405102040816327,0.216326530612245,4.92959183673469,1000,4371.38571771897,1021.91492204011,"wb"
"Nepal","NPL",2019,"Asia",0.403787103377687,0.277891504605937,0.224155578300921,0.185261003070624,0.349539406345957,0.203172978505629,5.40890481064483,2095,4607.52454717112,1077.11796498188,"wb"
"Nepal","NPL",2020,"Asia",0.547642928786359,0.264794383149448,0.16950852557673,0.117352056168506,0.208625877632899,0.0832497492477432,6.03009027081244,1000,4412.5420439395,1031.53618783934,"wb"
"Nepal","NPL",2021,"Asia",0.276876267748479,0.169371196754564,0.128803245436105,0.107505070993915,0.441176470588235,0.228194726166329,4.67647058823529,1000,4546.22970006289,1062.7888430629,"wb"
"Nepal","NPL",2022,"Asia",0.392156862745098,0.262125902992776,0.218782249742002,0.176470588235294,0.329205366357069,0.159958720330237,5.4953560371517,1000,4763.38751073946,1113.55462341223,"wb"
"Nepal","NPL",2023,"Asia",0.41726618705036,0.257965056526208,0.197327852004111,0.16032887975334,0.322713257965057,0.172661870503597,5.47276464542652,1000,4861.230303797,1136.4276931197,"wb"
"New Zealand","NZL",2006,"Western",0.8642578125,0.533203125,0.236328125,0.1123046875,0.046875,0.0107421875,7.4375,1028,41596.8311289998,35649.0258495224,"wb"
"New Zealand","NZL",2007,"Western",0.901069518716578,0.592245989304813,0.268716577540107,0.108288770053476,0.0347593582887701,0.0120320855614973,7.61229946524064,750,42473.1182614499,36400.0153308952,"wb"
"New Zealand","NZL",2008,"Western",0.870967741935484,0.518817204301075,0.211021505376344,0.0981182795698925,0.0510752688172043,0.010752688172043,7.36962365591398,750,41682.2459069155,35722.2274262581,"wb"
"New Zealand","NZL",2010,"Western",0.84471218206158,0.524765729585007,0.208835341365462,0.0923694779116466,0.0629183400267738,0.00937081659973226,7.2958500669344,750,41395.370375582,35476.3713609154,"wb"
"New Zealand","NZL",2011,"Western",0.835671342685371,0.51503006012024,0.19939879759519,0.0771543086172345,0.06312625250501,0.0140280561122244,7.2314629258517,1000,41961.9202263641,35961.911959259,"wb"
"New Zealand","NZL",2012,"Western",0.833001988071571,0.49403578528827,0.216699801192843,0.084493041749503,0.0685884691848907,0.0149105367793241,7.2375745526839,1008,42693.4234516571,36588.819747177,"wb"
"New Zealand","NZL",2013,"Western",0.869739478957916,0.545090180360721,0.238476953907816,0.0781563126252505,0.0420841683366733,0.00601202404809619,7.42284569138277,500,43453.2814172317,37240.0279166822,"wb"
"New Zealand","NZL",2014,"Western",0.858358358358358,0.540540540540541,0.213213213213213,0.0810810810810811,0.0565565565565566,0.012012012012012,7.34784784784785,2001,44369.7664241859,38025.4674998632,"wb"
"New Zealand","NZL",2015,"Western",0.89175769612711,0.58291956305859,0.226415094339623,0.0903674280039722,0.0397219463753724,0.0109235352532274,7.52035749751738,1007,45097.016468387,38648.7302562109,"wb"
"New Zealand","NZL",2016,"Western",0.859421734795613,0.553339980059821,0.216350947158524,0.0777666999002991,0.0648055832502493,0.0109670987038883,7.36889332003988,1004,45746.135981069,39205.0341298225,"wb"
"New Zealand","NZL",2017,"Western",0.853853853853854,0.562562562562563,0.236236236236236,0.0970970970970971,0.049049049049049,0.00700700700700701,7.43643643643644,1001,46285.9810980642,39667.6884236272,"wb"
"New Zealand","NZL",2018,"Western",0.875626880641926,0.575727181544634,0.226680040120361,0.0842527582748245,0.0391173520561685,0.00702106318956871,7.47141424272818,1001,46974.6818400482,40257.9139260803,"wb"
"New Zealand","NZL",2019,"Western",0.875,0.559615384615385,0.233653846153846,0.0961538461538462,0.0461538461538462,0.0115384615384615,7.45384615384615,1042,47392.1933135172,40615.7266946543,"wb"
"New Zealand","NZL",2020,"Western",0.8687374749499,0.56312625250501,0.24749498997996,0.107214428857715,0.0541082164328657,0.0180360721442886,7.4689378757515,1002,46326.3804672976,39702.3112090418,"wb"
"New Zealand","NZL",2021,"Western",0.866733466933868,0.542084168336673,0.218436873747495,0.0871743486973948,0.0430861723446894,0.00801603206412826,7.40380761523046,1000,48202.0913368233,41309.8198451344,"wb"
"New Zealand","NZL",2022,"Western",0.848,0.462,0.164,0.069,0.071,0.016,7.133,1000,49842.9845334162,42716.0866783034,"wb"
"New Zealand","NZL",2023,"Western",0.798798798798799,0.453453453453453,0.168168168168168,0.0550550550550551,0.0800800800800801,0.018018018018018,7.01401401401401,1000,49592.5875512098,42501.4932044968,"wb"
"Oman","OMN",2011,"Asia",0.686686686686687,0.394894894894895,0.238738738738739,0.174174174174174,0.0770770770770771,0.0235235235235235,6.90590590590591,2016,44440.3092616125,20993.9079436935,"wb"
"Pakistan","PAK",2006,"Asia",0.399548532731377,0.207674943566591,0.159142212189616,0.0124153498871332,0.443566591422122,0.125282167042889,5.17832957110609,1001,4185.86655659206,1243.94142602543,"wb"
"Pakistan","PAK",2007,"Asia",0.489290495314592,0.276439089692102,0.161311914323963,0.0943775100401606,0.281793842034806,0.119143239625167,5.70615796519411,1502,4257.92556870432,1265.35567539842,"wb"
"Pakistan","PAK",2008,"Asia",0.336854937017473,0.145062982527428,0.0841121495327103,0.0585127996749289,0.449410808614384,0.237708248679399,4.57293783015035,2484,4233.34830715497,1258.05188934452,"wb"
"Pakistan","PAK",2009,"Asia",0.467373834779814,0.234008357441337,0.116039858566377,0.0668595306975249,0.338154934104789,0.14207650273224,5.40855030536805,3122,4270.43882264229,1269.07432116444,"wb"
"Pakistan","PAK",2010,"Asia",0.530612244897959,0.27891156462585,0.158406219630709,0.0476190476190476,0.316812439261419,0.0894071914480078,5.75315840621963,1030,4228.7817715945,1256.69482201323,"wb"
"Pakistan","PAK",2011,"Asia",0.442,0.155,0.065,0.033,0.352,0.119,5.175,1000,4246.06710882497,1261.83161907857,"wb"
"Pakistan","PAK",2012,"Asia",0.419161676646707,0.154025282767798,0.062874251497006,0.0335994677312043,0.345309381237525,0.11144377910845,5.1919494344644,3012,4292.02110293486,1275.48806898966,"wb"
"Pakistan","PAK",2013,"Asia",0.458458458458458,0.143143143143143,0.0690690690690691,0.034034034034034,0.308308308308308,0.0710710710710711,5.38938938938939,1000,4407.14705841377,1309.70080446386,"wb"
"Pakistan","PAK",2014,"Asia",0.511,0.202,0.093,0.046,0.281,0.079,5.66,1000,4520.23463399286,1343.30778121043,"wb"
"Pakistan","PAK",2015,"Asia",0.365,0.088,0.033,0.018,0.406,0.132,4.834,1000,4645.28631071145,1380.47020838317,"wb"
"Pakistan","PAK",2016,"Asia",0.523,0.181,0.075,0.026,0.252,0.063,5.661,1000,4886.61212115378,1452.18658269177,"wb"
"Pakistan","PAK",2017,"Asia",0.552220137585991,0.16635397123202,0.0644152595372108,0.0275171982489056,0.218261413383365,0.0193871169480926,5.83051907442151,1600,5031.56060738433,1495.26187528032,"wb"
"Pakistan","PAK",2018,"Asia",0.508048289738431,0.188128772635815,0.0985915492957746,0.0674044265593561,0.266599597585513,0.0945674044265594,5.57042253521127,1000,5255.06350681272,1561.68169819559,"wb"
"Pakistan","PAK",2019,"Asia",0.330266789328427,0.120515179392824,0.0570377184912604,0.0285188592456302,0.457221711131555,0.204231830726771,4.55841766329347,1091,5295.95295138203,1573.8330826937,"wb"
"Pakistan","PAK",2020,"Asia",0.351,0.184,0.1,0.074,0.447,0.208,4.763,1000,5135.01459288839,1526.00597486307,"wb"
"Pakistan","PAK",2021,"Asia",0.374,0.143,0.066,0.04,0.434,0.233,4.607,1000,5367.27364714762,1595.02792175422,"wb"
"Pakistan","PAK",2022,"Asia",0.431256181998022,0.18001978239367,0.0830860534124629,0.0534124629080119,0.350148367952522,0.147378832838773,5.14836795252226,1012,5526.27928310213,1642.28066974826,"wb"
"Panama","PAN",2006,"Latin America",0.568568568568569,0.303303303303303,0.175175175175175,0.115115115115115,0.179179179179179,0.0560560560560561,6.2022022022022,1005,18190.281154717,8557.9801770364,"wb"
"Panama","PAN",2007,"Latin America",0.679435483870968,0.420362903225806,0.272177419354839,0.167338709677419,0.118951612903226,0.032258064516129,6.84375,1000,20208.8293911964,9507.64641073854,"wb"
"Panama","PAN",2008,"Latin America",0.735943775100402,0.423694779116466,0.231927710843373,0.114457831325301,0.0783132530120482,0.0240963855421687,6.93574297188755,1004,21867.8272186787,10288.1549911493,"wb"
"Panama","PAN",2009,"Latin America",0.722606120434353,0.472852912142152,0.257650542941757,0.165844027640671,0.109575518262586,0.0345508390918065,6.99703849950642,1018,21822.996136155,10267.0633151993,"wb"
"Panama","PAN",2010,"Latin America",0.779559118236473,0.48997995991984,0.276553106212425,0.164328657314629,0.0761523046092184,0.0240480961923848,7.21442885771543,1000,22739.1194141341,10698.0717633911,"wb"
"Panama","PAN",2011,"Latin America",0.821464393179539,0.486459378134403,0.331995987963892,0.199598796389167,0.0792377131394183,0.0210631895687061,7.2728184553661,1000,24999.4702655482,11761.4988547604,"wb"
"Panama","PAN",2012,"Latin America",0.700700700700701,0.445445445445445,0.287287287287287,0.198198198198198,0.132132132132132,0.043043043043043,6.85485485485485,1001,26926.8956928065,12668.2945474105,"wb"
"Panama","PAN",2013,"Latin America",0.722,0.438,0.259,0.176,0.105,0.044,6.88,1000,28135.3387835383,13236.8306754449,"wb"
"Panama","PAN",2014,"Latin America",0.64040404040404,0.425252525252525,0.275757575757576,0.196969696969697,0.162626262626263,0.0626262626262626,6.67979797979798,1000,28931.8156401199,13611.5490809559,"wb"
"Panama","PAN",2015,"Latin America",0.600806451612903,0.380040322580645,0.235887096774194,0.184475806451613,0.183467741935484,0.0917338709677419,6.3679435483871,1000,29933.1671530011,14082.6548502728,"wb"
"Panama","PAN",2016,"Latin America",0.56811301715439,0.335015136226034,0.195761856710394,0.143289606458123,0.215943491422805,0.101917255297679,6.12512613521695,1000,30765.2490653506,14474.1243636349,"wb"
"Panama","PAN",2017,"Latin America",0.623975409836066,0.409836065573771,0.262295081967213,0.220286885245902,0.152663934426229,0.0901639344262295,6.57684426229508,1000,31979.8246437748,15045.5456426827,"wb"
"Panama","PAN",2018,"Latin America",0.577235772357724,0.352642276422764,0.181910569105691,0.148373983739837,0.15650406504065,0.0701219512195122,6.3150406504065,1000,32681.4729886331,15375.6500855703,"wb"
"Panama","PAN",2019,"Latin America",0.570093457943925,0.373831775700935,0.248598130841122,0.2,0.203738317757009,0.110280373831776,6.27196261682243,1080,33163.7172814857,15602.5315209709,"wb"
"Panama","PAN",2021,"Latin America",0.63756345177665,0.411167512690355,0.254822335025381,0.203045685279188,0.14010152284264,0.0842639593908629,6.60913705583756,1003,30932.7627780514,14552.9345271768,"wb"
"Panama","PAN",2022,"Latin America",0.538928210313448,0.320525783619818,0.176946410515672,0.138523761375126,0.212335692618807,0.11830131445905,5.97775530839232,1000,33915.1693306309,15956.0671087873,"wb"
"Peru","PER",2006,"Latin America",0.338399189463019,0.123606889564336,0.0516717325227964,0.0364741641337386,0.370820668693009,0.130699088145897,4.92502532928065,1000,9546.62529545456,4091.36268615581,"wb"
"Peru","PER",2007,"Latin America",0.412955465587045,0.165991902834008,0.069838056680162,0.0516194331983806,0.282388663967611,0.0981781376518219,5.32894736842105,1000,10284.9672238506,4407.79121686416,"wb"
"Peru","PER",2008,"Latin America",0.390514631685166,0.174571140262361,0.0817356205852674,0.0524722502522704,0.34510595358224,0.127144298688194,5.15237134207871,1000,11150.0262166889,4778.52642172313,"wb"
"Peru","PER",2009,"Latin America",0.464574898785425,0.204453441295547,0.0840080971659919,0.0597165991902834,0.201417004048583,0.0617408906882591,5.70647773279352,1000,11202.8654418496,4801.17153740507,"wb"
"Peru","PER",2010,"Latin America",0.509054325955734,0.225352112676056,0.105633802816901,0.0663983903420523,0.190140845070423,0.0533199195171026,5.8672032193159,1000,12057.3912963716,5167.39259325937,"wb"
"Peru","PER",2011,"Latin America",0.493427704752275,0.197168857431749,0.0920121334681496,0.0535894843276036,0.187057633973711,0.0505561172901921,5.8159757330637,1000,12724.8832049429,5453.45718713631,"wb"
"Peru","PER",2012,"Latin America",0.524672708962739,0.225579053373615,0.1067472306143,0.067472306143001,0.190332326283988,0.0563947633434038,5.89929506545821,1000,13393.5923851679,5740.04346272472,"wb"
"Peru","PER",2013,"Latin America",0.519558676028084,0.221664994984955,0.102306920762287,0.0601805416248746,0.21765295887663,0.0752256770310933,5.78134403209629,1000,14050.2420319137,6021.46142765232,"wb"
"Peru","PER",2014,"Latin America",0.509723643807574,0.21596724667349,0.101330603889458,0.0583418628454452,0.195496417604913,0.0542476970317298,5.85772773797339,1000,14242.6444760801,6103.91864749969,"wb"
"Peru","PER",2015,"Latin America",0.479423868312757,0.207818930041152,0.0987654320987654,0.0720164609053498,0.237654320987654,0.0874485596707819,5.62139917695473,1000,14540.8313160635,6231.71150338894,"wb"
"Peru","PER",2016,"Latin America",0.500511770726714,0.244626407369498,0.120777891504606,0.0890481064483112,0.228249744114637,0.082906857727738,5.78403275332651,1000,14915.4366324454,6392.25474941014,"wb"
"Peru","PER",2017,"Latin America",0.518292682926829,0.254065040650407,0.13719512195122,0.0995934959349594,0.211382113821138,0.108739837398374,5.80894308943089,1000,15067.489279382,6457.41940254721,"wb"
"Peru","PER",2018,"Latin America",0.480691056910569,0.268292682926829,0.135162601626016,0.0965447154471545,0.254065040650407,0.122967479674797,5.6890243902439,1000,15384.1846082423,6593.14437459526,"wb"
"Peru","PER",2019,"Latin America",0.532520325203252,0.26219512195122,0.146341463414634,0.117886178861789,0.21239837398374,0.0823170731707317,5.9380081300813,1000,15461.4572585466,6626.26083494969,"wb"
"Peru","PER",2020,"Latin America",0.419740777666999,0.161515453639083,0.0737786640079761,0.0518444666001994,0.288135593220339,0.10568295114656,5.3419740777667,1006,13607.7640705828,5831.83024758521,"wb"
"Peru","PER",2021,"Latin America",0.48036253776435,0.244712990936556,0.116817724068479,0.0916414904330312,0.254783484390735,0.108761329305136,5.65256797583082,1000,15285.7706852395,6550.96747543872,"wb"
"Peru","PER",2022,"Latin America",0.522088353413655,0.266064257028112,0.145582329317269,0.102409638554217,0.207831325301205,0.0973895582329317,5.86345381526104,1000,15566.5242612563,6671.28902042137,"wb"
"Peru","PER",2023,"Latin America",0.522222222222222,0.278787878787879,0.150505050505051,0.1,0.22020202020202,0.0929292929292929,5.9020202020202,1000,15342.2741359642,6575.18295502228,"wb"
"Philippines","PHL",2006,"Asia",0.266386554621849,0.107563025210084,0.0588235294117647,0.046218487394958,0.412605042016807,0.168067226890756,4.66470588235294,1200,5578.57225112139,2110.42044781284,"wb"
"Philippines","PHL",2007,"Asia",0.319597989949749,0.115577889447236,0.0542713567839196,0.0422110552763819,0.311557788944724,0.111557788944724,5.03115577889447,1000,5840.06810169965,2209.34651083329,"wb"
"Philippines","PHL",2008,"Asia",0.287158746208291,0.104145601617796,0.051567239635996,0.032355915065723,0.38422649140546,0.183013144590495,4.67441860465116,1000,5987.03757861835,2264.9462907288,"wb"
"Philippines","PHL",2009,"Asia",0.313883299798793,0.114688128772636,0.0563380281690141,0.0422535211267606,0.35010060362173,0.14989939637827,4.88631790744467,1000,5965.30730902221,2256.72554835463,"wb"
"Philippines","PHL",2010,"Asia",0.309859154929577,0.108651911468813,0.0492957746478873,0.0291750503018109,0.317907444668008,0.139839034205231,4.93158953722334,1000,6273.03927731515,2373.14312064664,"wb"
"Philippines","PHL",2011,"Asia",0.335353535353535,0.175757575757576,0.0898989898989899,0.0686868686868687,0.34040404040404,0.14040404040404,5.1020202020202,1000,6388.31296959977,2416.75212064542,"wb"
"Philippines","PHL",2012,"Asia",0.313156578289145,0.169084542271136,0.080040020010005,0.0660330165082541,0.31415707853927,0.173086543271636,4.98549274637319,2000,6697.55620962768,2533.74141964959,"wb"
"Philippines","PHL",2013,"Asia",0.347,0.167,0.082,0.068,0.315,0.166,5.053,1000,7016.53846470436,2654.41506933978,"wb"
"Philippines","PHL",2014,"Asia",0.377,0.207,0.136,0.113,0.306,0.171,5.244,1000,7340.361585912,2776.92005909479,"wb"
"Philippines","PHL",2015,"Asia",0.397,0.22,0.142,0.125,0.274,0.134,5.477,1000,7691.76308685047,2909.85818010301,"wb"
"Philippines","PHL",2016,"Asia",0.384,0.195,0.117,0.091,0.278,0.116,5.41,1000,8131.82537948653,3076.3374186759,"wb"
"Philippines","PHL",2017,"Asia",0.428571428571429,0.23943661971831,0.143863179074447,0.105633802816901,0.256539235412475,0.140845070422535,5.57645875251509,1000,8584.13622709699,3247.4503878362,"wb"
"Philippines","PHL",2018,"Asia",0.44188376753507,0.274549098196393,0.206412825651303,0.175350701402806,0.254509018036072,0.119238476953908,5.78456913827655,1000,9016.28659637608,3410.93647976109,"wb"
"Philippines","PHL",2019,"Asia",0.550119904076739,0.337170263788969,0.222062350119904,0.178896882494005,0.186570743405276,0.086810551558753,6.2589928057554,2090,9452.2939715981,3575.88170922922,"wb"
"Philippines","PHL",2020,"Asia",0.411823647294589,0.142284569138277,0.0531062124248497,0.0410821643286573,0.260521042084168,0.0891783567134269,5.37074148296593,1000,8455.18457134106,3198.66690008413,"wb"
"Philippines","PHL",2021,"Asia",0.565,0.247,0.115,0.086,0.146,0.043,6.128,1000,8857.78995115514,3350.97587587776,"wb"
"Philippines","PHL",2022,"Asia",0.490963855421687,0.285140562248996,0.187751004016064,0.157630522088353,0.214859437751004,0.0853413654618474,6,1000,9457.10395402883,3577.70136573244,"wb"
"Poland","POL",2006,"Eastern Europe",0.531786074672048,0.239152371342079,0.0787083753784057,0.0322906155398587,0.18970736629667,0.0676084762865792,5.85267406659939,1000,22921.1975887696,9137.65850849801,"wb"
"Poland","POL",2007,"Eastern Europe",0.539714867617108,0.195519348268839,0.065173116089613,0.0244399185336049,0.204684317718941,0.0407331975560081,5.79531568228106,1000,24484.0656663756,9760.7042604352,"wb"
"Poland","POL",2008,"Eastern Europe",0.504040404040404,0.166666666666667,0.0606060606060606,0.0242424242424242,0.231313131313131,0.0505050505050505,5.65555555555556,1000,25553.9058406534,10187.2017910883,"wb"
"Poland","POL",2009,"Eastern Europe",0.592783505154639,0.197938144329897,0.0804123711340206,0.0391752577319588,0.177319587628866,0.0360824742268041,5.97628865979381,1000,26204.410367111,10446.5289138524,"wb"
"Poland","POL",2010,"Eastern Europe",0.51413612565445,0.207329842931937,0.0858638743455497,0.0418848167539267,0.194764397905759,0.050261780104712,5.81884816753927,1000,27112.1333797381,10808.3975674238,"wb"
"Poland","POL",2011,"Eastern Europe",0.488235294117647,0.164705882352941,0.0617647058823529,0.0274509803921569,0.243137254901961,0.0637254901960784,5.55980392156863,1029,28521.6612623568,11370.313427173,"wb"
"Poland","POL",2012,"Eastern Europe",0.535496957403651,0.18052738336714,0.0720081135902637,0.0314401622718053,0.18762677484787,0.0567951318458418,5.78397565922921,1000,28952.9157305301,11542.2353368014,"wb"
"Poland","POL",2013,"Eastern Europe",0.530549898167006,0.170061099796334,0.0580448065173116,0.0224032586558045,0.211812627291242,0.0478615071283096,5.72606924643584,1000,29168.624211075,11628.2286809525,"wb"
"Poland","POL",2014,"Eastern Europe",0.474541751527495,0.181262729124236,0.0743380855397149,0.044806517311609,0.219959266802444,0.0682281059063136,5.60997963340122,1000,30334.8786569618,12093.1622787394,"wb"
"Poland","POL",2015,"Eastern Europe",0.601412714429869,0.199798183652876,0.065590312815338,0.0252270433905146,0.187689202825429,0.041372351160444,5.94450050454087,1000,31700.3682364154,12637.5220324406,"wb"
"Poland","POL",2016,"Eastern Europe",0.595918367346939,0.236734693877551,0.0785714285714286,0.0408163265306122,0.143877551020408,0.0418367346938776,6.07959183673469,1000,32675.3052259954,13026.1858988718,"wb"
"Poland","POL",2017,"Eastern Europe",0.682233502538071,0.245685279187817,0.0538071065989848,0.0101522842639594,0.117766497461929,0.0131979695431472,6.28426395939086,1000,34354.5987616319,13695.6452848724,"wb"
"Poland","POL",2018,"Eastern Europe",0.668346774193548,0.220766129032258,0.0695564516129032,0.0352822580645161,0.144153225806452,0.0171370967741935,6.21068548387097,1000,36500.4114282584,14551.0850277089,"wb"
"Poland","POL",2019,"Eastern Europe",0.674789128397376,0.206185567010309,0.0515463917525773,0.0121836925960637,0.122774133083411,0.0103092783505155,6.20524835988753,1080,38181.6230334689,15221.3090624454,"wb"
"Poland","POL",2020,"Eastern Europe",0.6779324055666,0.286282306163022,0.095427435387674,0.0487077534791252,0.129224652087475,0.0298210735586481,6.36580516898608,1010,37852.8021313639,15090.2228440113,"wb"
"Poland","POL",2021,"Eastern Europe",0.625625625625626,0.25025025025025,0.0940940940940941,0.0520520520520521,0.155155155155155,0.032032032032032,6.1951951951952,1001,41059.5847829682,16368.6239689025,"wb"
"Poland","POL",2022,"Eastern Europe",0.760364004044489,0.295247724974722,0.0990899898887765,0.0343781597573306,0.0586450960566229,0.00202224469160768,6.66329625884732,1000,43405.0215797441,17303.64494323,"wb"
"Poland","POL",2023,"Eastern Europe",0.762626262626263,0.288888888888889,0.094949494949495,0.0292929292929293,0.0727272727272727,0.00808080808080808,6.62424242424242,1002,43672.7668014946,17410.3830137066,"wb"
"Puerto Rico","PRI",2006,"Latin America",0.637274549098196,0.428857715430862,0.272545090180361,0.198396793587174,0.170340681362725,0.0861723446893788,6.61723446893788,500,42133.9682748773,29519.7386759729,"wb"
"Puerto Rico","PRI",2014,"Latin America",0.708,0.474,0.314,0.244,0.17,0.06,6.938,500,41593.6798280708,29141.2038639816,"wb"
"Puerto Rico","PRI",2022,"Latin America",0.736,0.562,0.376,0.306,0.128,0.072,7.286,500,42310.8139725719,29643.6396279994,"wb"
"Portugal","PRT",2006,"Western",0.423676012461059,0.171339563862928,0.0643821391484943,0.039460020768432,0.251298026998962,0.0944963655244029,5.42886812045691,1007,36387.5367379523,19529.3122100477,"wb"
"Portugal","PRT",2008,"Western",0.501012145748988,0.195344129554656,0.0688259109311741,0.0354251012145749,0.218623481781377,0.055668016194332,5.71862348178138,1002,37291.5048969664,20014.4749330004,"wb"
"Portugal","PRT",2009,"Western",0.452332657200811,0.152129817444219,0.0527383367139959,0.0304259634888438,0.257606490872211,0.0882352941176471,5.43306288032454,1000,36092.8109314688,19371.1318876855,"wb"
"Portugal","PRT",2010,"Western",0.363363363363363,0.115115115115115,0.035035035035035,0.014014014014014,0.326326326326326,0.114114114114114,5.03403403403403,1002,36703.1141882825,19698.6836791397,"wb"
"Portugal","PRT",2011,"Western",0.400204708290686,0.12589559877175,0.0440122824974411,0.0255885363357216,0.291709314227226,0.105424769703173,5.21392016376663,1000,36127.2949766157,19389.6395896162,"wb"
"Portugal","PRT",2012,"Western",0.437052200614125,0.163766632548618,0.0552712384851586,0.0286591606960082,0.284544524053224,0.136131013306039,5.22006141248721,1001,34804.6333340484,18679.7626789594,"wb"
"Portugal","PRT",2013,"Western",0.414314516129032,0.16633064516129,0.0514112903225806,0.0241935483870968,0.295362903225806,0.115927419354839,5.24193548387097,1001,34651.7719455059,18597.7214623964,"wb"
"Portugal","PRT",2014,"Western",0.459580838323353,0.166666666666667,0.0568862275449102,0.030938123752495,0.283932135728543,0.106287425149701,5.36027944111776,2020,35097.4098263232,18836.8967978906,"wb"
"Portugal","PRT",2015,"Western",0.432379072063179,0.159921026653504,0.0513326752221125,0.0375123395853899,0.298124383020731,0.11253701875617,5.29022704837117,1021,35803.3575649772,19215.7813014347,"wb"
"Portugal","PRT",2016,"Western",0.50199203187251,0.173306772908367,0.0607569721115538,0.0358565737051793,0.243027888446215,0.0717131474103586,5.62649402390438,1008,36636.2978441636,19662.82312462,"wb"
"Portugal","PRT",2017,"Western",0.578203834510595,0.216952573158426,0.0746720484359233,0.0433905146316852,0.182643794147326,0.0665993945509586,5.91120080726539,1000,37943.1150505677,20364.1962735946,"wb"
"Portugal","PRT",2018,"Western",0.648351648351648,0.255744255744256,0.0749250749250749,0.044955044955045,0.138861138861139,0.03996003996004,6.23376623376623,1003,39123.6151282575,20997.7745987013,"wb"
"Portugal","PRT",2019,"Western",0.666013712047013,0.308521057786484,0.0803134182174339,0.0372184133202742,0.109696376101861,0.0333006856023506,6.38687561214496,1026,40188.2868799223,21569.1874752919,"wb"
"Portugal","PRT",2020,"Western",0.602808425275827,0.255767301905717,0.078234704112337,0.0421263791374122,0.141424272818455,0.0601805416248746,6.08525576730191,1002,36852.2287338103,19778.7139525722,"wb"
"Portugal","PRT",2021,"Western",0.653306613226453,0.273547094188377,0.0991983967935872,0.0571142284569138,0.103206412825651,0.0350701402805611,6.35671342685371,1002,38657.6677223429,20747.6990734163,"wb"
"Portugal","PRT",2022,"Western",0.629740518962076,0.276447105788423,0.106786427145709,0.0598802395209581,0.139720558882236,0.0499001996007984,6.25548902195609,1002,41070.8611529744,22042.8680283647,"wb"
"Portugal","PRT",2023,"Western",0.622377622377622,0.256743256743257,0.0849150849150849,0.04995004995005,0.158841158841159,0.04995004995005,6.14285714285714,1003,41768.2583096874,22417.1634060906,"wb"
"Paraguay","PRY",2006,"Latin America",0.251261352169526,0.0908173562058527,0.0363269424823411,0.0232088799192735,0.325933400605449,0.108980827447023,4.85570131180626,1001,10671.6449984385,4349.31197066182,"wb"
"Paraguay","PRY",2007,"Latin America",0.353059177532598,0.13741223671013,0.0651955867602808,0.037111334002006,0.281845536609829,0.0732196589769308,5.22266800401204,1000,11140.4629098064,4540.38235899198,"wb"
"Paraguay","PRY",2008,"Latin America",0.369107321965898,0.160481444332999,0.0842527582748245,0.0551654964894684,0.271815446339017,0.0962888665997994,5.32196589769308,1000,11749.6546354418,4788.6631877791,"wb"
"Paraguay","PRY",2009,"Latin America",0.394153225806452,0.199596774193548,0.0987903225806452,0.0705645161290323,0.276209677419355,0.105846774193548,5.41935483870968,1000,11599.8198579092,4727.59685811395,"wb"
"Paraguay","PRY",2010,"Latin America",0.498480243161094,0.193515704154002,0.0790273556231003,0.0536980749746707,0.195542046605876,0.060790273556231,5.75278622087133,1000,12736.9672867807,5191.05014254402,"wb"
"Paraguay","PRY",2011,"Latin America",0.423115577889447,0.180904522613065,0.0804020100502513,0.0351758793969849,0.247236180904523,0.0482412060301508,5.55075376884422,1000,13107.8104435989,5342.19015717376,"wb"
"Paraguay","PRY",2012,"Latin America",0.463636363636364,0.161616161616162,0.0686868686868687,0.0272727272727273,0.204040404040404,0.0252525252525253,5.66565656565657,1000,12833.1801619413,5230.26244858764,"wb"
"Paraguay","PRY",2013,"Latin America",0.542168674698795,0.180722891566265,0.0813253012048193,0.0451807228915663,0.157630522088353,0.0471887550200803,5.8293172690763,1000,13698.9722320262,5583.12274473463,"wb"
"Paraguay","PRY",2014,"Latin America",0.38376753507014,0.0801603206412826,0.0250501002004008,0.0100200400801603,0.333667334669339,0.0911823647294589,5.01603206412826,1000,14217.5580896983,5794.4764468976,"wb"
"Paraguay","PRY",2015,"Latin America",0.456281407035176,0.143718592964824,0.0492462311557789,0.0201005025125628,0.281407035175879,0.110552763819095,5.34572864321608,1000,14425.777586033,5879.33792308671,"wb"
"Paraguay","PRY",2016,"Latin America",0.481963927855711,0.163326653306613,0.0410821643286573,0.0240480961923848,0.208416833667335,0.0741482965931864,5.57815631262525,1000,14824.7906280812,6041.95879367268,"wb"
"Paraguay","PRY",2017,"Latin America",0.437625754527163,0.207243460764588,0.107645875251509,0.0774647887323944,0.208249496981891,0.0633802816901408,5.69114688128773,1000,15318.4012187276,6243.13363139058,"wb"
"Paraguay","PRY",2018,"Latin America",0.399396378269618,0.203219315895372,0.121730382293763,0.106639839034205,0.285714285714286,0.154929577464789,5.29175050301811,1000,15591.0142663085,6354.2392005297,"wb"
"Paraguay","PRY",2019,"Latin America",0.386342376052385,0.228250701590271,0.151543498596819,0.125350795135641,0.287184284377923,0.129092609915809,5.44901777362021,1079,15319.3889991221,6243.53620897773,"wb"
"Paraguay","PRY",2020,"Latin America",0.553553553553554,0.213213213213213,0.0960960960960961,0.0680680680680681,0.175175175175175,0.047047047047047,5.93593593593594,1000,14989.7667130162,6109.19608100615,"wb"
"Paraguay","PRY",2021,"Latin America",0.409137055837563,0.224365482233503,0.128934010152284,0.110659898477157,0.293401015228426,0.165482233502538,5.2994923857868,1001,15400.9446332428,6276.7748423663,"wb"
"Paraguay","PRY",2022,"Latin America",0.500506585612969,0.291793313069909,0.167173252279635,0.127659574468085,0.209726443768997,0.106382978723404,5.89868287740628,1000,15222.8920228598,6204.20811531911,"wb"
"Paraguay","PRY",2023,"Latin America",0.509586276488396,0.305751765893037,0.182643794147326,0.143289606458123,0.213925327951564,0.0867810292633703,6.02522704339051,1000,15831.5849831308,6452.28566840034,"wb"
"Palestine, State of","PSE",2006,"Asia",0.369959677419355,0.110887096774194,0.0393145161290323,0.0181451612903226,0.407258064516129,0.163306451612903,4.77721774193548,1000,4714.37331793342,2540.26763083127,"wb"
"Palestine, State of","PSE",2007,"Asia",0.259519038076152,0.0751503006012024,0.030060120240481,0.0160320641282565,0.486973947895792,0.249498997995992,4.17835671342685,1000,4769.52328096801,2569.98434108953,"wb"
"Palestine, State of","PSE",2008,"Asia",0.318318318318318,0.0930930930930931,0.041041041041041,0.025025025025025,0.438438438438438,0.221221221221221,4.47547547547548,1000,4984.80579890695,2685.98601828464,"wb"
"Palestine, State of","PSE",2009,"Asia",0.315109343936382,0.0939363817097416,0.0372763419483101,0.0218687872763419,0.41948310139165,0.173956262425447,4.62077534791252,2014,5270.66331643219,2840.01594969395,"wb"
"Palestine, State of","PSE",2010,"Asia",0.345845845845846,0.104104104104104,0.0415415415415415,0.023023023023023,0.350850850850851,0.126626626626627,4.90690690690691,2000,5432.24363072522,2927.08101953403,"wb"
"Palestine, State of","PSE",2011,"Asia",0.347935548841893,0.0966767371601208,0.0382678751258812,0.0171198388721047,0.361027190332326,0.131923464249748,4.86908358509567,2000,5805.32115329251,3128.10811061384,"wb"
"Palestine, State of","PSE",2012,"Asia",0.321464393179539,0.0962888665997994,0.0300902708124373,0.014543630892678,0.351053159478435,0.154964894684052,4.76028084252758,2000,6009.10925822042,3237.91619995789,"wb"
"Palestine, State of","PSE",2013,"Asia",0.344377510040161,0.119477911646586,0.0502008032128514,0.0210843373493976,0.331325301204819,0.124497991967871,4.95983935742972,1000,6142.20204342591,3309.63120243098,"wb"
"Palestine, State of","PSE",2014,"Asia",0.343718592964824,0.128643216080402,0.057286432160804,0.0351758793969849,0.358793969849246,0.161809045226131,4.84522613065327,1000,5990.42661523778,3227.84934482645,"wb"
"Palestine, State of","PSE",2015,"Asia",0.352,0.102,0.038,0.021,0.36,0.149,4.828,1000,6072.65031768549,3272.15432360708,"wb"
"Palestine, State of","PSE",2016,"Asia",0.390562248995984,0.127510040160643,0.0582329317269076,0.0271084337349398,0.322289156626506,0.150602409638554,4.98995983935743,1000,6464.13352537371,3483.09903532972,"wb"
"Palestine, State of","PSE",2017,"Asia",0.327327327327327,0.129129129129129,0.0550550550550551,0.035035035035035,0.342342342342342,0.181181181181181,4.78678678678679,1000,6426.79521615335,3462.97986107136,"wb"
"Palestine, State of","PSE",2018,"Asia",0.333668341708543,0.122613065326633,0.0462311557788945,0.0321608040201005,0.348743718592965,0.21105527638191,4.65125628140704,1000,6342.9374800852,3417.79440837962,"wb"
"Palestine, State of","PSE",2019,"Asia",0.291896869244936,0.109576427255985,0.0469613259668508,0.0313075506445672,0.358195211786372,0.215469613259669,4.53406998158379,1090,6269.89134527985,3378.4346209191,"wb"
"Palestine, State of","PSE",2022,"Asia",0.373373373373373,0.151151151151151,0.0760760760760761,0.048048048048048,0.337337337337337,0.194194194194194,4.87787787787788,1000,5753.08395899307,3099.9609010368,"wb"
"Palestine, State of","PSE",2023,"Asia",0.359077231695085,0.14543630892678,0.0651955867602808,0.0431293881644935,0.331995987963892,0.19358074222668,4.84052156469408,1000,5562.42442563953,2997.22694077849,"wb"
"Qatar","QAT",2008,"Asia",0.768231768231768,0.213786213786214,0.0689310689310689,0.030969030969031,0.0979020979020979,0.032967032967033,6.40559440559441,1012,114879.221727674,64393.5954479866,"wb"
"Qatar","QAT",2009,"Asia",0.75678391959799,0.213065326633166,0.0693467336683417,0.0321608040201005,0.0592964824120603,0.0100502512562814,6.44623115577889,1016,114069.652335284,63939.8050831437,"wb"
"Qatar","QAT",2010,"Asia",0.703030303030303,0.426262626262626,0.234343434343434,0.148484848484848,0.0808080808080808,0.0212121212121212,6.94747474747475,1000,132502.281828313,74271.9022959058,"wb"
"Qatar","QAT",2011,"Asia",0.666003976143141,0.394632206759443,0.21272365805169,0.153578528827038,0.120775347912525,0.0437375745526839,6.71073558648111,2032,149025.116325024,83533.4963791019,"wb"
"Qatar","QAT",2012,"Asia",0.679959100204499,0.396728016359918,0.225971370143149,0.160531697341513,0.0889570552147239,0.0296523517382413,6.84560327198364,1000,147077.406092637,82441.7405083009,"wb"
"Qatar","QAT",2014,"Asia",0.678719008264463,0.321280991735537,0.145661157024793,0.0847107438016529,0.116735537190083,0.0454545454545455,6.5,1000,128013.987050891,71756.0649338302,"wb"
"Romania","ROU",2006,"Eastern Europe",0.432835820895522,0.170149253731343,0.0577114427860696,0.0288557213930348,0.30547263681592,0.121393034825871,5.281592039801,1022,22354.5637860053,6876.77841417966,"wb"
"Romania","ROU",2007,"Eastern Europe",0.421052631578947,0.149638802889577,0.043343653250774,0.0175438596491228,0.351909184726522,0.131062951496388,5.11351909184727,1000,24328.3931332788,7483.97375820611,"wb"
"Romania","ROU",2009,"Eastern Europe",0.430443548387097,0.161290322580645,0.0514112903225806,0.0231854838709677,0.325604838709677,0.10383064516129,5.27318548387097,1000,25761.6305517205,7924.87058070212,"wb"
"Romania","ROU",2010,"Eastern Europe",0.339393939393939,0.122222222222222,0.0303030303030303,0.00808080808080808,0.393939393939394,0.196969696969697,4.66464646464646,1000,24902.9044891466,7660.70667630517,"wb"
"Romania","ROU",2011,"Eastern Europe",0.349699398797595,0.124248496993988,0.0380761523046092,0.0130260521042084,0.366733466933868,0.135270541082164,4.90981963927856,1008,26150.7476231736,8044.57194920892,"wb"
"Romania","ROU",2012,"Eastern Europe",0.453346855983773,0.181541582150101,0.0425963488843813,0.0162271805273834,0.317444219066937,0.149087221095335,5.16734279918864,1000,26767.4556487181,8234.28553425194,"wb"
"Romania","ROU",2013,"Eastern Europe",0.420523138832998,0.145875251509054,0.0321931589537223,0.0110663983903421,0.335010060362173,0.13682092555332,5.08651911468813,1000,26941.9318849595,8287.95844089676,"wb"
"Romania","ROU",2014,"Eastern Europe",0.486238532110092,0.221202854230377,0.0815494393476045,0.035677879714577,0.283384301732926,0.127420998980632,5.4841997961264,998,28156.1307843293,8661.47397274241,"wb"
"Romania","ROU",2015,"Eastern Europe",0.521298174442191,0.217038539553753,0.0659229208924949,0.0294117647058824,0.235294117647059,0.0811359026369168,5.7079107505071,1001,29181.8781722441,8977.01748158196,"wb"
"Romania","ROU",2016,"Eastern Europe",0.523665659617321,0.243705941591138,0.0986908358509567,0.0412890231621349,0.214501510574018,0.0775427995971803,5.80261832829809,1001,30189.147723024,9286.87678236598,"wb"
"Romania","ROU",2017,"Eastern Europe",0.575076608784474,0.242083758937692,0.0827374872318693,0.0306435137895812,0.194075587334014,0.076608784473953,5.90909090909091,1001,32852.6355672255,10106.2269557253,"wb"
"Romania","ROU",2018,"Eastern Europe",0.569402228976697,0.272543059777102,0.109422492401216,0.0587639311043566,0.165146909827761,0.0688956433637285,6.04863221884498,1002,34828.8958637884,10714.1701157127,"wb"
"Romania","ROU",2019,"Eastern Europe",0.572374645222327,0.275307473982971,0.0993377483443709,0.0605487228003784,0.178807947019868,0.0671712393566698,6.03311258278146,1080,36399.4746080793,11197.3162915853,"wb"
"Romania","ROU",2020,"Eastern Europe",0.750511247443763,0.43558282208589,0.183026584867076,0.0930470347648262,0.0797546012269939,0.0286298568507157,6.92535787321063,1000,35283.6060358241,10854.049431887,"wb"
"Romania","ROU",2021,"Eastern Europe",0.746192893401015,0.395939086294416,0.17258883248731,0.0791878172588832,0.0974619289340102,0.0375634517766497,6.81725888324873,1009,37534.0002643549,11546.3224998072,"wb"
"Romania","ROU",2022,"Eastern Europe",0.632694248234107,0.320887991927346,0.143289606458123,0.0787083753784057,0.168516649848638,0.0726538849646821,6.27850655903128,1000,39256.8260854977,12076.3033811896,"wb"
"Russia","RUS",2006,"Eastern Europe",0.352730985196529,0.111791730474732,0.0377743746809597,0.0209290454313425,0.352730985196529,0.100051046452272,5.00306278713629,2011,30022.671875,7949.89697265625,"wb"
"Russia","RUS",2007,"Eastern Europe",0.427380125086866,0.128561501042391,0.0524669909659486,0.0218902015288395,0.287352328005559,0.0799166087560806,5.30507296733843,2949,32630.369140625,8640.40625,"wb"
"Russia","RUS",2008,"Eastern Europe",0.501011122345804,0.197168857431749,0.0788675429726997,0.044994944388271,0.237613751263903,0.0677451971688574,5.69261880687563,2019,34342.2265625,9093.7001953125,"wb"
"Russia","RUS",2009,"Eastern Europe",0.43111337061515,0.11642094560244,0.0477885104219624,0.0249110320284698,0.301982714794103,0.0767666497203864,5.26436197254703,2042,31654.00390625,8381.8681640625,"wb"
"Russia","RUS",2010,"Eastern Europe",0.442639855632895,0.144882701727249,0.0531064707398814,0.0283578241814901,0.261923176076308,0.0603248259860789,5.441093065223,4000,33063.5859375,8755.1201171875,"wb"
"Russia","RUS",2011,"Eastern Europe",0.463302752293578,0.159531090723751,0.0652395514780836,0.0300713557594292,0.274719673802243,0.0642201834862385,5.48521916411825,2000,34444.64453125,9120.8203125,"wb"
"Russia","RUS",2012,"Eastern Europe",0.501201510470305,0.189495365602472,0.0861654651561964,0.0466872639890148,0.244764847236526,0.0645382766906969,5.67147270854789,3000,35740.69921875,9464.0107421875,"wb"
"Russia","RUS",2013,"Eastern Europe",0.508371385083714,0.17453069507864,0.060882800608828,0.0273972602739726,0.244545915778792,0.0497209538305429,5.67326230339929,2000,36260.06640625,9601.537109375,"wb"
"Russia","RUS",2014,"Eastern Europe",0.610091743119266,0.249235474006116,0.100407747196738,0.0489296636085627,0.174311926605505,0.0484199796126402,6.10193679918451,2000,35853.24609375,9493.8125,"wb"
"Russia","RUS",2015,"Eastern Europe",0.581513458608431,0.232605383443372,0.0944641950228542,0.0518029456576943,0.182326053834434,0.0472320975114271,5.99339766378873,2000,35037.15234375,9277.7138671875,"wb"
"Russia","RUS",2016,"Eastern Europe",0.518041237113402,0.217010309278351,0.110824742268041,0.0489690721649485,0.219072164948454,0.0505154639175258,5.85154639175258,2000,35005.4453125,9269.3173828125,"wb"
"Russia","RUS",2017,"Eastern Europe",0.419354838709677,0.165898617511521,0.0890937019969278,0.0609318996415771,0.253456221198157,0.0788530465949821,5.48028673835125,2000,35570.703125,9418.99609375,"wb"
"Russia","RUS",2018,"Eastern Europe",0.437340153452685,0.182608695652174,0.0818414322250639,0.0593350383631714,0.269565217391304,0.0762148337595908,5.49309462915601,2000,36536.6953125,9674.787109375,"wb"
"Russia","RUS",2019,"Eastern Europe",0.41839863713799,0.179557069846678,0.0933560477001704,0.0647359454855196,0.282793867120954,0.093015332197615,5.4160136286201,3003,37319.3203125,9882.0244140625,"wb"
"Russia","RUS",2020,"Eastern Europe",0.479920674268716,0.191373326722856,0.082796232027764,0.053049082796232,0.257312840852752,0.0713931581556767,5.62568170550322,2022,36376.3359375,9632.3251953125,"wb"
"Russia","RUS",2021,"Eastern Europe",0.46807440925088,0.209150326797386,0.0965309200603318,0.0568124685771745,0.26797385620915,0.077928607340372,5.60633484162896,2001,38638.4296875,10231.318359375,"wb"
"Russia","RUS",2022,"Eastern Europe",0.549923973644197,0.217435377597567,0.104916371008616,0.079067410035479,0.166751140395337,0.036999493157628,6.03446528129752,2006,38214.69140625,10119.115234375,"wb"
"Russia","RUS",2023,"Eastern Europe",0.579156327543424,0.259057071960298,0.122084367245658,0.0813895781637717,0.201985111662531,0.0535980148883375,6.06302729528536,2017,39881.44921875,10560.4658203125,"wb"
"Rwanda","RWA",2006,"Africa",0.215046604527297,0.0159786950732357,0.00133155792276964,0.00066577896138482,0.48335552596538,0.125832223701731,4.33888149134487,1504,1501.7646218593,471.150850642442,"wb"
"Rwanda","RWA",2008,"Africa",0.255533199195171,0.0130784708249497,0,0,0.495975855130785,0.0975855130784708,4.4486921529175,1000,1704.25449057727,534.678298622161,"wb"
"Rwanda","RWA",2009,"Africa",0.201,0.011,0,0,0.583,0.148,4.13,1000,1764.63484961094,553.621518556047,"wb"
"Rwanda","RWA",2011,"Africa",0.207622868605817,0.0591775325977934,0.0240722166499498,0.0100300902708124,0.571715145436309,0.138415245737212,4.30090270812437,1000,1945.53705383878,610.376236415572,"wb"
"Rwanda","RWA",2012,"Africa",0.105,0.015,0.002,0.001,0.719,0.275,3.573,1000,2063.66474823031,647.436613845487,"wb"
"Rwanda","RWA",2013,"Africa",0.102,0.013,0.008,0.003,0.725,0.217,3.607,1000,2109.74668811567,661.893969452494,"wb"
"Rwanda","RWA",2014,"Africa",0.115,0.013,0.009,0.004,0.678,0.212,3.742,1000,2176.09492014666,682.709499066795,"wb"
"Rwanda","RWA",2015,"Africa",0.103206412825651,0.00901803607214429,0.00701402805611222,0.0030060120240481,0.700400801603206,0.277555110220441,3.52605210420842,1000,2313.09716940962,725.691418696952,"wb"
"Rwanda","RWA",2016,"Africa",0.108542713567839,0.0271356783919598,0.0160804020100503,0.0130653266331658,0.714572864321608,0.339698492462312,3.40100502512563,1000,2386.74841002826,748.798132068173,"wb"
"Rwanda","RWA",2017,"Africa",0.0956256358087487,0.0396744659206511,0.0193285859613428,0.0162767039674466,0.747711088504578,0.447609359104781,3.08646998982706,1000,2441.08540816509,765.845359390541,"wb"
"Rwanda","RWA",2018,"Africa",0.13894523326572,0.0476673427991886,0.0273833671399594,0.0243407707910751,0.663286004056795,0.341784989858012,3.49695740365112,1000,2577.69730366075,808.704812752127,"wb"
"Rwanda","RWA",2019,"Africa",0.130479102956167,0.0652395514780836,0.0509683995922528,0.0438328236493374,0.681957186544342,0.44750254841998,3.22731906218145,1000,2753.53959810856,863.872077583172,"wb"
"Saudi Arabia","SAU",2006,"Asia",0.817907444668008,0.453722334004024,0.199195171026157,0.0764587525150905,0.0814889336016097,0.0201207243460765,7.05533199195171,1004,54373.737695386,21616.3355772516,"wb"
"Saudi Arabia","SAU",2007,"Asia",0.861648016276704,0.460834181078332,0.227873855544252,0.0885045778229908,0.051881993896236,0.00305188199389624,7.26653102746694,1006,53318.4191601834,21196.7926036633,"wb"
"Saudi Arabia","SAU",2008,"Asia",0.873362445414847,0.267248908296943,0.0925764192139738,0.0209606986899563,0.0384279475982533,0.00611353711790393,6.81484716157205,1150,54407.7081673247,21629.8405734551,"wb"
"Saudi Arabia","SAU",2009,"Asia",0.642367906066536,0.250978473581213,0.11545988258317,0.0298434442270059,0.183953033268102,0.0259295499021526,6.17221135029354,2052,51760.7643987566,20577.5453445336,"wb"
"Saudi Arabia","SAU",2010,"Asia",0.67192118226601,0.360591133004926,0.196059113300493,0.074384236453202,0.190147783251232,0.0576354679802956,6.42807881773399,2038,54911.547517012,21830.1424272816,"wb"
"Saudi Arabia","SAU",2011,"Asia",0.749007936507937,0.437996031746032,0.220238095238095,0.0704365079365079,0.151785714285714,0.0287698412698413,6.82440476190476,2022,58645.4459416531,23314.5576023168,"wb"
"Saudi Arabia","SAU",2012,"Asia",0.710563713879678,0.370440549502605,0.193747039317859,0.0810042633822833,0.19753671245855,0.0582662245381336,6.54050213169114,2112,59471.7001909394,23643.0358324647,"wb"
"Saudi Arabia","SAU",2013,"Asia",0.612121212121212,0.351515151515152,0.198989898989899,0.129292929292929,0.165656565656566,0.0555555555555556,6.41818181818182,1001,57998.4644619155,23057.3494468535,"wb"
"Saudi Arabia","SAU",2014,"Asia",0.591633466135458,0.316733067729084,0.187250996015936,0.14292828685259,0.162350597609562,0.0632470119521912,6.31324701195219,2035,58872.2671400126,23404.7306039825,"wb"
"Saudi Arabia","SAU",2015,"Asia",0.618055555555556,0.329365079365079,0.189484126984127,0.132936507936508,0.150793650793651,0.056547619047619,6.38392857142857,1012,58498.5399040699,23256.1549553531,"wb"
"Saudi Arabia","SAU",2016,"Asia",0.63323201621074,0.304964539007092,0.146909827760892,0.0800405268490375,0.156028368794326,0.0324214792299899,6.35764944275583,1000,57308.4484127497,22783.0328538685,"wb"
"Saudi Arabia","SAU",2017,"Asia",0.605263157894737,0.328947368421053,0.19331983805668,0.15080971659919,0.16497975708502,0.0738866396761134,6.32287449392713,1002,57942.5484983044,23035.1199977707,"wb"
"Saudi Arabia","SAU",2018,"Asia",0.675324675324675,0.328671328671329,0.164835164835165,0.110889110889111,0.150849150849151,0.0579420579420579,6.41758241758242,1003,61359.4653740388,24393.5188306638,"wb"
"Saudi Arabia","SAU",2019,"Asia",0.673390970220941,0.35254562920269,0.199807877041306,0.148895292987512,0.142170989433237,0.0441882804995197,6.6147934678194,1045,62647.7299487842,24905.6697428558,"wb"
"Saudi Arabia","SAU",2020,"Asia",0.685934489402698,0.33718689788054,0.180154142581888,0.146435452793834,0.13776493256262,0.0250481695568401,6.63391136801541,1043,57420.7335736424,22827.671935548,"wb"
"Saudi Arabia","SAU",2021,"Asia",0.695522388059701,0.355223880597015,0.166169154228856,0.090547263681592,0.129353233830846,0.0497512437810945,6.53233830845771,1008,62690.4966645929,24922.6716948944,"wb"
"Saudi Arabia","SAU",2022,"Asia",0.650684931506849,0.301369863013699,0.163405088062622,0.11545988258317,0.148727984344423,0.0362035225048924,6.45009784735812,1023,67178.5902274906,26706.917926066,"wb"
"Saudi Arabia","SAU",2023,"Asia",0.768172888015717,0.450884086444008,0.267190569744597,0.177799607072692,0.0982318271119843,0.0284872298624754,7.09233791748527,1021,64481.8441927288,25634.8237547841,"wb"
"Sudan","SDN",2009,"Africa",0.249578414839798,0.0567734682405846,0.0213603147835863,0.00786958965711074,0.405283867341203,0.125913434513772,4.59302979201799,1784,4188.0546875,1301.34729003906,"wb"
"Sudan","SDN",2010,"Africa",0.250691754288877,0.0431654676258993,0.0160486995019369,0.00221361372440509,0.392916436081904,0.0907581627006087,4.68179302711677,1808,4219.8369140625,1311.22314453125,"wb"
"Sudan","SDN",2011,"Africa",0.235971943887776,0.0450901803607214,0.0205410821643287,0.0100200400801603,0.396793587174349,0.108216432865731,4.61573146292585,2000,4467.6259765625,1388.21813964844,"wb"
"Sudan","SDN",2012,"Africa",0.229,0.046,0.015,0.009,0.417,0.073,4.676,1000,4145.931640625,1288.25854492188,"wb"
"Sudan","SDN",2014,"Africa",0.250758341759353,0.11830131445905,0.0556117290192113,0.0404448938321537,0.49747219413549,0.274014155712841,4.2103134479272,1000,4207.50048828125,1307.3896484375,"wb"
"Senegal","SEN",2006,"Africa",0.260521042084168,0.0250501002004008,0.00501002004008016,0,0.442885771543086,0.0851703406813627,4.57615230460922,1000,3301.03152415011,1118.7830430051,"wb"
"Senegal","SEN",2007,"Africa",0.269387755102041,0.036734693877551,0.00918367346938776,0.00306122448979592,0.43265306122449,0.0877551020408163,4.68265306122449,1000,3316.42037835596,1123.99862153285,"wb"
"Senegal","SEN",2008,"Africa",0.312625250501002,0.0330661322645291,0.00400801603206413,0.00100200400801603,0.362725450901804,0.031062124248497,4.96993987975952,1000,3359.70567091144,1138.66883930214,"wb"
"Senegal","SEN",2009,"Africa",0.224,0.034,0.01,0,0.417,0.065,4.655,1000,3371.46166689451,1142.65317233964,"wb"
"Senegal","SEN",2010,"Africa",0.238,0.021,0.011,0.002,0.455,0.083,4.573,1000,3403.56707166762,1153.53431121583,"wb"
"Senegal","SEN",2011,"Africa",0.175,0.035,0.007,0.003,0.579,0.192,4.055,1000,3362.87940538165,1139.74447892639,"wb"
"Senegal","SEN",2012,"Africa",0.118236472945892,0.0230460921843687,0.0100200400801603,0.00501002004008016,0.676352705410822,0.244488977955912,3.72044088176353,1000,3405.10864461668,1154.05677992367,"wb"
"Senegal","SEN",2013,"Africa",0.112,0.019,0.01,0.004,0.721,0.167,3.828,1000,3385.425906874,1147.3859217191,"wb"
"Senegal","SEN",2014,"Africa",0.209,0.021,0.005,0.001,0.545,0.054,4.49,1000,3484.01219750661,1180.7987108505,"wb"
"Senegal","SEN",2015,"Africa",0.28714859437751,0.0451807228915663,0.0160642570281124,0.0070281124497992,0.410642570281124,0.0632530120481928,4.80522088353414,1000,3593.79477121279,1218.00613555438,"wb"
"Senegal","SEN",2016,"Africa",0.272357723577236,0.0426829268292683,0.0193089430894309,0.0152439024390244,0.408536585365854,0.105691056910569,4.67581300813008,1000,3710.05531591559,1257.40906916238,"wb"
"Senegal","SEN",2017,"Africa",0.251552795031056,0.087991718426501,0.0590062111801242,0.031055900621118,0.439958592132505,0.0942028985507246,4.75569358178054,1000,3871.45146786374,1312.10932775878,"wb"
"Senegal","SEN",2018,"Africa",0.290526315789474,0.0831578947368421,0.0547368421052632,0.0431578947368421,0.410526315789474,0.08,4.86315789473684,1000,3998.28635303867,1355.09610863533,"wb"
"Senegal","SEN",2019,"Africa",0.36128364389234,0.233954451345756,0.197722567287785,0.179089026915114,0.391304347826087,0.148033126293996,5.35093167701863,1000,4070.6122705955,1379.60875249843,"wb"
"Senegal","SEN",2020,"Africa",0.312435765673176,0.158273381294964,0.118191161356629,0.102774922918808,0.44912641315519,0.167523124357657,4.84275436793422,1000,4018.04129279044,1361.7914374888,"wb"
"Senegal","SEN",2021,"Africa",0.338461538461538,0.171282051282051,0.132307692307692,0.116923076923077,0.384615384615385,0.184615384615385,4.96717948717949,1000,4173.67741399617,1414.53951093499,"wb"
"Senegal","SEN",2022,"Africa",0.339855818743563,0.196704428424305,0.15653964984552,0.138002059732235,0.436663233779609,0.205973223480947,4.9124613800206,1000,4228.73382643662,1433.19918752288,"wb"
"Senegal","SEN",2023,"Africa",0.341708542713568,0.155778894472362,0.107537688442211,0.085427135678392,0.369849246231156,0.127638190954774,5.09547738693467,1000,4304.76148721773,1458.9664233275,"wb"
"Singapore","SGP",2006,"Asia",0.799450549450549,0.245421245421245,0.0338827838827839,0.00641025641025641,0.0412087912087912,0.00641025641025641,6.56318681318681,1095,87210.0480467646,44159.4101820552,"wb"
"Singapore","SGP",2007,"Asia",0.871,0.31,0.069,0.013,0.037,0.003,6.878,1000,91198.1515708456,46178.8139470199,"wb"
"Singapore","SGP",2008,"Asia",0.807889546351085,0.318737672583826,0.0859960552268245,0.0149901380670611,0.0741617357001972,0.00749506903353057,6.72978303747534,2551,88083.2853664583,44601.5799302699,"wb"
"Singapore","SGP",2009,"Asia",0.704477611940298,0.186069651741294,0.0338308457711443,0.0109452736318408,0.104477611940299,0.00995024875621891,6.20796019900498,1005,85575.755106675,43331.8746638962,"wb"
"Singapore","SGP",2010,"Asia",0.773226773226773,0.277722277722278,0.0659340659340659,0.015984015984016,0.0749250749250749,0.004995004995005,6.60539460539461,1001,96280.0168756448,48752.0515441859,"wb"
"Singapore","SGP",2011,"Asia",0.746746746746747,0.334334334334334,0.0980980980980981,0.039039039039039,0.0810810810810811,0.017017017017017,6.65365365365365,1000,100153.729405945,50713.5326393594,"wb"
"Singapore","SGP",2012,"Asia",0.705,0.263,0.073,0.036,0.073,0.009,6.473,1000,102061.11936105,51679.352717333,"wb"
"Singapore","SGP",2014,"Asia",0.831,0.405,0.159,0.024,0.032,0.004,7.062,1000,107990.891202625,54681.9336458253,"wb"
"Singapore","SGP",2015,"Asia",0.731313131313131,0.275757575757576,0.0909090909090909,0.0474747474747475,0.0626262626262626,0.0121212121212121,6.57474747474747,1000,109894.041337341,55645.6068614606,"wb"
"Singapore","SGP",2016,"Asia",0.623246492985972,0.113226452905812,0.0240480961923848,0.0120240480961924,0.102204408817635,0.00501002004008016,5.97895791583166,1000,112719.947951111,57076.5241936787,"wb"
"Singapore","SGP",2017,"Asia",0.724068479355488,0.180261832829809,0.0422960725075529,0.0322255790533736,0.0584088620342397,0.00704934541792548,6.36253776435045,1000,117492.967994526,59493.3758595703,"wb"
"Singapore","SGP",2018,"Asia",0.71971971971972,0.236236236236236,0.0670670670670671,0.039039039039039,0.0830830830830831,0.00900900900900901,6.45845845845846,1000,120668.888726158,61101.5252578902,"wb"
"Singapore","SGP",2019,"Asia",0.75626204238921,0.215799614643545,0.0491329479768786,0.0260115606936416,0.081888246628131,0.00674373795761079,6.39210019267823,1040,120678.341978557,61106.3119775351,"wb"
"Singapore","SGP",2021,"Asia",0.732394366197183,0.300804828973843,0.101609657947686,0.0603621730382294,0.0915492957746479,0.0211267605633803,6.58450704225352,1000,133990.186782104,67846.8565377728,"wb"
"Singapore","SGP",2022,"Asia",0.690058479532164,0.252436647173489,0.0828460038986355,0.0584795321637427,0.094541910331384,0.0243664717348928,6.42495126705653,1028,134828.001392614,68271.0897525302,"wb"
"Sierra Leone","SLE",2006,"Africa",0.137137137137137,0.031031031031031,0.017017017017017,0.012012012012012,0.644644644644645,0.2002002002002,3.87687687687688,1000,2342.75461064658,859.824260714965,"wb"
"Sierra Leone","SLE",2007,"Africa",0.12136409227683,0.0240722166499498,0.0130391173520562,0.0100300902708124,0.678034102306921,0.242728184553661,3.68806419257773,1000,2377.80530040404,872.68836234614,"wb"
"Sierra Leone","SLE",2008,"Africa",0.0630630630630631,0.011011011011011,0.00600600600600601,0.005005005005005,0.804804804804805,0.371371371371371,3.05705705705706,1000,2404.65198710572,882.54147817868,"wb"
"Sierra Leone","SLE",2010,"Africa",0.250752256770311,0.128385155466399,0.0912738214643932,0.0651955867602808,0.567703109327984,0.235707121364092,4.32397191574724,1000,2459.76814343236,902.769891411394,"wb"
"Sierra Leone","SLE",2011,"Africa",0.287,0.131,0.066,0.025,0.502,0.152,4.694,1000,2590.52839404167,950.760763054593,"wb"
"Sierra Leone","SLE",2013,"Africa",0.314685314685315,0.133866133866134,0.0869130869130869,0.0539460539460539,0.508491508491508,0.257742257742258,4.41758241758242,1008,3124.72832355066,1146.81973456475,"wb"
"Sierra Leone","SLE",2014,"Africa",0.317860746720484,0.141271442986882,0.0847628657921292,0.0464177598385469,0.535822401614531,0.270433905146317,4.31281533804238,1008,2812.5283210882,1032.23789355905,"wb"
"Sierra Leone","SLE",2015,"Africa",0.388465723612622,0.275299238302503,0.225244831338411,0.198041349292709,0.473340587595212,0.309031556039173,4.90533188248096,1000,2628.17058065746,964.575980888989,"wb"
"Sierra Leone","SLE",2016,"Africa",0.315183246073298,0.225130890052356,0.194764397905759,0.167539267015707,0.509947643979058,0.315183246073298,4.52879581151832,1000,2732.26093913215,1002.77862282013,"wb"
"Sierra Leone","SLE",2017,"Africa",0.222910216718266,0.119711042311662,0.0773993808049536,0.0567595459236326,0.576883384932921,0.284829721362229,4.08255933952528,1000,2753.42719762222,1010.54694071207,"wb"
"Sierra Leone","SLE",2018,"Africa",0.287628865979381,0.169072164948454,0.138144329896907,0.11340206185567,0.531958762886598,0.320618556701031,4.32783505154639,1000,2767.38003296688,1015.6678297205,"wb"
"Sierra Leone","SLE",2019,"Africa",0.18,0.0972727272727273,0.0681818181818182,0.0554545454545455,0.639090909090909,0.391818181818182,3.6,1133,2852.66269829967,1046.96778078594,"wb"
"Sierra Leone","SLE",2021,"Africa",0.260869565217391,0.19211324570273,0.170879676440849,0.162790697674419,0.592517694641052,0.478260869565217,3.77047522750253,1000,2849.38865839009,1045.7661615758,"wb"
"Sierra Leone","SLE",2022,"Africa",0.131712259371834,0.0577507598784195,0.0445795339412361,0.0364741641337386,0.75177304964539,0.555217831813577,2.66261398176292,1000,2934.7332634039,1077.08884538507,"wb"
"El Salvador","SLV",2006,"Latin America",0.465711361310133,0.212896622313204,0.0962128966223132,0.060388945752303,0.265097236438076,0.0788126919140225,5.60184237461617,1000,8404.24674903143,3302.34817354347,"wb"
"El Salvador","SLV",2007,"Latin America",0.453172205438066,0.150050352467271,0.0574018126888218,0.0292044310171198,0.313192346424975,0.108761329305136,5.27593152064451,1001,8548.83476118605,3359.1623024135,"wb"
"El Salvador","SLV",2008,"Latin America",0.457286432160804,0.14070351758794,0.0472361809045226,0.0251256281407035,0.350753768844221,0.0934673366834171,5.24422110552764,1000,8704.80584632591,3420.44927357443,"wb"
"El Salvador","SLV",2009,"Latin America",0.764940239043825,0.390438247011952,0.207171314741036,0.0966135458167331,0.109561752988048,0.0219123505976096,6.85059760956175,1006,8494.49847423621,3337.81150878211,"wb"
"El Salvador","SLV",2010,"Latin America",0.720040281973817,0.418932527693857,0.217522658610272,0.0996978851963746,0.134944612286002,0.0342396777442095,6.75327291037261,1001,8648.92982717672,3398.49346060363,"wb"
"El Salvador","SLV",2011,"Latin America",0.387755102040816,0.138775510204082,0.0540816326530612,0.0387755102040816,0.41734693877551,0.230612244897959,4.64285714285714,1000,8945.93132970006,3515.19664634846,"wb"
"El Salvador","SLV",2012,"Latin America",0.555891238670695,0.279959718026183,0.134944612286002,0.0694864048338369,0.265861027190332,0.0966767371601208,5.8257804632427,1000,9162.56212613508,3600.31912505518,"wb"
"El Salvador","SLV",2013,"Latin America",0.58074222668004,0.312938816449348,0.174523570712136,0.0952858575727182,0.194583751253761,0.0511534603811434,6.20962888665998,1000,9329.46202222861,3665.90044167854,"wb"
"El Salvador","SLV",2014,"Latin America",0.521472392638037,0.266871165644172,0.162576687116564,0.0930470347648262,0.246421267893661,0.128834355828221,5.72903885480573,1000,9451.744607867,3713.94992016222,"wb"
"El Salvador","SLV",2015,"Latin America",0.555671175858481,0.324661810613944,0.167533818938606,0.108220603537981,0.218522372528616,0.114464099895942,5.97190426638918,1000,9646.15432339854,3790.34089108162,"wb"
"El Salvador","SLV",2016,"Latin America",0.570063694267516,0.292993630573248,0.179405520169851,0.123142250530786,0.207006369426752,0.111464968152866,5.98301486199575,1000,9863.76121214453,3875.84691357954,"wb"
"El Salvador","SLV",2017,"Latin America",0.631525076765609,0.36028659160696,0.162743091095189,0.112589559877175,0.179119754350051,0.0839303991811668,6.29989764585466,1000,10064.7934942601,3954.84014277572,"wb"
"El Salvador","SLV",2018,"Latin America",0.563076923076923,0.313846153846154,0.178461538461538,0.148717948717949,0.183589743589744,0.0892307692307692,6.14564102564103,1000,10297.203612692,4046.16291720583,"wb"
"El Salvador","SLV",2019,"Latin America",0.614514608859566,0.372290292177191,0.225259189443921,0.167766258246937,0.190386427898209,0.0810556079170594,6.38360037700283,1080,10543.9383291317,4143.11437097867,"wb"
"El Salvador","SLV",2020,"Latin America",0.53420523138833,0.232394366197183,0.100603621730382,0.0704225352112676,0.238430583501006,0.0875251509054326,5.79074446680081,1000,9692.44931605799,3808.53195436409,"wb"
"El Salvador","SLV",2021,"Latin America",0.598299681190223,0.368756641870351,0.228480340063762,0.170031880977683,0.18278427205101,0.0977683315621679,6.30180658873539,1001,10809.713399518,4247.54750394978,"wb"
"El Salvador","SLV",2022,"Latin America",0.643523316062176,0.395854922279793,0.224870466321244,0.179274611398964,0.160621761658031,0.0797927461139896,6.54093264248705,1000,11085.6166169553,4355.96037108555,"wb"
"Somalia","SOM",2014,"Africa",0.487360970677452,0.283114256825076,0.163801820020222,0.0859453993933266,0.334681496461072,0.142568250758342,5.58645096056623,1000,1259.27432882605,417.516796906402,"wb"
"Somalia","SOM",2015,"Africa",0.483483483483483,0.178178178178178,0.0760760760760761,0.0510510510510511,0.325325325325325,0.123123123123123,5.37837837837838,1000,1343.92517439594,445.583080073396,"wb"
"Somalia","SOM",2016,"Africa",0.275949367088608,0.112236286919831,0.0658227848101266,0.0320675105485232,0.441350210970464,0.152742616033755,4.66582278481013,1191,1384.15517410124,458.92147682461,"wb"
"Serbia","SRB",2006,"Eastern Europe",0.293316028552888,0.0837118754055808,0.0259571706683971,0.0110317975340688,0.442569759896171,0.138870863075925,4.62491888384166,1556,15727.4033683685,5016.41289322251,"wb"
"Serbia","SRB",2009,"Eastern Europe",0.273359840954274,0.0656063618290258,0.0159045725646123,0.00795228628230616,0.491053677932406,0.174950298210736,4.40258449304175,1008,17488.1227241581,5578.0119741931,"wb"
"Serbia","SRB",2010,"Eastern Europe",0.271717171717172,0.0676767676767677,0.0171717171717172,0.00707070707070707,0.5,0.142424242424242,4.47878787878788,1000,17841.4312599018,5690.70327182682,"wb"
"Serbia","SRB",2011,"Eastern Europe",0.342424242424242,0.114141414141414,0.0434343434343434,0.0202020202020202,0.422222222222222,0.139393939393939,4.76868686868687,1001,17986.5840283539,5737.00120175811,"wb"
"Serbia","SRB",2012,"Eastern Europe",0.418879056047198,0.150442477876106,0.0658800393313668,0.0255653883972468,0.35693215339233,0.16125860373648,5.05801376597837,1023,17993.8147169993,5739.3075023532,"wb"
"Serbia","SRB",2013,"Eastern Europe",0.424124513618677,0.147859922178988,0.051556420233463,0.0223735408560311,0.321984435797665,0.117704280155642,5.18579766536965,1030,18163.2047330246,5793.33614525565,"wb"
"Serbia","SRB",2014,"Eastern Europe",0.444779116465863,0.147590361445783,0.0421686746987952,0.0120481927710843,0.342369477911647,0.120481927710843,5.16767068273092,1000,17922.4357685757,5716.54047153506,"wb"
"Serbia","SRB",2015,"Eastern Europe",0.479396984924623,0.141708542713568,0.0532663316582915,0.0170854271356784,0.310552763819095,0.120603015075377,5.29346733668342,1000,18247.8091057968,5820.3215576888,"wb"
"Serbia","SRB",2016,"Eastern Europe",0.511511511511512,0.22022022022022,0.1001001001001,0.0510510510510511,0.298298298298298,0.126126126126126,5.53053053053053,1000,18889.3816415548,6024.95754653784,"wb"
"Serbia","SRB",2017,"Eastern Europe",0.482376636455186,0.144008056394763,0.0624370594159114,0.0201409869083585,0.389728096676737,0.156092648539778,5.13695871097684,1000,19438.9917129776,6200.26118592152,"wb"
"Serbia","SRB",2018,"Eastern Europe",0.575328614762386,0.25783619817998,0.106167846309403,0.0505561172901921,0.233569261880688,0.0819009100101112,5.8958543983822,1000,20454.225884367,6524.08029755191,"wb"
"Serbia","SRB",2019,"Eastern Europe",0.651162790697674,0.332093023255814,0.137674418604651,0.0493023255813953,0.177674418604651,0.0558139534883721,6.28558139534884,1080,21541.1264037184,6870.75810896296,"wb"
"Serbia","SRB",2020,"Eastern Europe",0.581231079717457,0.312815338042381,0.169525731584258,0.1029263370333,0.195761856710394,0.0736629667003027,6.1715438950555,1002,21479.0788553347,6850.96742168834,"wb"
"Serbia","SRB",2021,"Eastern Europe",0.658291457286432,0.334673366834171,0.149748743718593,0.0824120603015075,0.143718592964824,0.0552763819095477,6.40804020100502,1000,23406.3065657117,7465.67601077148,"wb"
"Serbia","SRB",2022,"Eastern Europe",0.683417085427136,0.338693467336683,0.164824120603015,0.0904522613065327,0.157788944723618,0.0422110552763819,6.49447236180904,1001,24651.8478183529,7862.95387364846,"wb"
"Serbia","SRB",2023,"Eastern Europe",0.659617321248741,0.331319234642497,0.137965760322256,0.0604229607250755,0.161127895266868,0.0463242698892246,6.36052366565962,1000,25735.1334774195,8208.4786891507,"wb"
"South Sudan","SSD",2014,"Africa",0.265690376569038,0.174686192468619,0.121338912133891,0.0993723849372385,0.562761506276151,0.382845188284519,4.06694560669456,1000,1004.13266322565,1197.09491969479,"imf"
"South Sudan","SSD",2015,"Africa",0.358101135190918,0.228070175438596,0.153766769865841,0.0619195046439628,0.533539731682147,0.363261093911249,4.35500515995872,1000,1012.53589454339,1080.14718624765,"imf"
"South Sudan","SSD",2016,"Africa",0.196954314720812,0.126903553299492,0.0822335025380711,0.0568527918781726,0.720812182741117,0.56751269035533,3.03350253807107,1000,899.713744962041,257.487591418011,"imf"
"South Sudan","SSD",2017,"Africa",0.150982419855222,0.0847983453981386,0.0558428128231644,0.0423991726990693,0.760082730093071,0.52430196483971,2.8459152016546,1000,894.241352644356,258.486682080054,"imf"
"Suriname","SUR",2012,"Latin America",0.714285714285714,0.244897959183673,0.104081632653061,0.0408163265306122,0.124489795918367,0.0408163265306122,6.36122448979592,504,24193.8412373922,9140.92898611536,"wb"
"Slovakia","SVK",2006,"Eastern Europe",0.384920634920635,0.121031746031746,0.0357142857142857,0.0128968253968254,0.328373015873016,0.0873015873015873,5.15674603174603,1018,25331.8740217421,12430.2015488557,"wb"
"Slovakia","SVK",2010,"Eastern Europe",0.579739217652959,0.219658976930792,0.0752256770310933,0.0220661985957874,0.170511534603811,0.0361083249749248,5.97993981945837,1007,29745.9196662166,14596.1477776887,"wb"
"Slovakia","SVK",2011,"Eastern Europe",0.59040959040959,0.242757242757243,0.0939060939060939,0.031968031968032,0.190809190809191,0.03996003996004,6.04695304695305,1012,30468.8257049455,14950.8735178599,"wb"
"Slovakia","SVK",2012,"Eastern Europe",0.545816733067729,0.209163346613546,0.0727091633466136,0.0219123505976096,0.218127490039841,0.047808764940239,5.80478087649402,1007,30894.3118010926,15159.6570420004,"wb"
"Slovakia","SVK",2013,"Eastern Europe",0.567703109327984,0.211634904714142,0.082246740220662,0.0170511534603811,0.208625877632899,0.0461384152457372,5.89669007021063,1004,31078.1848215695,15249.8824513785,"wb"
"Slovakia","SVK",2014,"Eastern Europe",0.609264853977845,0.238670694864048,0.0694864048338369,0.00906344410876133,0.206445115810675,0.0342396777442095,5.98791540785498,1000,31888.805351531,15647.6491763517,"wb"
"Slovakia","SVK",2015,"Eastern Europe",0.606275303643725,0.254048582995951,0.0910931174089069,0.0293522267206478,0.201417004048583,0.0384615384615385,6.04554655870445,1000,33507.7913603774,16442.0760860018,"wb"
"Slovakia","SVK",2016,"Eastern Europe",0.567134268537074,0.230460921843687,0.0791583166332665,0.0380761523046092,0.208416833667335,0.0350701402805611,5.95090180360721,1000,34116.4502039273,16740.7413996428,"wb"
"Slovakia","SVK",2017,"Eastern Europe",0.656970912738215,0.256770310932798,0.0942828485456369,0.041123370110331,0.172517552657974,0.033099297893681,6.20260782347041,1000,35042.7858925618,17195.2888721963,"wb"
"Slovakia","SVK",2018,"Eastern Europe",0.615075376884422,0.203015075376884,0.0733668341708543,0.0251256281407035,0.166834170854271,0.0251256281407035,6.04924623115578,1000,36415.7920529507,17869.0149173679,"wb"
"Slovakia","SVK",2019,"Eastern Europe",0.585781990521327,0.222748815165877,0.0872037914691943,0.0568720379146919,0.221800947867299,0.0341232227488152,5.96587677725118,1080,37194.2104548698,18250.9802475637,"wb"
"Slovakia","SVK",2020,"Eastern Europe",0.707707707707708,0.346346346346346,0.147147147147147,0.0720720720720721,0.116116116116116,0.023023023023023,6.64164164164164,1001,36201.4863805533,17763.8563847352,"wb"
"Slovakia","SVK",2021,"Eastern Europe",0.738783649052841,0.36889332003988,0.126620139581256,0.0478564307078764,0.0917248255234297,0.0338983050847458,6.68693918245264,1003,38330.302743447,18808.4540496595,"wb"
"Slovakia","SVK",2022,"Eastern Europe",0.563819095477387,0.185929648241206,0.0733668341708543,0.0482412060301508,0.198994974874372,0.0331658291457286,5.89748743718593,1001,38648.9855746919,18964.8298400624,"wb"
"Slovakia","SVK",2023,"Eastern Europe",0.605236656596173,0.201409869083585,0.0825780463242699,0.0382678751258812,0.16515609264854,0.0251762336354481,6.05941591137966,1001,39501.9474231962,19383.3732009401,"wb"
"Slovenia","SVN",2006,"Eastern Europe",0.535714285714286,0.217261904761905,0.0704365079365079,0.0337301587301587,0.157738095238095,0.0416666666666667,5.93253968253968,1009,37546.4956078863,20166.5323431214,"wb"
"Slovenia","SVN",2009,"Eastern Europe",0.545090180360721,0.248496993987976,0.100200400801603,0.0661322645290581,0.192384769539078,0.0501002004008016,5.94589178356713,500,37809.1735513927,20307.6188322273,"wb"
"Slovenia","SVN",2010,"Eastern Europe",0.552631578947368,0.287449392712551,0.111336032388664,0.0607287449392713,0.176113360323887,0.0445344129554656,6.11943319838057,1002,38063.314683572,20444.1201295876,"wb"
"Slovenia","SVN",2011,"Eastern Europe",0.556004036326943,0.272452068617558,0.10393541876892,0.0615539858728557,0.197780020181635,0.0433905146316852,6.04641775983855,1001,38233.2905622851,20535.4155754108,"wb"
"Slovenia","SVN",2012,"Eastern Europe",0.595979899497487,0.303517587939699,0.108542713567839,0.0472361809045226,0.189949748743719,0.0452261306532663,6.14974874371859,1000,37040.7082746106,19894.8697964548,"wb"
"Slovenia","SVN",2013,"Eastern Europe",0.595190380761523,0.297595190380762,0.094188376753507,0.0380761523046092,0.204408817635271,0.0531062124248497,6.09719438877756,1001,36685.7496645094,19704.2186005128,"wb"
"Slovenia","SVN",2014,"Eastern Europe",0.535253227408143,0.212512413108242,0.0590863952333664,0.0253227408142999,0.232869910625621,0.0431976166832175,5.78252234359484,2020,37662.2559898098,20228.7081986391,"wb"
"Slovenia","SVN",2015,"Eastern Europe",0.54,0.212,0.071,0.038,0.218,0.044,5.862,1002,38534.6437425951,20697.2748530619,"wb"
"Slovenia","SVN",2016,"Eastern Europe",0.589769307923771,0.272818455366098,0.086258776328987,0.0421263791374122,0.188565697091274,0.0441323971915747,6.08224674022066,1000,39674.8931561968,21309.7122138949,"wb"
"Slovenia","SVN",2017,"Eastern Europe",0.614457831325301,0.270080321285141,0.0893574297188755,0.0381526104417671,0.169678714859438,0.0331325301204819,6.18373493975904,1000,41700.651085028,22397.7634988337,"wb"
"Slovenia","SVN",2018,"Eastern Europe",0.658316633266533,0.302605210420842,0.102204408817635,0.0460921843687375,0.153306613226453,0.0370741482965932,6.34569138276553,1000,43369.221946981,23293.966665323,"wb"
"Slovenia","SVN",2019,"Eastern Europe",0.699902248289345,0.377321603128055,0.13880742913001,0.0606060606060606,0.112414467253177,0.0205278592375367,6.66959921798632,1025,44577.9418583069,23943.1800949889,"wb"
"Slovenia","SVN",2020,"Eastern Europe",0.712712712712713,0.354354354354354,0.114114114114114,0.048048048048048,0.1001001001001,0.022022022022022,6.62662662662663,1001,42471.5228031277,22811.8050540778,"wb"
"Slovenia","SVN",2021,"Eastern Europe",0.801198801198801,0.494505494505495,0.192807192807193,0.0859140859140859,0.0779220779220779,0.01998001998002,7.13086913086913,1001,45922.6632600134,24665.4410464026,"wb"
"Slovenia","SVN",2022,"Eastern Europe",0.795918367346939,0.452866861030126,0.150631681243926,0.0485908649173955,0.075801749271137,0.0155490767735666,7.0019436345967,1030,47058.8865960028,25275.715967757,"wb"
"Slovenia","SVN",2023,"Eastern Europe",0.761761761761762,0.394394394394394,0.142142142142142,0.0550550550550551,0.0960960960960961,0.02002002002002,6.79379379379379,1000,47986.4195855821,25773.9015835069,"wb"
"Sweden","SWE",2006,"Western",0.858883248730964,0.522842639593909,0.190862944162437,0.10253807106599,0.0355329949238579,0.0111675126903553,7.37969543147208,1000,55373.9338115393,48078.3520110084,"wb"
"Sweden","SWE",2007,"Western",0.839556004036327,0.504540867810293,0.174571140262361,0.0847628657921292,0.0615539858728557,0.0181634712411705,7.22704339051463,1001,56737.3689179302,49262.152916545,"wb"
"Sweden","SWE",2008,"Western",0.886546184738956,0.567269076305221,0.209839357429719,0.0853413654618474,0.0451807228915663,0.0100401606425703,7.4789156626506,1000,55777.3973050094,48428.6587081751,"wb"
"Sweden","SWE",2009,"Western",0.825604838709677,0.487903225806452,0.189516129032258,0.0766129032258065,0.0766129032258065,0.0120967741935484,7.16532258064516,1002,52950.7103332467,45974.3911151254,"wb"
"Sweden","SWE",2010,"Western",0.874,0.582,0.205,0.081,0.04,0.01,7.473,1002,55520.4324178534,48205.5492512742,"wb"
"Sweden","SWE",2011,"Western",0.872983870967742,0.551411290322581,0.194556451612903,0.0756048387096774,0.0453629032258065,0.0131048387096774,7.40020161290323,1006,56846.1368290625,49356.5905257047,"wb"
"Sweden","SWE",2012,"Western",0.886659979939819,0.58074222668004,0.226680040120361,0.0962888665997994,0.0481444332998997,0.0110330992978937,7.51654964894684,1000,56193.3287488246,48789.7906883637,"wb"
"Sweden","SWE",2013,"Western",0.86096256684492,0.572192513368984,0.223262032085562,0.10427807486631,0.0387700534759358,0.0053475935828877,7.4879679144385,750,56353.0856347897,48928.4994141291,"wb"
"Sweden","SWE",2014,"Western",0.87218045112782,0.528822055137845,0.164411027568922,0.0521303258145363,0.0486215538847118,0.0120300751879699,7.31629072681704,2001,57077.6693544196,49557.6183647959,"wb"
"Sweden","SWE",2015,"Western",0.873,0.561,0.201,0.076,0.051,0.011,7.406,1000,58955.6412361461,51188.1652120493,"wb"
"Sweden","SWE",2016,"Western",0.854969574036511,0.551724137931034,0.213995943204868,0.0791075050709939,0.0598377281947262,0.0141987829614604,7.37018255578093,1000,59460.2872722689,51626.3235312369,"wb"
"Sweden","SWE",2017,"Western",0.871,0.568,0.222,0.104,0.053,0.012,7.438,1000,59769.0136237,51894.3748177808,"wb"
"Sweden","SWE",2018,"Western",0.880402010050251,0.553768844221106,0.186934673366834,0.0683417085427136,0.0472361809045226,0.014070351758794,7.38492462311558,1001,60124.5711994179,52203.0872589761,"wb"
"Sweden","SWE",2019,"Western",0.884652981427175,0.563049853372434,0.228739002932551,0.0782013685239492,0.0469208211143695,0.010752688172043,7.4594330400782,1025,61070.5243445838,53024.4099494317,"wb"
"Sweden","SWE",2020,"Western",0.870481927710843,0.55421686746988,0.206827309236948,0.0863453815261044,0.0552208835341365,0.0150602409638554,7.3785140562249,1000,59458.2805291969,51624.5811789573,"wb"
"Sweden","SWE",2021,"Western",0.921782178217822,0.576237623762376,0.188118811881188,0.0653465346534653,0.0415841584158416,0.00297029702970297,7.52970297029703,1010,62190.8526983825,53997.1337068799,"wb"
"Sweden","SWE",2022,"Western",0.916083916083916,0.617382617382617,0.222777222777223,0.0759240759240759,0.041958041958042,0.011988011988012,7.58941058941059,1001,62544.5002248644,54304.1877501033,"wb"
"Sweden","SWE",2023,"Western",0.866,0.532,0.189,0.064,0.07,0.016,7.284,1001,62122.5116950792,53937.7967122429,"wb"
"Eswatini","SWZ",2011,"Africa",0.436,0.137,0.054,0.025,0.352,0.099,5.211,1000,8350.89190932865,3108.70225253092,"wb"
"Eswatini","SWZ",2018,"Africa",0.208291203235591,0.0778564206268959,0.0535894843276036,0.0394337714863498,0.480283114256825,0.233569261880688,4.2093023255814,1000,9578.10061089805,3565.54285067501,"wb"
"Eswatini","SWZ",2019,"Africa",0.256931608133087,0.125693160813309,0.0905730129390018,0.0804066543438078,0.468576709796673,0.244916820702403,4.38909426987061,1110,10099.5863118406,3759.67106964666,"wb"
"Eswatini","SWZ",2022,"Africa",0.143579373104146,0.0444893832153691,0.0252780586450961,0.0141557128412538,0.603640040444894,0.26592517694641,3.74216380182002,1000,9927.60567008139,3695.64957179548,"wb"
"Syria","SYR",2008,"Asia",0.492537313432836,0.113598673300166,0.033167495854063,0.0174129353233831,0.262023217247098,0.054726368159204,5.47014925373134,1209,9093.12956891463,1423.59407304833,"wb"
"Syria","SYR",2009,"Asia",0.370052455889366,0.123032904148784,0.0510252742012399,0.022412970910825,0.365283738674297,0.109203624225083,5.04291845493562,2100,9481.56997895749,1484.40718049155,"wb"
"Syria","SYR",2010,"Asia",0.23558648111332,0.0760437375745527,0.0487077534791252,0.0357852882703777,0.464711729622266,0.155566600397614,4.47763419483101,2035,9749.57445219825,1526.36518590261,"wb"
"Syria","SYR",2011,"Asia",0.276741903827282,0.0912659470068695,0.0515210991167812,0.0274779195289499,0.608439646712463,0.283611383709519,4.05593719332679,2041,9854.03380162757,1542.71903961106,"wb"
"Syria","SYR",2012,"Asia",0.182,0.0725,0.0355,0.0155,0.747,0.4375,3.169,2043,7296.32886794228,1142.29215064994,"wb"
"Syria","SYR",2013,"Asia",0.13663967611336,0.0435222672064777,0.0232793522267206,0.0101214574898785,0.781376518218624,0.505060728744939,2.74089068825911,1022,5648.60213025874,884.328816905262,"wb"
"Syria","SYR",2015,"Asia",0.213914849428868,0.119418483904465,0.0726895119418484,0.0228452751817238,0.664589823468328,0.391484942886812,3.50051921079958,1002,5414.83905242808,847.731545352582,"wb"
"Chad","TCD",2006,"Africa",0.110301768990635,0.0187304890738814,0.00208116545265349,0,0.732570239334027,0.304890738813736,3.43808532778356,1000,2596.03235455456,914.21066458867,"wb"
"Chad","TCD",2007,"Africa",0.176171079429735,0.0244399185336049,0.00916496945010183,0.00610997963340122,0.591649694501018,0.14969450101833,4.13747454175153,1000,2613.47387385767,920.35281567764,"wb"
"Chad","TCD",2008,"Africa",0.311,0.025,0.002,0,0.393,0.044,4.806,1000,2601.36125803883,916.08727463451,"wb"
"Chad","TCD",2009,"Africa",0.082,0.012,0.006,0.004,0.767,0.152,3.725,1000,2474.70758352529,871.485311278207,"wb"
"Chad","TCD",2010,"Africa",0.108,0.011,0.002,0.002,0.626,0.16,3.935,1000,2717.40540181819,956.953018707396,"wb"
"Chad","TCD",2011,"Africa",0.294176706827309,0.0662650602409639,0.0391566265060241,0.0271084337349398,0.438755020080321,0.0873493975903614,4.76706827309237,1000,2741.0708339941,965.286963559567,"wb"
"Chad","TCD",2012,"Africa",0.169,0.032,0.015,0.005,0.57,0.13,4.23,1000,2886.27474563619,1016.42152061942,"wb"
"Chad","TCD",2013,"Africa",0.12124248496994,0.030060120240481,0.0210420841683367,0.00601202404809619,0.736472945891784,0.255511022044088,3.63226452905812,1000,2864.11301407361,1008.61711428961,"wb"
"Chad","TCD",2014,"Africa",0.09,0.017,0.01,0.006,0.75,0.25,3.519,1000,2820.67795066663,993.321157706456,"wb"
"Chad","TCD",2015,"Africa",0.237185929648241,0.0904522613065327,0.0613065326633166,0.0402010050251256,0.541708542713568,0.154773869346734,4.41206030150754,1000,2822.57929900014,993.990730610869,"wb"
"Chad","TCD",2016,"Africa",0.230223123732252,0.113590263691684,0.0699797160243408,0.039553752535497,0.57606490872211,0.239350912778905,4.19371196754564,1000,2622.59780844501,923.565872051196,"wb"
"Chad","TCD",2017,"Africa",0.29863301787592,0.166140904311251,0.1198738170347,0.0935856992639327,0.508937960042061,0.243953732912723,4.58044164037855,1000,2496.26213643158,879.075895464417,"wb"
"Chad","TCD",2018,"Africa",0.344280860702152,0.215175537938845,0.165345413363533,0.135900339750849,0.485843714609287,0.262740656851642,4.77349943374858,1000,2552.37036387707,898.834794005046,"wb"
"Chad","TCD",2019,"Africa",0.304186046511628,0.202790697674419,0.157209302325581,0.126511627906977,0.53953488372093,0.305116279069767,4.45395348837209,1111,2604.53153661789,917.203710060136,"wb"
"Chad","TCD",2022,"Africa",0.311340206185567,0.201030927835052,0.154639175257732,0.109278350515464,0.498969072164948,0.235051546391753,4.67835051546392,1000,2449.48251052296,862.602128172536,"wb"
"Chad","TCD",2023,"Africa",0.348088531187123,0.19215291750503,0.132796780684105,0.103621730382294,0.474849094567404,0.210261569416499,4.82997987927565,1000,2433.53330962707,856.985507283698,"wb"
"Togo","TGO",2006,"Africa",0.0700700700700701,0.011011011011011,0.004004004004004,0.003003003003003,0.743743743743744,0.352352352352352,3.23923923923924,1000,2158.94393995769,678.890227390526,"wb"
"Togo","TGO",2008,"Africa",0.053388090349076,0.00924024640657084,0.00308008213552361,0.00102669404517454,0.815195071868583,0.421971252566735,2.90451745379877,1000,2082.64201553182,654.896723036341,"wb"
"Togo","TGO",2011,"Africa",0.0710710710710711,0.024024024024024,0.014014014014014,0.011011011011011,0.763763763763764,0.412412412412412,3.01101101101101,1000,2246.56204522679,706.442158827353,"wb"
"Togo","TGO",2014,"Africa",0.0753012048192771,0.0160642570281124,0.00602409638554217,0.00200803212851406,0.794176706827309,0.404618473895582,2.98795180722892,1000,2501.43253092917,786.587399651446,"wb"
"Togo","TGO",2015,"Africa",0.178787878787879,0.0585858585858586,0.0313131313131313,0.0181818181818182,0.641414141414141,0.265656565656566,3.84545454545455,1000,2588.27260980499,813.894676975085,"wb"
"Togo","TGO",2016,"Africa",0.226586102719033,0.114803625377644,0.0715005035246727,0.0503524672708963,0.581067472306143,0.253776435045317,4.14501510574018,1000,2648.90084835076,832.959515987733,"wb"
"Togo","TGO",2017,"Africa",0.281704781704782,0.151767151767152,0.0914760914760915,0.0478170478170478,0.515592515592516,0.182952182952183,4.60914760914761,1000,2708.61122396846,851.735728621337,"wb"
"Togo","TGO",2018,"Africa",0.21797520661157,0.0898760330578512,0.0599173553719008,0.0361570247933884,0.606404958677686,0.198347107438017,4.2551652892562,1000,2787.56398409759,876.562800915869,"wb"
"Togo","TGO",2019,"Africa",0.287387387387387,0.198198198198198,0.151351351351351,0.11981981981982,0.554954954954955,0.266666666666667,4.50810810810811,1130,2862.62661160331,900.166602437871,"wb"
"Togo","TGO",2021,"Africa",0.226530612244898,0.0938775510204082,0.0591836734693878,0.0489795918367347,0.576530612244898,0.212244897959184,4.21224489795918,1000,2952.09730066985,928.301087692897,"wb"
"Togo","TGO",2022,"Africa",0.257113821138211,0.159552845528455,0.114837398373984,0.0945121951219512,0.565040650406504,0.213414634146341,4.53861788617886,1000,3086.40878742334,970.535975822983,"wb"
"Togo","TGO",2023,"Africa",0.271356783919598,0.0864321608040201,0.0422110552763819,0.0311557788944724,0.490452261306533,0.155778894472362,4.54572864321608,1000,3215.82300022488,1011.2308927823,"wb"
"Thailand","THA",2006,"Asia",0.542348754448399,0.18220640569395,0.0533807829181495,0.0227758007117438,0.107473309608541,0.0249110320284698,5.955871886121,1410,15052.6955101059,4551.5250018314,"wb"
"Thailand","THA",2007,"Asia",0.43,0.148,0.062,0.03,0.13,0.032,5.704,1006,15744.3652449147,4760.66708464831,"wb"
"Thailand","THA",2008,"Asia",0.419980601357905,0.151309408341416,0.0775945683802134,0.0455868089233754,0.138700290979631,0.032007759456838,5.69156159068865,1038,15893.5084947968,4805.76393990836,"wb"
"Thailand","THA",2009,"Asia",0.365157480314961,0.12992125984252,0.0551181102362205,0.030511811023622,0.144685039370079,0.0393700787401575,5.55314960629921,1019,15667.6047343164,4737.45679763314,"wb"
"Thailand","THA",2010,"Asia",0.630260521042084,0.213426853707415,0.0751503006012024,0.0450901803607214,0.0861723446893788,0.0140280561122244,6.25350701402806,1000,16732.187029014,5059.35747831657,"wb"
"Thailand","THA",2011,"Asia",0.655,0.333,0.152,0.096,0.054,0.008,6.645,1000,16768.1688542486,5070.23740191942,"wb"
"Thailand","THA",2012,"Asia",0.611528822055138,0.279197994987469,0.118796992481203,0.0661654135338346,0.0576441102756892,0.012531328320802,6.4140350877193,2000,17871.5786477565,5403.87846036273,"wb"
"Thailand","THA",2013,"Asia",0.606212424849699,0.209418837675351,0.0811623246492986,0.0450901803607214,0.0370741482965932,0.0120240480961924,6.26152304609218,1000,18244.4071505088,5516.61164164135,"wb"
"Thailand","THA",2014,"Asia",0.735,0.422,0.268,0.158,0.07,0.018,7.011,1000,18326.604873747,5541.46599361845,"wb"
"Thailand","THA",2015,"Asia",0.579053373615307,0.203423967774421,0.0866062437059416,0.0553877139979859,0.10171198388721,0.0261832829808661,6.10574018126888,1000,18814.0408554566,5688.85335397884,"wb"
"Thailand","THA",2016,"Asia",0.491683991683992,0.266112266112266,0.134095634095634,0.111226611226611,0.12993762993763,0.0561330561330561,6.04158004158004,1000,19372.7128024107,5857.78052935926,"wb"
"Thailand","THA",2017,"Asia",0.430672268907563,0.246848739495798,0.114495798319328,0.0913865546218487,0.146008403361345,0.0745798319327731,5.81827731092437,1000,20096.8605455164,6076.74307700082,"wb"
"Thailand","THA",2018,"Asia",0.468879668049793,0.231327800829876,0.100622406639004,0.0653526970954357,0.122406639004149,0.0591286307053942,5.88589211618257,1000,20882.1707419576,6314.19948412043,"wb"
"Thailand","THA",2019,"Asia",0.489514066496164,0.247570332480818,0.128388746803069,0.0869565217391304,0.143222506393862,0.0828644501278772,5.89667519181586,2000,21280.1504518601,6434.53770518034,"wb"
"Thailand","THA",2020,"Asia",0.654929577464789,0.318913480885312,0.101609657947686,0.0573440643863179,0.10261569416499,0.0382293762575453,6.41549295774648,1000,19950.2844063147,6032.42244606793,"wb"
"Thailand","THA",2021,"Asia",0.605421686746988,0.315261044176707,0.122489959839357,0.073293172690763,0.146586345381526,0.073293172690763,6.19377510040161,1006,20236.9760408784,6119.11018526099,"wb"
"Thailand","THA",2022,"Asia",0.463514902363823,0.238437821171634,0.132579650565262,0.0945529290853032,0.154162384378212,0.0647482014388489,5.88283658787256,1000,20768.4800093577,6279.82250415973,"wb"
"Tajikistan","TJK",2006,"Asia",0.200202224469161,0.0505561172901921,0.0202224469160768,0.00606673407482305,0.474216380182002,0.0657229524772497,4.57330637007078,1000,2063.288508243,649.163328755334,"wb"
"Tajikistan","TJK",2007,"Asia",0.151606425702811,0.035140562248996,0.0170682730923695,0.00401606425702811,0.454819277108434,0.0943775100401606,4.42269076305221,1000,2181.89798056536,686.48090192413,"wb"
"Tajikistan","TJK",2008,"Asia",0.266533066132265,0.0681362725450902,0.0200400801603206,0.0100200400801603,0.352705410821643,0.0390781563126252,4.96993987975952,1000,2308.09430040334,726.185491338269,"wb"
"Tajikistan","TJK",2009,"Asia",0.207070707070707,0.0353535353535354,0.0151515151515152,0.00505050505050505,0.419191919191919,0.0939393939393939,4.56060606060606,1000,2349.50030269416,739.212878526331,"wb"
"Tajikistan","TJK",2010,"Asia",0.126272912423625,0.0193482688391039,0.0112016293279022,0.00916496945010183,0.480651731160896,0.0519348268839104,4.39918533604888,1000,2449.27358745359,770.604105393791,"wb"
"Tajikistan","TJK",2011,"Asia",0.110663983903421,0.0241448692152917,0.0120724346076459,0.00804828973843058,0.515090543259557,0.079476861167002,4.31187122736419,1000,2572.48074895498,809.368229154093,"wb"
"Tajikistan","TJK",2012,"Asia",0.141708542713568,0.0150753768844221,0.00100502512562814,0,0.433165829145729,0.0422110552763819,4.53668341708543,1000,2700.09546037358,849.519080831738,"wb"
"Tajikistan","TJK",2013,"Asia",0.273273273273273,0.0770770770770771,0.036036036036036,0.017017017017017,0.397397397397397,0.04004004004004,4.92592592592593,1000,2828.38542075147,889.882383099979,"wb"
"Tajikistan","TJK",2014,"Asia",0.253012048192771,0.0853413654618474,0.03714859437751,0.0180722891566265,0.360441767068273,0.035140562248996,4.96285140562249,1000,2943.08867917317,925.970961482804,"wb"
"Tajikistan","TJK",2015,"Asia",0.318318318318318,0.136136136136136,0.0840840840840841,0.049049049049049,0.333333333333333,0.0560560560560561,5.21121121121121,1000,3041.44479553257,956.916310930656,"wb"
"Tajikistan","TJK",2016,"Asia",0.321608040201005,0.085427135678392,0.0381909547738693,0.0231155778894472,0.319597989949749,0.0452261306532663,5.13065326633166,1000,3169.9667820524,997.352614556708,"wb"
"Tajikistan","TJK",2017,"Asia",0.396586345381526,0.211847389558233,0.167670682730924,0.116465863453815,0.209839357429719,0.0321285140562249,5.80722891566265,1000,3312.71202243506,1042.26391757642,"wb"
"Tajikistan","TJK",2018,"Asia",0.352056168505517,0.141089936476095,0.0996322300234035,0.0835840855901036,0.203610832497492,0.0461384152457372,5.50585088599131,3000,3479.69235966041,1094.8002018221,"wb"
"Tajikistan","TJK",2019,"Asia",0.33364312267658,0.112453531598513,0.0762081784386617,0.0669144981412639,0.157992565055762,0.0297397769516729,5.48698884758364,1080,3649.88375518646,1148.34676712493,"wb"
"Tajikistan","TJK",2020,"Asia",0.328947368421053,0.186234817813765,0.142712550607287,0.129554655870445,0.186234817813765,0.0566801619433198,5.62044534412955,1000,3724.7489591466,1171.90127480359,"wb"
"Tajikistan","TJK",2021,"Asia",0.246478873239437,0.135814889336016,0.0995975855130785,0.0915492957746479,0.243460764587525,0.0573440643863179,5.25352112676056,1000,3985.91247611219,1254.06999592306,"wb"
"Tajikistan","TJK",2022,"Asia",0.314,0.097,0.064,0.048,0.241,0.043,5.261,1000,4213.75618362687,1325.75545290849,"wb"
"Turkmenistan","TKM",2009,"Asia",0.675483214649034,0.256358087487284,0.116988809766022,0.0956256358087487,0.0874872838250254,0.00712105798575788,6.49440488301119,1000,8186.87833253045,3647.67813083756,"wb"
"Turkmenistan","TKM",2011,"Asia",0.523523523523523,0.153153153153153,0.0610610610610611,0.027027027027027,0.197197197197197,0.015015015015015,5.77177177177177,1000,9837.56345513458,4383.14380872567,"wb"
"Turkmenistan","TKM",2012,"Asia",0.523665659617321,0.125881168177241,0.040281973816717,0.00906344410876133,0.299093655589124,0.0684793554884189,5.45015105740181,1000,10689.3537347285,4762.66047536389,"wb"
"Turkmenistan","TKM",2013,"Asia",0.483903420523139,0.165995975855131,0.062374245472837,0.0231388329979879,0.35010060362173,0.0653923541247485,5.42957746478873,1000,11516.3741234527,5131.14087328544,"wb"
"Turkmenistan","TKM",2014,"Asia",0.532663316582915,0.184924623115578,0.0964824120603015,0.0391959798994975,0.251256281407035,0.0532663316582915,5.77587939698492,1000,12423.9246417745,5535.50161297771,"wb"
"Turkmenistan","TKM",2015,"Asia",0.606212424849699,0.145290581162325,0.0511022044088176,0.0160320641282565,0.191382765531062,0.0190380761523046,5.82264529058116,1000,12926.6637306966,5759.497903834,"wb"
"Turkmenistan","TKM",2016,"Asia",0.68,0.064,0.013,0.003,0.118,0.005,5.899,1000,13420.3849717471,5979.47627661058,"wb"
"Turkmenistan","TKM",2017,"Asia",0.362086258776329,0.0672016048144433,0.00802407221664995,0.00100300902708124,0.353059177532598,0.00300902708124373,5.15546639919759,1000,13963.4045877295,6221.41962759021,"wb"
"Turkmenistan","TKM",2018,"Asia",0.203015075376884,0.0150753768844221,0.0050251256281407,0.00301507537688442,0.506532663316583,0.0190954773869347,4.62412060301508,1000,14499.1684377606,6460.13015920839,"wb"
"Turkmenistan","TKM",2019,"Asia",0.33670653173873,0.11867525298988,0.0542778288868445,0.0377184912603496,0.245630174793008,0.00919963201471941,5.44158233670653,1089,15080.9034007693,6719.32320157703,"wb"
"Trinidad and Tobago","TTO",2006,"Latin America",0.483168316831683,0.251485148514851,0.142574257425743,0.100990099009901,0.253465346534653,0.0772277227722772,5.77821782178218,508,33348.7507470886,17021.2241679562,"wb"
"Trinidad and Tobago","TTO",2008,"Latin America",0.658682634730539,0.383233532934132,0.179640718562874,0.135728542914172,0.135728542914172,0.0199600798403194,6.67864271457086,502,35825.3333456362,18285.2735441992,"wb"
"Trinidad and Tobago","TTO",2011,"Latin America",0.682539682539683,0.299603174603175,0.125,0.0694444444444444,0.121031746031746,0.0277777777777778,6.44642857142857,504,34769.7620251376,17746.509252615,"wb"
"Trinidad and Tobago","TTO",2013,"Latin America",0.613545816733068,0.280876494023904,0.121513944223108,0.0557768924302789,0.151394422310757,0.0816733067729084,6.14143426294821,504,37994.0686480473,19392.1974593783,"wb"
"Trinidad and Tobago","TTO",2017,"Latin America",0.545271629778672,0.301810865191147,0.181086519114688,0.144869215291751,0.177062374245473,0.0704225352112676,6.13682092555332,504,34095.9899256152,17402.6155328454,"wb"
"Tunisia","TUN",2009,"Africa",0.3419740777667,0.0727816550348953,0.028913260219342,0.0149551345962114,0.291126620139581,0.0608175473579262,5.0827517447657,1006,12229.7752536693,3835.25011939301,"wb"
"Tunisia","TUN",2010,"Africa",0.385981757081133,0.0580892942870859,0.013922227556409,0.00624099855976956,0.264522323571771,0.0436869899183869,5.16178588574172,2085,12458.2710366551,3906.90625867605,"wb"
"Tunisia","TUN",2011,"Africa",0.368965517241379,0.058128078817734,0.0172413793103448,0.00935960591133005,0.330049261083744,0.096551724137931,4.93940886699507,2034,12068.7136257667,3784.7412903401,"wb"
"Tunisia","TUN",2012,"Africa",0.278462296697881,0.0581567274519468,0.0251355347461804,0.015771315919172,0.405125677673731,0.179891572203056,4.48348940364712,2053,12436.3958115735,3900.04620132702,"wb"
"Tunisia","TUN",2013,"Africa",0.456625357483317,0.122974261201144,0.0600571973307912,0.0362249761677788,0.258341277407054,0.0829361296472831,5.34604385128694,1053,12587.9950645596,3947.58763533174,"wb"
"Tunisia","TUN",2014,"Africa",0.360952380952381,0.0933333333333333,0.0304761904761905,0.0152380952380952,0.393333333333333,0.131428571428571,4.82190476190476,1056,12824.0028914441,4021.59954703591,"wb"
"Tunisia","TUN",2015,"Africa",0.41123370110331,0.117352056168506,0.0481444332998997,0.0310932798395186,0.304914744232698,0.082246740220662,5.20361083249749,1000,12802.7917211433,4014.94773686432,"wb"
"Tunisia","TUN",2016,"Africa",0.299093655589124,0.080563947633434,0.027190332326284,0.0151057401812689,0.423967774420947,0.177240684793555,4.53776435045317,1001,12803.8797371543,4015.28893802703,"wb"
"Tunisia","TUN",2017,"Africa",0.255511022044088,0.0531062124248497,0.0240480961923848,0.0150300601202405,0.480961923847695,0.202404809619238,4.22845691382765,1001,12955.4014814241,4062.80606534519,"wb"
"Tunisia","TUN",2018,"Africa",0.308868501529052,0.0917431192660551,0.0479102956167176,0.0305810397553517,0.386340468909276,0.113149847094801,4.79102956167176,1001,13163.1952230357,4127.97005697994,"wb"
"Tunisia","TUN",2019,"Africa",0.296410256410256,0.112820512820513,0.0523076923076923,0.0358974358974359,0.42974358974359,0.230769230769231,4.38564102564103,1000,13243.9024233246,4153.27978615515,"wb"
"Tunisia","TUN",2020,"Africa",0.402610441767068,0.140562248995984,0.0622489959839357,0.0431726907630522,0.336345381526104,0.157630522088353,4.99799196787149,1003,11955.5983698479,3749.26841452928,"wb"
"Tunisia","TUN",2021,"Africa",0.300813008130081,0.0904471544715447,0.040650406504065,0.0264227642276423,0.403455284552846,0.183943089430894,4.53556910569106,1000,12444.3264026887,3902.53322990199,"wb"
"Tunisia","TUN",2022,"Africa",0.228915662650602,0.0552208835341365,0.0190763052208835,0.0130522088353414,0.478915662650602,0.140562248995984,4.37650602409639,1000,12712.22345453,3986.54558325666,"wb"
"Tunisia","TUN",2023,"Africa",0.287575150300601,0.0480961923847695,0.0180360721442886,0.0110220440881764,0.425851703406814,0.118236472945892,4.61523046092184,1000,12650.9615158166,3967.33387634534,"wb"
"Turkey","TUR",2006,"Western",0.314285714285714,0.11530612244898,0.0622448979591837,0.0448979591836735,0.451020408163265,0.174489795918367,4.66632653061224,995,18972.0089563632,8078.5153787571,"wb"
"Turkey","TUR",2007,"Western",0.542424242424242,0.15959595959596,0.0575757575757576,0.0262626262626263,0.236363636363636,0.0686868686868687,5.62929292929293,1001,19909.083519675,8477.53328393352,"wb"
"Turkey","TUR",2008,"Western",0.433601609657948,0.154929577464789,0.0613682092555332,0.0352112676056338,0.331991951710262,0.126760563380282,5.16197183098592,1004,19839.5845462269,8447.93976396947,"wb"
"Turkey","TUR",2009,"Western",0.454545454545455,0.119191919191919,0.0424242424242424,0.0202020202020202,0.268686868686869,0.0818181818181818,5.32020202020202,999,18612.1925231905,7925.30110421185,"wb"
"Turkey","TUR",2010,"Western",0.506532663316583,0.141708542713568,0.0653266331658292,0.0361809045226131,0.219095477386935,0.0703517587939698,5.57185929648241,1000,19897.4464836887,8472.57809050119,"wb"
"Turkey","TUR",2011,"Western",0.491508491508492,0.238761238761239,0.0779220779220779,0.031968031968032,0.295704295704296,0.126873126873127,5.41658341658342,1001,21760.4291923634,9265.85910238578,"wb"
"Turkey","TUR",2012,"Western",0.509263895843766,0.14121181772659,0.042563845768653,0.0215322984476715,0.246369554331497,0.0746119178768152,5.52078117175764,2000,22517.7148287875,9588.32066531438,"wb"
"Turkey","TUR",2013,"Western",0.414,0.159,0.071,0.031,0.4,0.091,5.153,1000,24117.3121099839,10269.4489140773,"wb"
"Turkey","TUR",2014,"Western",0.519617706237425,0.21579476861167,0.10261569416499,0.0653923541247485,0.238430583501006,0.091046277665996,5.71177062374245,2003,24888.8521742576,10597.9801881716,"wb"
"Turkey","TUR",2015,"Western",0.516161616161616,0.214141414141414,0.0878787878787879,0.0616161616161616,0.231313131313131,0.106060606060606,5.64343434343434,1002,25984.8027306177,11064.6494504662,"wb"
"Turkey","TUR",2016,"Western",0.491457286432161,0.195979899497487,0.0844221105527638,0.0542713567839196,0.266331658291457,0.0974874371859296,5.53266331658291,1001,26489.6436816046,11279.6169531569,"wb"
"Turkey","TUR",2017,"Western",0.49043303121853,0.132930513595166,0.0433031218529708,0.0151057401812689,0.2134944612286,0.0211480362537764,5.66062437059416,1000,28194.688309381,12005.6459824832,"wb"
"Turkey","TUR",2018,"Western",0.43043043043043,0.132132132132132,0.0590590590590591,0.037037037037037,0.31031031031031,0.0870870870870871,5.28528528528529,1000,28780.3036458151,12255.0082146169,"wb"
"Turkey","TUR",2019,"Western",0.35421805624075,0.123334977799704,0.0587074494326591,0.0424272323630982,0.386285150468673,0.159348791317218,4.85545140601875,2059,28741.0535082701,12238.2950220128,"wb"
"Turkey","TUR",2020,"Western",0.453535353535354,0.163636363636364,0.0767676767676768,0.0454545454545455,0.321212121212121,0.132323232323232,5.23131313131313,1000,28976.7179161611,12338.643833135,"wb"
"Turkey","TUR",2021,"Western",0.366565961732125,0.126888217522659,0.0563947633434038,0.0362537764350453,0.410876132930514,0.176233635448137,4.77442094662638,1000,32105.5474400506,13670.938029516,"wb"
"Turkey","TUR",2022,"Western",0.467871485943775,0.125502008032129,0.0491967871485944,0.0301204819277108,0.342369477911647,0.107429718875502,5.20080321285141,1000,33520.8111384208,14273.5747654873,"wb"
"Taiwan","TWN",2006,"Asia",0.657229524772498,0.285136501516684,0.0687563195146613,0.0374115267947422,0.096056622851365,0.0353892821031345,6.30434782608696,1002,39087.3926086822,19590.1759585367,"imf"
"Taiwan","TWN",2008,"Asia",0.520812182741117,0.192893401015228,0.0467005076142132,0.0284263959390863,0.218274111675127,0.0720812182741117,5.62131979695431,1000,41813.8743334567,20002.8537169433,"imf"
"Taiwan","TWN",2010,"Asia",0.710071210579858,0.309257375381485,0.0895218718209563,0.0488301119023398,0.114954221770092,0.0356052899287894,6.44455747711088,1000,45068.8387071348,20849.8945075362,"imf"
"Taiwan","TWN",2011,"Asia",0.705941591137966,0.294058408862034,0.0825780463242699,0.0312185297079557,0.0825780463242699,0.027190332326284,6.48439073514602,1001,46559.6347625738,22175.1378384793,"imf"
"Taiwan","TWN",2012,"Asia",0.692462311557789,0.301507537688442,0.0864321608040201,0.0422110552763819,0.118592964824121,0.0371859296482412,6.36180904522613,1000,47366.1418963946,22186.5818493197,"imf"
"Taiwan","TWN",2013,"Asia",0.717587939698492,0.327638190954774,0.0924623115577889,0.0402010050251256,0.0934673366834171,0.0251256281407035,6.53065326633166,1000,48388.6834800341,22506.7868333182,"imf"
"Taiwan","TWN",2014,"Asia",0.706001008572869,0.301059001512859,0.0736258194654564,0.0368129097327282,0.0816944024205749,0.0231971759959657,6.47453353504791,2000,50503.7810580334,23010.2520485259,"imf"
"Taiwan","TWN",2015,"Asia",0.701807228915663,0.339357429718876,0.0823293172690763,0.0411646586345382,0.0823293172690763,0.0160642570281124,6.54919678714859,1000,51077.4178964975,22690.146010317,"imf"
"Taiwan","TWN",2016,"Asia",0.741414141414141,0.296969696969697,0.103030303030303,0.0666666666666667,0.0868686868686869,0.0242424242424242,6.57272727272727,1000,52039.3277986783,22773.7831755181,"imf"
"Taiwan","TWN",2017,"Asia",0.690835850956697,0.300100704934542,0.0896273917421954,0.0473313192346425,0.0886203423967774,0.0281973816717019,6.42094662638469,1000,53841.7976558243,24328.9563643242,"imf"
"Taiwan","TWN",2018,"Asia",0.754509018036072,0.307615230460922,0.0741482965931864,0.0360721442885772,0.0781563126252505,0.0170340681362725,6.5811623246493,1000,53774.5575985443,24516.7840122606,"imf"
"Taiwan","TWN",2019,"Asia",0.745136186770428,0.315175097276265,0.0875486381322957,0.0476653696498054,0.0768482490272374,0.0175097276264591,6.5943579766537,1030,55488.5971451196,24203.4561144354,"imf"
"Taiwan","TWN",2020,"Asia",0.810050251256281,0.360804020100502,0.0924623115577889,0.0492462311557789,0.04321608040201,0.00703517587939699,6.8643216080402,1000,60592.8056068414,26508.3584880595,"imf"
"Taiwan","TWN",2021,"Asia",0.715291750503018,0.32092555331992,0.0995975855130785,0.0543259557344064,0.122736418511066,0.0482897384305835,6.4476861167002,1000,64770.4360138787,29387.4412924216,"imf"
"Taiwan","TWN",2022,"Asia",0.792377131394183,0.381143430290873,0.0982948846539619,0.045135406218656,0.0682046138415246,0.0150451354062187,6.80541624874624,1000,66805.4086163174,27156.2342568025,"imf"
"Taiwan","TWN",2023,"Asia",0.757757757757758,0.367367367367367,0.109109109109109,0.0530530530530531,0.0890890890890891,0.02002002002002,6.7017017017017,1003,67070.7015723488,25729.2938100382,"imf"
"Tanzania","TZA",2006,"Africa",0.172054223149114,0.0156412930135558,0.00417101147028154,0.00208550573514077,0.592283628779979,0.156412930135558,4.03962460896767,1000,2334.1044921875,704.502746582031,"wb"
"Tanzania","TZA",2007,"Africa",0.219315895372233,0.0694164989939638,0.0211267605633803,0.00402414486921529,0.600603621730382,0.116700201207243,4.37726358148893,1000,2423.61596679688,731.52001953125,"wb"
"Tanzania","TZA",2008,"Africa",0.251008064516129,0.0544354838709677,0.0030241935483871,0,0.524193548387097,0.105846774193548,4.5241935483871,1000,2493.25927734375,752.540466308594,"wb"
"Tanzania","TZA",2009,"Africa",0.13,0.017,0.003,0.001,0.695,0.257,3.628,1000,2560.81103515625,772.929565429688,"wb"
"Tanzania","TZA",2010,"Africa",0.118,0.027,0.016,0.006,0.708,0.284,3.557,1000,2654.80346679688,801.29931640625,"wb"
"Tanzania","TZA",2011,"Africa",0.212212212212212,0.049049049049049,0.028028028028028,0.013013013013013,0.570570570570571,0.175175175175175,4.21821821821822,1000,2779.70776367188,838.999267578125,"wb"
"Tanzania","TZA",2012,"Africa",0.234,0.063,0.019,0.01,0.599,0.202,4.193,1000,2822.4853515625,851.910705566406,"wb"
"Tanzania","TZA",2013,"Africa",0.169811320754717,0.0476663356504469,0.0188679245283019,0.00496524329692155,0.631578947368421,0.245283018867925,3.8857994041708,1008,2924.86328125,882.8115234375,"wb"
"Tanzania","TZA",2014,"Africa",0.228228228228228,0.103103103103103,0.0500500500500501,0.03003003003003,0.587587587587588,0.356356356356356,3.68568568568569,1008,3027.56909179688,913.811218261719,"wb"
"Tanzania","TZA",2015,"Africa",0.189,0.043,0.018,0.004,0.586,0.303,3.726,1000,3111.44458007813,939.127319335938,"wb"
"Tanzania","TZA",2016,"Africa",0.114228456913828,0.0470941883767535,0.0380761523046092,0.0270541082164329,0.701402805611222,0.478957915831663,2.96593186372745,1000,3214.24682617188,970.156127929688,"wb"
"Tanzania","TZA",2017,"Africa",0.14859437751004,0.0753012048192771,0.0512048192771084,0.0381526104417671,0.619477911646586,0.414658634538153,3.37951807228916,1000,3318.28833007813,1001.55895996094,"wb"
"Tanzania","TZA",2018,"Africa",0.15438950554995,0.0807265388496468,0.0605449041372351,0.0494450050454087,0.592330978809284,0.373360242179617,3.55701311806256,1000,3392.68872070313,1024.01525878906,"wb"
"Tanzania","TZA",2019,"Africa",0.207566462167689,0.109406952965235,0.0838445807770961,0.0725971370143149,0.592024539877301,0.387525562372188,3.65746421267894,1000,3484.63256835938,1051.7666015625,"wb"
"Tanzania","TZA",2020,"Africa",0.241935483870968,0.0967741935483871,0.0665322580645161,0.0504032258064516,0.426411290322581,0.225806451612903,4.39012096774194,1001,3449.82153320313,1041.25964355469,"wb"
"Tanzania","TZA",2021,"Africa",0.189105858170606,0.110996916752312,0.0986639260020555,0.0729701952723535,0.5775950668037,0.398766700924974,3.60945529290853,1000,3493.0830078125,1054.31726074219,"wb"
"Tanzania","TZA",2022,"Africa",0.203030303030303,0.114141414141414,0.0898989898989899,0.0737373737373737,0.546464646464646,0.37979797979798,3.73636363636364,1001,3546.98095703125,1070.58532714844,"wb"
"Uganda","UGA",2006,"Africa",0.178894472361809,0.0231155778894472,0.00603015075376884,0.0050251256281407,0.564824120603015,0.203015075376884,4.03819095477387,1000,1898.97915280479,650.270540867444,"wb"
"Uganda","UGA",2007,"Africa",0.224,0.033,0.01,0.006,0.545,0.129,4.32,1000,1999.0624896434,684.542241787248,"wb"
"Uganda","UGA",2008,"Africa",0.293,0.033,0.013,0.004,0.408,0.05,4.837,1000,2110.10049271503,722.565167003452,"wb"
"Uganda","UGA",2009,"Africa",0.318,0.068,0.016,0.002,0.452,0.078,4.762,1000,2188.29916246327,749.342865535423,"wb"
"Uganda","UGA",2010,"Africa",0.225,0.057,0.019,0.009,0.553,0.167,4.313,1000,2244.60595194584,768.624091660131,"wb"
"Uganda","UGA",2011,"Africa",0.36,0.078,0.033,0.02,0.396,0.124,4.827,1000,2384.4653273154,816.516366587228,"wb"
"Uganda","UGA",2012,"Africa",0.238,0.049,0.013,0.01,0.486,0.126,4.467,1000,2405.09455932767,823.580468285493,"wb"
"Uganda","UGA",2013,"Africa",0.162,0.042,0.02,0.012,0.618,0.265,3.861,1000,2420.88808087266,828.988669729986,"wb"
"Uganda","UGA",2014,"Africa",0.197768762677485,0.0750507099391481,0.0466531440162272,0.0202839756592292,0.625760649087221,0.300202839756592,3.8762677484787,1000,2470.50380909598,845.978664791099,"wb"
"Uganda","UGA",2015,"Africa",0.265784114052953,0.132382892057026,0.0712830957230143,0.04989816700611,0.525458248472505,0.285132382892057,4.26680244399185,1000,2520.0201028843,862.934610355811,"wb"
"Uganda","UGA",2016,"Africa",0.296370967741935,0.164314516129032,0.119959677419355,0.108870967741935,0.504032258064516,0.309475806451613,4.33568548387097,1000,2554.22769062073,874.648370639216,"wb"
"Uganda","UGA",2017,"Africa",0.214902807775378,0.115550755939525,0.0885529157667387,0.0777537796976242,0.578833693304536,0.307775377969762,4.04535637149028,1000,2543.84754394956,871.093880017151,"wb"
"Uganda","UGA",2018,"Africa",0.278855975485189,0.178753830439224,0.139938712972421,0.122574055158325,0.511746680286006,0.275791624106231,4.45863125638407,1000,2613.87976413963,895.07512785438,"wb"
"Uganda","UGA",2019,"Africa",0.356122448979592,0.219387755102041,0.172448979591837,0.145918367346939,0.41530612244898,0.23469387755102,4.92244897959184,1000,2689.41009144919,920.939101515671,"wb"
"Uganda","UGA",2020,"Africa",0.314,0.146,0.098,0.072,0.448,0.155,4.796,1016,2678.00907202293,917.0350317644,"wb"
"Uganda","UGA",2021,"Africa",0.281973816717019,0.168177240684794,0.123867069486405,0.103726082578046,0.520644511581068,0.281973816717019,4.39073514602215,1000,2684.92035939744,919.401675217265,"wb"
"Uganda","UGA",2022,"Africa",0.290030211480363,0.18932527693857,0.169184290030211,0.157099697885196,0.504531722054381,0.281973816717019,4.52467270896274,1000,2724.90609568409,933.094056370423,"wb"
"Ukraine","UKR",2006,"Eastern Europe",0.337047353760446,0.0993500464252553,0.0324976787372331,0.00928505106778087,0.397400185701021,0.10677808727948,4.88486536675952,1102,16901.5078125,2298.13232421875,"wb"
"Ukraine","UKR",2007,"Eastern Europe",0.438746438746439,0.133903133903134,0.0427350427350427,0.0199430199430199,0.301994301994302,0.0788224121557455,5.29439696106363,1066,18374.013671875,2498.35205078125,"wb"
"Ukraine","UKR",2008,"Eastern Europe",0.416346153846154,0.121153846153846,0.0413461538461538,0.0192307692307692,0.341346153846154,0.0798076923076923,5.19038461538462,1074,18883.986328125,2567.69409179688,"wb"
"Ukraine","UKR",2009,"Eastern Europe",0.430608365019011,0.135931558935361,0.0399239543726236,0.0152091254752852,0.326045627376426,0.0960076045627376,5.20247148288973,1081,16092.7958984375,2188.17016601563,"wb"
"Ukraine","UKR",2010,"Eastern Europe",0.419517102615694,0.0925553319919517,0.0251509054325956,0.0110663983903421,0.288732394366197,0.0503018108651912,5.28269617706237,1000,16811.794921875,2285.93383789063,"wb"
"Ukraine","UKR",2011,"Eastern Europe",0.4387031408308,0.115501519756839,0.027355623100304,0.0101317122593718,0.321175278622087,0.0921985815602837,5.17629179331307,1000,17783.95703125,2418.12084960938,"wb"
"Ukraine","UKR",2012,"Eastern Europe",0.421649484536082,0.110309278350515,0.0371134020618557,0.011340206185567,0.334020618556701,0.0783505154639175,5.15154639175258,1000,17848.740234375,2426.92944335938,"wb"
"Ukraine","UKR",2013,"Eastern Europe",0.312180143295803,0.0419651995905834,0.0112589559877175,0.00511770726714432,0.429887410440123,0.112589559877175,4.68577277379734,1000,17889.091796875,2432.41625976563,"wb"
"Ukraine","UKR",2014,"Eastern Europe",0.255497382198953,0.0397905759162304,0.0104712041884817,0.00628272251308901,0.498429319371728,0.173821989528796,4.29528795811518,1000,16978.8125,2308.6435546875,"wb"
"Ukraine","UKR",2015,"Eastern Europe",0.206825232678387,0.0382626680455016,0.0093071354705274,0.0062047569803516,0.59358841778697,0.216132368148914,4.00930713547053,1000,15403.7099609375,2094.47387695313,"wb"
"Ukraine","UKR",2016,"Eastern Europe",0.222222222222222,0.0474747474747475,0.0212121212121212,0.0101010101010101,0.563636363636364,0.233333333333333,4.0989898989899,1000,15856.8125,2156.0830078125,"wb"
"Ukraine","UKR",2017,"Eastern Europe",0.228282828282828,0.0737373737373737,0.0282828282828283,0.0141414141414141,0.532323232323232,0.23030303030303,4.15454545454545,1000,16310.3603515625,2217.7529296875,"wb"
"Ukraine","UKR",2018,"Eastern Europe",0.299075025693731,0.0904419321685509,0.0277492291880781,0.00822199383350463,0.461459403905447,0.140801644398767,4.63206577595067,1000,16978.984375,2308.6669921875,"wb"
"Ukraine","UKR",2019,"Eastern Europe",0.268292682926829,0.0797373358348968,0.0393996247654784,0.0215759849906191,0.428705440900563,0.161350844277674,4.57410881801126,1080,17636.5546875,2398.07836914063,"wb"
"Ukraine","UKR",2020,"Eastern Europe",0.471774193548387,0.235887096774194,0.0887096774193548,0.0483870967741935,0.25,0.0806451612903226,5.64415322580645,1001,17092.5390625,2324.107421875,"wb"
"Ukraine","UKR",2021,"Eastern Europe",0.470468431771894,0.186354378818737,0.0763747454175153,0.0468431771894094,0.258655804480652,0.0936863543788187,5.53869653767821,1000,17846.408203125,2426.6123046875,"wb"
"Ukraine","UKR",2022,"Eastern Europe",0.349748743718593,0.128643216080402,0.0462311557788945,0.0371859296482412,0.375879396984925,0.139698492462312,4.86633165829146,1000,13787.12109375,1874.66296386719,"wb"
"Ukraine","UKR",2023,"Eastern Europe",0.326903553299492,0.117766497461929,0.0517766497461929,0.0395939086294416,0.355329949238579,0.112690355329949,4.94111675126904,1000,15916.9580078125,2164.26123046875,"wb"
"Uruguay","URY",2006,"Latin America",0.483516483516484,0.20979020979021,0.0889110889110889,0.0579420579420579,0.253746253746254,0.0859140859140859,5.6023976023976,1004,19560.0743506382,11574.470540231,"wb"
"Uruguay","URY",2007,"Latin America",0.498989898989899,0.185858585858586,0.0757575757575758,0.0393939393939394,0.234343434343434,0.0626262626262626,5.66666666666667,1004,20803.885306175,12310.482735502,"wb"
"Uruguay","URY",2008,"Latin America",0.477911646586345,0.211847389558233,0.0913654618473896,0.0602409638554217,0.266064257028112,0.072289156626506,5.6285140562249,1005,22249.3750934425,13165.83628166,"wb"
"Uruguay","URY",2009,"Latin America",0.602249488752556,0.288343558282209,0.0950920245398773,0.0419222903885481,0.149284253578732,0.0378323108384458,6.18916155419223,1000,23138.0733091496,13691.71420689,"wb"
"Uruguay","URY",2010,"Latin America",0.558044806517312,0.256619144602851,0.109979633401222,0.0641547861507128,0.175152749490835,0.0509164969450102,6.0224032586558,1000,24879.8256003219,14722.3780081191,"wb"
"Uruguay","URY",2011,"Latin America",0.663244353182752,0.367556468172485,0.176591375770021,0.103696098562628,0.139630390143737,0.0451745379876797,6.52566735112936,1000,26099.3116487704,15443.9961926395,"wb"
"Uruguay","URY",2012,"Latin America",0.653923541247485,0.37625754527163,0.172032193158954,0.121730382293763,0.162977867203219,0.0543259557344064,6.46177062374245,1009,26953.2709026389,15949.3176985435,"wb"
"Uruguay","URY",2013,"Latin America",0.62086258776329,0.317953861584754,0.134403209628887,0.086258776328987,0.158475426278837,0.0591775325977934,6.28485456369107,1000,28119.4726887432,16639.4054750651,"wb"
"Uruguay","URY",2014,"Latin America",0.644803229061554,0.36125126135217,0.15438950554995,0.100908173562059,0.128153380423814,0.0373360242179617,6.50252270433905,1000,28935.086486757,17122.0364563225,"wb"
"Uruguay","URY",2015,"Latin America",0.642211055276382,0.369849246231156,0.178894472361809,0.11356783919598,0.144723618090452,0.0552763819095477,6.48140703517588,1000,28941.6184540581,17125.9016800298,"wb"
"Uruguay","URY",2016,"Latin America",0.62753036437247,0.328947368421053,0.145748987854251,0.0850202429149798,0.167004048582996,0.0769230769230769,6.2580971659919,1000,29332.5561568815,17357.2349992841,"wb"
"Uruguay","URY",2017,"Latin America",0.598187311178248,0.339375629405841,0.155085599194361,0.109768378650554,0.164149043303122,0.0694864048338369,6.24773413897281,1000,29762.4220666605,17611.6036800874,"wb"
"Uruguay","URY",2018,"Latin America",0.607823470411234,0.313941825476429,0.131394182547643,0.086258776328987,0.146439317953862,0.0621865596790371,6.23771313941826,1000,29757.9276055415,17608.94412947,"wb"
"Uruguay","URY",2019,"Latin America",0.673831775700935,0.363551401869159,0.149532710280374,0.110280373831776,0.125233644859813,0.0429906542056075,6.54859813084112,1080,30010.5628834294,17758.4384273402,"wb"
"Uruguay","URY",2020,"Latin America",0.686,0.31,0.109,0.054,0.107,0.025,6.488,1001,27788.1749600196,16443.363490131,"wb"
"Uruguay","URY",2021,"Latin America",0.657286432160804,0.349748743718593,0.147738693467337,0.0964824120603015,0.127638190954774,0.0482412060301508,6.45527638190955,1000,29431.8738833361,17416.0052308469,"wb"
"Uruguay","URY",2022,"Latin America",0.687374749498998,0.380761523046092,0.183366733466934,0.122244488977956,0.112224448897796,0.0470941883767535,6.63627254509018,1000,30840.0709827676,18249.2912168828,"wb"
"Uruguay","URY",2023,"Latin America",0.694248234106963,0.388496468213925,0.175580221997982,0.122098890010091,0.114026236125126,0.0585267406659939,6.62361251261352,1000,31100.9696889882,18403.6753125157,"wb"
"United States","USA",2006,"Western",0.824120603015075,0.517587939698492,0.22713567839196,0.117587939698492,0.0623115577889447,0.0251256281407035,7.25628140703518,1001,60684.3399832539,53596.315236412,"wb"
"United States","USA",2007,"Western",0.874183006535948,0.569444444444444,0.25,0.109477124183007,0.0506535947712418,0.00816993464052288,7.49509803921569,1225,61314.4520816367,54152.8292673551,"wb"
"United States","USA",2008,"Western",0.818363273453094,0.538922155688623,0.231536926147705,0.0808383233532934,0.0798403193612774,0.0219560878243513,7.2375249500998,1004,60806.2238713713,53703.962897927,"wb"
"United States","USA",2009,"Western",0.817182817182817,0.551448551448551,0.26973026973027,0.121878121878122,0.0839160839160839,0.027972027972028,7.3046953046953,1003,58722.496767251,51863.6183416558,"wb"
"United States","USA",2010,"Western",0.814,0.564,0.297,0.136,0.083,0.03,7.35,1005,59797.0736545937,52812.6829869279,"wb"
"United States","USA",2011,"Western",0.799800796812749,0.531872509960159,0.25199203187251,0.112549800796813,0.0916334661354582,0.0169322709163347,7.24302788844621,1008,60253.2035796719,53215.5362314388,"wb"
"United States","USA",2012,"Western",0.789246279404705,0.534805568891023,0.273163706192991,0.123379740758521,0.101776284205473,0.028804608737398,7.21507441190591,2094,61142.3637034265,54000.8410778217,"wb"
"United States","USA",2013,"Western",0.801801801801802,0.520520520520521,0.247247247247247,0.111111111111111,0.0810810810810811,0.023023023023023,7.23523523523524,1005,61966.6621370894,54728.860179812,"wb"
"United States","USA",2014,"Western",0.813052011776251,0.533856722276742,0.252208047105005,0.123650637880275,0.0888125613346418,0.0220804710500491,7.27576054955839,2048,63026.8779187814,55665.2411187802,"wb"
"United States","USA",2015,"Western",0.765810276679842,0.470355731225296,0.208498023715415,0.0948616600790514,0.106719367588933,0.0266798418972332,6.98715415019763,1019,64367.7188912582,56849.4697923159,"wb"
"United States","USA",2016,"Western",0.785575048732943,0.453216374269006,0.188109161793372,0.0896686159844055,0.0906432748538012,0.0214424951267057,7.00682261208577,1032,65025.9855980616,57430.8499298804,"wb"
"United States","USA",2017,"Western",0.837623762376238,0.486138613861386,0.201980198019802,0.0920792079207921,0.0653465346534653,0.0178217821782178,7.23069306930693,1013,66164.0320014289,58435.9707535619,"wb"
"United States","USA",2018,"Western",0.793619142572283,0.503489531405783,0.23728813559322,0.098703888334995,0.0997008973080758,0.0249252243270189,7.14456630109671,1004,67728.4424921024,59817.6556798612,"wb"
"United States","USA",2019,"Western",0.829268292682927,0.48390243902439,0.205853658536585,0.0809756097560976,0.0673170731707317,0.0146341463414634,7.19804878048781,1026,69121.4580016741,61047.9648238812,"wb"
"United States","USA",2020,"Western",0.8389662027833,0.513916500994036,0.220675944333996,0.100397614314115,0.0715705765407555,0.0178926441351889,7.28429423459245,1007,67406.8311325507,59533.609024416,"wb"
"United States","USA",2021,"Western",0.830845771144279,0.498507462686567,0.190049751243781,0.0796019900497512,0.0656716417910448,0.017910447761194,7.19203980099503,1005,71441.231980595,63096.7856149746,"wb"
"United States","USA",2022,"Western",0.767232767232767,0.408591408591409,0.173826173826174,0.0909090909090909,0.101898101898102,0.021978021978022,6.8961038961039,1003,72828.7430907189,64322.2332819139,"wb"
"Uzbekistan","UZB",2006,"Asia",0.341164453524004,0.12461695607763,0.0602655771195097,0.0459652706843718,0.2829417773238,0.0725229826353422,5.21961184882533,1000,4439.90667205623,1807.87328626177,"wb"
"Uzbekistan","UZB",2008,"Asia",0.358333333333333,0.1125,0.046875,0.0364583333333333,0.254166666666667,0.0604166666666667,5.29583333333333,1000,5145.99183378479,2095.38214534409,"wb"
"Uzbekistan","UZB",2009,"Asia",0.332985386221294,0.116910229645094,0.0553235908141962,0.0313152400835073,0.268267223382046,0.0448851774530271,5.27870563674322,1000,5471.82013683888,2228.0552685669,"wb"
"Uzbekistan","UZB",2010,"Asia",0.284979423868313,0.0977366255144033,0.0473251028806584,0.0339506172839506,0.298353909465021,0.058641975308642,5.12345679012346,1000,5794.98037704358,2359.64199067641,"wb"
"Uzbekistan","UZB",2011,"Asia",0.490909090909091,0.153535353535354,0.0707070707070707,0.0616161616161616,0.176767676767677,0.0323232323232323,5.76767676767677,1000,6170.84149747534,2512.68783806993,"wb"
"Uzbekistan","UZB",2012,"Asia",0.550403225806452,0.198588709677419,0.112903225806452,0.0826612903225806,0.152217741935484,0.0372983870967742,6.01209677419355,1000,6525.4971525889,2657.09909084172,"wb"
"Uzbekistan","UZB",2013,"Asia",0.504568527918782,0.203045685279188,0.123857868020305,0.0934010152284264,0.159390862944162,0.0385786802030457,5.95837563451777,1000,6932.93371228586,2823.00205379328,"wb"
"Uzbekistan","UZB",2014,"Asia",0.504577822990844,0.250254323499491,0.158697863682604,0.122075279755849,0.162767039674466,0.0356052899287894,6.08850457782299,1000,7344.44304405623,2990.56339751192,"wb"
"Uzbekistan","UZB",2015,"Asia",0.481331987891019,0.265388496468214,0.180625630676085,0.127144298688194,0.260343087790111,0.0423814328960646,5.99697275479314,1000,7792.23605983713,3172.89899391083,"wb"
"Uzbekistan","UZB",2016,"Asia",0.503073770491803,0.229508196721311,0.168032786885246,0.113729508196721,0.260245901639344,0.0573770491803279,5.92520491803279,1000,8172.9216949615,3327.90932206401,"wb"
"Uzbekistan","UZB",2017,"Asia",0.54133064516129,0.337701612903226,0.241935483870968,0.202620967741935,0.129032258064516,0.0403225806451613,6.46875,1000,8413.29975299494,3425.78819696408,"wb"
"Uzbekistan","UZB",2018,"Asia",0.496987951807229,0.299196787148594,0.210843373493976,0.190763052208835,0.152610441767068,0.0451807228915663,6.27008032128514,1000,8742.5491991216,3559.85436594803,"wb"
"Uzbekistan","UZB",2019,"Asia",0.492048643592142,0.309635173058934,0.210477081384471,0.169317118802619,0.177736202057998,0.0533208606173994,6.21889616463985,1080,9169.01147508351,3733.50435754861,"wb"
"Uzbekistan","UZB",2020,"Asia",0.458038422649141,0.248736097067745,0.145601617795753,0.11324570273003,0.182002022244692,0.0546006066734075,5.94539939332659,1000,9145.23119844239,3723.82133264406,"wb"
"Uzbekistan","UZB",2021,"Asia",0.504048582995951,0.285425101214575,0.194331983805668,0.161943319838057,0.159919028340081,0.0576923076923077,6.15789473684211,1000,9705.60054565692,3951.99657327359,"wb"
"Uzbekistan","UZB",2022,"Asia",0.497987927565392,0.29476861167002,0.196177062374245,0.154929577464789,0.180080482897384,0.062374245472837,6.13380281690141,1000,10091.3877869999,4109.08421031655,"wb"
"Uzbekistan","UZB",2023,"Asia",0.518292682926829,0.330284552845528,0.229674796747967,0.197154471544715,0.144308943089431,0.0447154471544715,6.41260162601626,1000,10514.0955721447,4281.20542121225,"wb"
"Venezuela","VEN",2006,"Latin America",0.726814516129032,0.509072580645161,0.348790322580645,0.27116935483871,0.116935483870968,0.0504032258064516,7.17036290322581,1000,20001.3224420366,4190.56607050126,"imf"
"Venezuela","VEN",2007,"Latin America",0.650905432595573,0.343058350100604,0.177062374245473,0.0945674044265594,0.142857142857143,0.0432595573440644,6.47082494969819,1000,21429.8001791463,4489.56571662594,"imf"
"Venezuela","VEN",2008,"Latin America",0.636088709677419,0.307459677419355,0.147177419354839,0.09375,0.143145161290323,0.0383064516129032,6.3820564516129,1000,22217.9618524337,4655.65136715099,"imf"
"Venezuela","VEN",2009,"Latin America",0.766364551863041,0.450151057401813,0.265861027190332,0.143001007049345,0.0795568982880161,0.0322255790533736,7.06948640483384,1000,21185.2965211365,4451.37446074164,"imf"
"Venezuela","VEN",2010,"Latin America",0.7983789260385,0.612968591691996,0.404255319148936,0.243161094224924,0.0871327254305978,0.033434650455927,7.58459979736575,1000,20547.2018001785,4323.73301534677,"imf"
"Venezuela","VEN",2011,"Latin America",0.633333333333333,0.372727272727273,0.206060606060606,0.135353535353535,0.155555555555556,0.0595959595959596,6.5030303030303,1000,21077.6463449609,4444.55159079494,"imf"
"Venezuela","VEN",2012,"Latin America",0.706180344478217,0.494427558257345,0.328267477203647,0.221884498480243,0.0932117527862209,0.033434650455927,7.14893617021277,1000,21924.5699873842,4638.41209800487,"imf"
"Venezuela","VEN",2013,"Latin America",0.629441624365482,0.352284263959391,0.247715736040609,0.183756345177665,0.160406091370558,0.065989847715736,6.50862944162437,1000,21889.8475471366,4642.55149314778,"imf"
"Venezuela","VEN",2014,"Latin America",0.576032225579053,0.297079556898288,0.158106747230614,0.11178247734139,0.205438066465257,0.0594159113796576,6.13897280966767,1000,20729.238593602,4412.9795921313,"imf"
"Venezuela","VEN",2015,"Latin America",0.515090543259557,0.232394366197183,0.12374245472837,0.096579476861167,0.25251509054326,0.142857142857143,5.57444668008048,1000,19162.2779643347,4096.61989137473,"imf"
"Venezuela","VEN",2016,"Latin America",0.273366834170854,0.114572864321608,0.0693467336683417,0.0582914572864322,0.505527638190955,0.301507537688442,4.11959798994975,1000,15836.9198541787,3374.43091608185,"imf"
"Venezuela","VEN",2017,"Latin America",0.381909547738693,0.226130653266332,0.159798994974874,0.132663316582915,0.351758793969849,0.173869346733668,5.19597989949749,1000,13466.2910176558,2863.33227846365,"imf"
"Venezuela","VEN",2018,"Latin America",0.342713567839196,0.193969849246231,0.136683417085427,0.119597989949749,0.384924623115578,0.209045226130653,4.90452261306533,1000,11389.5449806966,2359.38238345005,"imf"
"Venezuela","VEN",2019,"Latin America",0.350974930362117,0.236768802228412,0.173630454967502,0.143918291550604,0.395543175487465,0.228412256267409,4.98978644382544,1080,8556.92820571229,1759.05547364548,"imf"
"Venezuela","VEN",2020,"Latin America",0.299798792756539,0.150905432595573,0.101609657947686,0.0804828973843058,0.447686116700201,0.190140845070423,4.69014084507042,1000,5986.86413285872,1255.86457068119,"imf"
"Venezuela","VEN",2021,"Latin America",0.412,0.178,0.093,0.067,0.347,0.116,5.258,1000,6135.44718849626,1272.94397516527,"imf"
"Venezuela","VEN",2022,"Latin America",0.479396984924623,0.291457286432161,0.18894472361809,0.157788944723618,0.242211055276382,0.112562814070352,5.8572864321608,1000,6789.03279996652,1376.93801227125,"imf"
"Venezuela","VEN",2023,"Latin America",0.472361809045226,0.291457286432161,0.193969849246231,0.167839195979899,0.269346733668342,0.121608040201005,5.7748743718593,1002,7106.35356166167,1427.88655943805,"imf"
"Vietnam","VNM",2006,"Asia",0.424050632911392,0.040084388185654,0.0105485232067511,0.00527426160337553,0.216244725738397,0.020042194092827,5.32805907172996,1023,6098.24495436514,1699.67620343393,"wb"
"Vietnam","VNM",2007,"Asia",0.396359959555106,0.0697674418604651,0.0313447927199191,0.0171890798786653,0.156723963599596,0.0262891809908999,5.44590495449949,1015,6418.54381402878,1788.9485028957,"wb"
"Vietnam","VNM",2008,"Asia",0.432323232323232,0.0646464646464646,0.0161616161616162,0.00707070707070707,0.196969696969697,0.0131313131313131,5.42121212121212,1016,6659.13561432065,1856.00519883979,"wb"
"Vietnam","VNM",2009,"Asia",0.434131736526946,0.0818363273453094,0.0239520958083832,0.0129740518962076,0.202594810379242,0.029940119760479,5.43712574850299,1008,6914.33863589545,1927.13427057454,"wb"
"Vietnam","VNM",2010,"Asia",0.327233584499462,0.0871905274488698,0.0333692142088267,0.00215285252960172,0.247578040904198,0.0139935414424112,5.28417653390743,1000,7274.73310698016,2027.58184375924,"wb"
"Vietnam","VNM",2011,"Asia",0.503289473684211,0.157894736842105,0.0460526315789474,0.0175438596491228,0.172149122807018,0.0230263157894737,5.80701754385965,1000,7652.61895672271,2132.90453762087,"wb"
"Vietnam","VNM",2012,"Asia",0.465974025974026,0.0867532467532467,0.0249350649350649,0.00727272727272727,0.204155844155844,0.0145454545454545,5.52831168831169,2000,7979.86828926858,2224.11404253256,"wb"
"Vietnam","VNM",2013,"Asia",0.291203235591507,0.0475227502527806,0.0131445904954499,0.00910010111223458,0.247724974721941,0.0465116279069767,5.03842264914055,1017,8324.19871250047,2320.08431444934,"wb"
"Vietnam","VNM",2014,"Asia",0.284199363732768,0.0784729586426299,0.0349946977730647,0.0190880169671262,0.282078472958643,0.0721102863202545,5.00742311770944,1000,8751.88280634375,2439.28655744423,"wb"
"Vietnam","VNM",2015,"Asia",0.319957761351637,0.0813093980992608,0.0401267159450898,0.0168954593453009,0.298838437170011,0.0855332629355861,5,1000,9248.02396069622,2577.56885340113,"wb"
"Vietnam","VNM",2016,"Asia",0.367286973555338,0.0714985308521058,0.0264446620959843,0.00783545543584721,0.28305582761998,0.0871694417238002,5.04995102840353,1039,9743.1882231455,2715.57887431272,"wb"
"Vietnam","VNM",2017,"Asia",0.33048128342246,0.0716577540106952,0.0267379679144385,0.0160427807486631,0.198930481283422,0.067379679144385,5.14866310160428,1002,10290.5487142244,2868.13680013379,"wb"
"Vietnam","VNM",2018,"Asia",0.337461300309598,0.0856553147574819,0.0464396284829721,0.0371517027863777,0.214654282765738,0.0402476780185759,5.29102167182663,1012,10936.8937859558,3048.28327602145,"wb"
"Vietnam","VNM",2019,"Asia",0.434472208057114,0.122386537480877,0.055583885772565,0.0382457929627741,0.194288628250892,0.055583885772565,5.50127485976543,2000,11628.6139147451,3241.07648966529,"wb"
"Vietnam","VNM",2020,"Asia",0.527426160337553,0.197257383966245,0.0706751054852321,0.0421940928270042,0.14873417721519,0.0569620253164557,5.85654008438819,1000,11851.3965685649,3303.16949807493,"wb"
"Vietnam","VNM",2021,"Asia",0.564179104477612,0.178109452736318,0.0507462686567164,0.026865671641791,0.121393034825871,0.0487562189054726,5.90646766169154,1020,12048.9019935536,3358.21734764714,"wb"
"Vietnam","VNM",2022,"Asia",0.691691691691692,0.167167167167167,0.0540540540540541,0.027027027027027,0.0960960960960961,0.027027027027027,6.19019019019019,1000,12979.7638983711,3617.66311280437,"wb"
"Vietnam","VNM",2023,"Asia",0.632426988922457,0.234642497482377,0.080563947633434,0.0392749244712991,0.144008056394763,0.0584088620342397,6.09264853977845,1000,13534.7997843016,3772.36029116103,"wb"
NA,"XKX",2006,"Eastern Europe",0.384086444007859,0.0913555992141454,0.0304518664047151,0.0147347740667976,0.368369351669941,0.106090373280943,4.9705304518664,1046,7098.40301909042,2543.5980687089,"nearest"
NA,"XKX",2008,"Eastern Europe",0.495201535508637,0.156429942418426,0.0671785028790787,0.0143953934740883,0.269673704414587,0.0527831094049904,5.55662188099808,1047,7098.40301909042,2543.5980687089,"wb"
NA,"XKX",2009,"Eastern Europe",0.529888551165147,0.218844984802432,0.0435663627152989,0.0101317122593718,0.242147922998987,0.0415400202634245,5.73758865248227,1000,7481.45889832785,2680.85995592712,"wb"
NA,"XKX",2010,"Eastern Europe",0.462908011869436,0.114737883283877,0.0326409495548961,0.0118694362017804,0.324431256181998,0.0919881305637982,5.23343224530168,1017,7877.10199850556,2822.63227046091,"wb"
NA,"XKX",2011,"Eastern Europe",0.363723608445297,0.09021113243762,0.0316698656429942,0.0191938579654511,0.331094049904031,0.108445297504798,4.97504798464491,1047,8359.93621479336,2995.64811314457,"wb"
NA,"XKX",2012,"Eastern Europe",0.486166007905138,0.238142292490119,0.135375494071146,0.0711462450592885,0.236166007905138,0.0948616600790514,5.73616600790514,1024,8431.66232694657,3021.35000691677,"wb"
NA,"XKX",2013,"Eastern Europe",0.620100502512563,0.315577889447236,0.160804020100503,0.0844221105527638,0.210050251256281,0.071356783919598,6.19698492462312,1000,8828.27683251638,3163.4704088827,"wb"
NA,"XKX",2014,"Eastern Europe",0.343343343343343,0.0680680680680681,0.025025025025025,0.014014014014014,0.309309309309309,0.0670670670670671,5.02202202202202,1001,9150.74997293883,3279.02345017707,"wb"
NA,"XKX",2015,"Eastern Europe",0.363911290322581,0.148185483870968,0.0766129032258065,0.0453629032258065,0.370967741935484,0.148185483870968,5.05241935483871,1000,9824.99105955319,3520.62685324451,"wb"
NA,"XKX",2016,"Eastern Europe",0.480885311871227,0.241448692152918,0.121730382293763,0.0724346076458753,0.212273641851107,0.0935613682092555,5.75553319919517,1000,10434.8888259268,3739.17386677497,"wb"
NA,"XKX",2017,"Eastern Europe",0.525731584258325,0.321897073662967,0.171543895055499,0.122098890010091,0.200807265388496,0.0676084762865792,6.11907164480323,1000,10856.2902074239,3890.17624537261,"wb"
NA,"XKX",2018,"Eastern Europe",0.58894472361809,0.34070351758794,0.222110552763819,0.176884422110553,0.171859296482412,0.064321608040201,6.38693467336683,1000,11188.2244627966,4009.11952439378,"wb"
NA,"XKX",2019,"Eastern Europe",0.590616375344986,0.362465501379945,0.214351425942962,0.157313707451702,0.15639374425023,0.0588776448942042,6.43698252069917,1088,11774.1178510908,4219.06495675744,"wb"
NA,"XKX",2020,"Eastern Europe",0.615230460921844,0.380761523046092,0.211422845691383,0.148296593186373,0.170340681362725,0.0871743486973948,6.39278557114228,1000,11137.5028560404,3990.94425586648,"wb"
NA,"XKX",2021,"Eastern Europe",0.592592592592593,0.371371371371371,0.255255255255255,0.197197197197197,0.126126126126126,0.047047047047047,6.59259259259259,1000,12362.4210181213,4429.87389440857,"wb"
NA,"XKX",2022,"Eastern Europe",0.565829145728643,0.278391959798995,0.160804020100503,0.124623115577889,0.167839195979899,0.0613065326633166,6.12763819095477,1000,13022.4627441502,4666.38918595784,"wb"
NA,"XKX",2023,"Eastern Europe",0.705050505050505,0.395959595959596,0.207070707070707,0.157575757575758,0.111111111111111,0.0343434343434343,6.78888888888889,1001,14240.2030320365,5102.74674921908,"wb"
NA,"XXN",2013,"Eastern Europe",0.291164658634538,0.0542168674698795,0.0200803212851406,0.0130522088353414,0.309236947791165,0.070281124497992,4.91064257028112,1000,12194.0189523843,3266.29882999873,"wb"
NA,"XXS",2009,"Africa",0.374,0.108,0.05,0.0165,0.4065,0.1015,4.9695,2000,956.220325392593,317.038184814662,"wb"
NA,"XXS",2010,"Africa",0.261,0.0575,0.0155,0.0025,0.483,0.1005,4.582,2000,995.225555512017,329.970504936872,"wb"
NA,"XXS",2011,"Africa",0.315,0.0965,0.053,0.037,0.462,0.0915,4.8435,2000,1054.36214979093,349.577449077711,"wb"
NA,"XXS",2012,"Africa",0.37,0.117,0.053,0.038,0.437,0.036,5.142,1000,1114.8041489283,369.617204753489,"wb"
NA,"XXY",2012,"Western",0.462776659959759,0.225352112676056,0.130784708249497,0.10261569416499,0.219315895372233,0.126760563380282,5.6056338028169,500,39190.22265625,24285.484375,"wb"
NA,"XXY",2013,"Western",0.491017964071856,0.219560878243513,0.11377245508982,0.0798403193612774,0.227544910179641,0.0978043912175649,5.67065868263473,502,36650.5703125,22711.708984375,"wb"
NA,"XXY",2014,"Western",0.561244979919679,0.230923694779116,0.0993975903614458,0.0652610441767068,0.200803212851406,0.0758032128514056,5.88453815261044,2004,36104.90234375,22373.56640625,"wb"
NA,"XXY",2015,"Western",0.564386317907445,0.209255533199195,0.0905432595573441,0.0553319919517103,0.187122736418511,0.0603621730382294,5.90442655935614,1000,37258.5,23088.4296875,"wb"
NA,"XXY",2016,"Western",0.554108216432866,0.177354709418838,0.0601202404809619,0.0380761523046092,0.167334669338677,0.032064128256513,5.89278557114228,1000,39500.8515625,24477.974609375,"wb"
NA,"XXY",2018,"Western",0.506024096385542,0.119477911646586,0.0421686746987952,0.0150602409638554,0.233935742971888,0.0542168674698795,5.5210843373494,1000,43510.03125,26962.392578125,"wb"
NA,"XXY",2019,"Western",0.50334288443171,0.127984718242598,0.0477554918815664,0.0219675262655205,0.240687679083095,0.0649474689589303,5.5062082139446,1050,45454.17578125,28167.146484375,"wb"
NA,"XXY",2022,"Western",0.396188565697091,0.135406218655968,0.0491474423269809,0.0310932798395186,0.390170511534604,0.175526579739218,4.83450351053159,1000,50840.9140625,31505.2109375,"wb"
"Yemen","YEM",2014,"Asia",0.209839357429719,0.0742971887550201,0.035140562248996,0.0220883534136546,0.52710843373494,0.294176706827309,3.93975903614458,1000,2598.21934015485,1950.1625450589,"imf"
"Yemen","YEM",2015,"Asia",0.0997983870967742,0.0393145161290323,0.0201612903225806,0.0161290322580645,0.727822580645161,0.432459677419355,3.00604838709677,1000,1711.84909942079,1362.1738120601,"imf"
"Yemen","YEM",2016,"Asia",0.206619859578736,0.0310932798395186,0.0100300902708124,0.00100300902708124,0.582748244734203,0.251755265797392,3.89969909729188,1000,1587.39450697777,1197.95865971172,"imf"
"Yemen","YEM",2017,"Asia",0.141424272818455,0.033099297893681,0.0110330992978937,0.00300902708124373,0.661985957873621,0.376128385155466,3.32196589769308,1000,1600.88528001845,1103.45634849842,"imf"
"Yemen","YEM",2018,"Asia",0.110887096774194,0.0342741935483871,0.0272177419354839,0.0262096774193548,0.71875,0.463709677419355,2.96471774193548,1000,1684.73719008129,1079.32938366255,"imf"
"Yemen","YEM",2019,"Asia",0.234712230215827,0.0953237410071942,0.0548561151079137,0.0431654676258993,0.539568345323741,0.276079136690647,4.07014388489209,1140,1711.01473755289,757.216036816381,"imf"
"Yemen","YEM",2022,"Asia",0.142284569138277,0.0541082164328657,0.0350701402805611,0.031062124248497,0.677354709418838,0.35871743486974,3.3937875751503,1000,1672.41248613506,533.659465656031,"imf"
"Yemen","YEM",2023,"Asia",0.127254509018036,0.0501002004008016,0.0400801603206413,0.0340681362725451,0.642284569138277,0.314629258517034,3.51503006012024,1000,1471.76611972772,420.285712510172,"imf"
"South Africa","ZAF",2006,"Africa",0.477993858751279,0.168884339815763,0.0593654042988741,0.0184237461617195,0.32446264073695,0.0921187308085978,5.37154554759468,1001,13444.2332126058,5650.9883176549,"wb"
"South Africa","ZAF",2007,"Africa",0.507804370447451,0.144640998959417,0.032258064516129,0.00104058272632674,0.252861602497399,0.0655567117585848,5.47346514047867,1000,14016.2444716386,5891.42069421698,"wb"
"South Africa","ZAF",2008,"Africa",0.458375125376128,0.130391173520562,0.0491474423269809,0.0250752256770311,0.290872617853561,0.041123370110331,5.46138415245737,1000,14297.6887802632,6009.71963138635,"wb"
"South Africa","ZAF",2009,"Africa",0.457457457457457,0.172172172172172,0.0680680680680681,0.022022022022022,0.362362362362362,0.0930930930930931,5.28728728728729,1000,13910.7017093394,5847.05811084505,"wb"
"South Africa","ZAF",2010,"Africa",0.308,0.107,0.047,0.03,0.467,0.084,4.875,1000,14164.9958363115,5953.94506512821,"wb"
"South Africa","ZAF",2011,"Africa",0.379,0.093,0.04,0.016,0.408,0.081,4.986,1000,14434.2611456048,6067.12482726885,"wb"
"South Africa","ZAF",2012,"Africa",0.358858858858859,0.156156156156156,0.103603603603604,0.0750750750750751,0.431431431431431,0.0640640640640641,5.18818818818819,2000,14563.7624041032,6121.55783860713,"wb"
"South Africa","ZAF",2013,"Africa",0.147,0.084,0.045,0.018,0.769,0.212,3.774,1000,14681.096638957,6170.87670863373,"wb"
"South Africa","ZAF",2014,"Africa",0.384384384384384,0.132132132132132,0.042042042042042,0.016016016016016,0.428428428428428,0.11011011011011,4.96996996996997,1000,14643.3384782936,6155.00589462516,"wb"
"South Africa","ZAF",2015,"Africa",0.416,0.137,0.047,0.011,0.359,0.082,5.187,1000,14541.6748613669,6112.27382485974,"wb"
"South Africa","ZAF",2016,"Africa",0.349748743718593,0.153768844221106,0.0994974874371859,0.0723618090452261,0.41608040201005,0.191959798994975,4.81608040201005,1000,14501.2807823402,6095.295060428,"wb"
"South Africa","ZAF",2017,"Africa",0.275931520644512,0.105740181268882,0.0634441087613293,0.0382678751258812,0.477341389728097,0.192346424974824,4.48741188318228,1000,14573.5980840004,6125.6920507497,"wb"
"South Africa","ZAF",2018,"Africa",0.336032388663968,0.158906882591093,0.111336032388664,0.0910931174089069,0.409919028340081,0.194331983805668,4.85121457489879,1000,14553.5615668957,6117.2701406047,"wb"
"South Africa","ZAF",2019,"Africa",0.37679769894535,0.223394055608821,0.170661553211889,0.150527325023969,0.378715244487057,0.210930009587728,5.02780441035475,1060,14352.6698709871,6032.82972598668,"wb"
"South Africa","ZAF",2020,"Africa",0.381139489194499,0.115913555992141,0.0589390962671906,0.0402750491159136,0.323182711198428,0.068762278978389,5.237721021611,1019,13250.5666594456,5569.58483319272,"wb"
"South Africa","ZAF",2021,"Africa",0.530552861299709,0.281280310378274,0.173617846750727,0.103782735208535,0.26188166828322,0.119301648884578,5.76818622696411,1032,13681.9548144813,5750.90937479584,"wb"
"South Africa","ZAF",2022,"Africa",0.497507477567298,0.245264207377866,0.14456630109671,0.109670987038883,0.281156530408774,0.100697906281157,5.71784646061815,1007,13767.4967589936,5786.86505344736,"wb"
"Zambia","ZMB",2006,"Africa",0.357357357357357,0.0780780780780781,0.028028028028028,0.015015015015015,0.405405405405405,0.0810810810810811,4.92492492492492,1001,2673.46151928529,968.563565019492,"wb"
"Zambia","ZMB",2007,"Africa",0.241935483870968,0.0332661290322581,0.0151209677419355,0.0110887096774194,0.544354838709677,0.145161290322581,4.33467741935484,1000,2796.3529332184,1013.08567432637,"wb"
"Zambia","ZMB",2008,"Africa",0.326326326326326,0.0650650650650651,0.026026026026026,0.012012012012012,0.351351351351351,0.0820820820820821,4.92592592592593,1000,2908.14362510668,1053.58612301068,"wb"
"Zambia","ZMB",2009,"Africa",0.417505030181087,0.14989939637827,0.06841046277666,0.0291750503018109,0.323943661971831,0.0553319919517103,5.3682092555332,1000,3065.84420108998,1110.71918102486,"wb"
"Zambia","ZMB",2011,"Africa",0.394,0.099,0.058,0.043,0.302,0.036,5.327,1000,3335.64339500657,1208.46424569634,"wb"
"Zambia","ZMB",2012,"Africa",0.418254764292879,0.164493480441324,0.101303911735206,0.0481444332998997,0.348044132397192,0.0972918756268806,5.30090270812437,1000,3474.55252844092,1258.78938578996,"wb"
"Zambia","ZMB",2013,"Africa",0.456,0.227,0.129,0.087,0.387,0.121,5.439,1000,3535.22449043144,1280.77012176778,"wb"
"Zambia","ZMB",2014,"Africa",0.303303303303303,0.143143143143143,0.0830830830830831,0.0610610610610611,0.425425425425425,0.202202202202202,4.69369369369369,1000,3585.57748507131,1299.01241762504,"wb"
"Zambia","ZMB",2015,"Africa",0.41105527638191,0.225125628140704,0.157788944723618,0.116582914572864,0.363819095477387,0.212060301507538,5.08241206030151,1000,3576.92544834125,1295.87788680068,"wb"
"Zambia","ZMB",2016,"Africa",0.30880829015544,0.18860103626943,0.140932642487047,0.129533678756477,0.478756476683938,0.295336787564767,4.49533678756477,1000,3598.17166023389,1303.57513869133,"wb"
"Zambia","ZMB",2017,"Africa",0.222560975609756,0.109756097560976,0.0731707317073171,0.0609756097560976,0.560975609756098,0.308943089430894,4.03760162601626,1000,3612.50597664593,1308.76829240086,"wb"
"Zambia","ZMB",2018,"Africa",0.256701030927835,0.141237113402062,0.0989690721649484,0.0804123711340206,0.539175257731959,0.267010309278351,4.30721649484536,1000,3646.95966481655,1321.25045711573,"wb"
"Zambia","ZMB",2019,"Africa",0.175025588536336,0.0870010235414534,0.0665301944728762,0.0542476970317298,0.581371545547595,0.404298874104401,3.43193449334698,1000,3591.56418883108,1301.18132976178,"wb"
"Zambia","ZMB",2020,"Africa",0.356513222331048,0.175318315377081,0.117531831537708,0.0959843290891283,0.35847208619001,0.152791380999021,5.06464250734574,1026,3391.59541156095,1228.73500113195,"wb"
"Zambia","ZMB",2021,"Africa",0.188465499485067,0.125643666323378,0.0947476828012358,0.0895983522142122,0.627188465499485,0.453141091658084,3.32852729145211,1000,3503.03491418372,1269.10821808895,"wb"
"Zambia","ZMB",2022,"Africa",0.233466933867735,0.110220440881764,0.0751503006012024,0.062124248496994,0.521042084168337,0.31062124248497,4.0501002004008,1000,3585.12379084347,1298.8480495593,"wb"
"Zimbabwe","ZWE",2006,"Africa",0.147887323943662,0.0331991951710262,0.017102615694165,0.0120724346076459,0.640845070422535,0.233400402414487,3.75955734406439,1000,3819.24997116607,1038.22375658033,"wb"
"Zimbabwe","ZWE",2007,"Africa",0.110212335692619,0.0131445904954499,0.0070778564206269,0.00606673407482305,0.70273003033367,0.320525783619818,3.40546006066734,1000,3631.55334530411,987.200362596937,"wb"
"Zimbabwe","ZWE",2008,"Africa",0.061,0.009,0.003,0.001,0.81,0.394,3.047,1000,2954.11211916469,803.044944654991,"wb"
"Zimbabwe","ZWE",2009,"Africa",0.191191191191191,0.047047047047047,0.019019019019019,0.00900900900900901,0.583583583583584,0.196196196196196,4.08408408408408,1000,3299.42808702922,896.915532877845,"wb"
"Zimbabwe","ZWE",2010,"Africa",0.282,0.03,0.004,0.002,0.452,0.069,4.684,1000,3885.41061373756,1056.20884563889,"wb"
"Zimbabwe","ZWE",2011,"Africa",0.308,0.059,0.021,0.007,0.342,0.097,4.841,1000,4358.94470674386,1184.93421020563,"wb"
"Zimbabwe","ZWE",2012,"Africa",0.402414486921529,0.0694164989939638,0.0251509054325956,0.0100603621730382,0.352112676056338,0.0845070422535211,5.04527162977867,1000,5003.50873397069,1360.15230034275,"wb"
"Zimbabwe","ZWE",2013,"Africa",0.342685370741483,0.0771543086172345,0.0270541082164329,0.0120240480961924,0.37374749498998,0.12124248496994,4.80661322645291,1000,5031.70923825425,1367.81831689463,"wb"
"Zimbabwe","ZWE",2014,"Africa",0.177598385469223,0.0575176589303734,0.0322906155398587,0.0232088799192735,0.50050454086781,0.20686175580222,4.18264379414733,1000,5081.13441232186,1381.25404125871,"wb"
"Zimbabwe","ZWE",2015,"Africa",0.164658634538153,0.0431726907630522,0.0220883534136546,0.0140562248995984,0.567269076305221,0.27710843373494,3.78614457831325,1000,5102.73642537223,1387.12632595026,"wb"
"Zimbabwe","ZWE",2016,"Africa",0.19857433808554,0.0865580448065173,0.065173116089613,0.054989816700611,0.525458248472505,0.341140529531568,3.79531568228106,1000,5070.42413209981,1378.34256192374,"wb"
"Zimbabwe","ZWE",2017,"Africa",0.172413793103448,0.0730223123732252,0.0496957403651116,0.0436105476673428,0.562880324543611,0.328600405679513,3.7525354969574,1000,5234.4065377844,1422.91948946927,"wb"
"Zimbabwe","ZWE",2018,"Africa",0.140562248995984,0.0552208835341365,0.03714859437751,0.0311244979919679,0.603413654618474,0.336345381526104,3.55421686746988,1000,5415.49322028193,1472.14603844842,"wb"
"Zimbabwe","ZWE",2019,"Africa",0.106244175209692,0.0540540540540541,0.0391425908667288,0.0335507921714818,0.714818266542404,0.518173345759553,2.71761416589003,1082,4993.86546928208,1357.53087818754,"wb"
"Zimbabwe","ZWE",2020,"Africa",0.133133133133133,0.047047047047047,0.029029029029029,0.02002002002002,0.592592592592593,0.323323323323323,3.57757757757758,1004,4527.73949219254,1230.81933361016,"wb"
"Zimbabwe","ZWE",2021,"Africa",0.122367101303912,0.0611835506519559,0.0431293881644935,0.0381143430290873,0.631895687061184,0.413239719157472,3.21464393179539,1000,4827.10960165994,1312.20001358807,"wb"
"Zimbabwe","ZWE",2022,"Africa",0.135135135135135,0.0560560560560561,0.045045045045045,0.039039039039039,0.612612612612613,0.362362362362362,3.43043043043043,1000,5036.78317732239,1369.19761495571,"wb"
"Zimbabwe","ZWE",2023,"Africa",0.14014014014014,0.0500500500500501,0.028028028028028,0.023023023023023,0.595595595595596,0.321321321321321,3.57157157157157,1000,5218.04526596398,1418.47184628799,"wb"
