"code","year","wave","study","tertiary","tertiary_unweighted","urban","old","female_married","n_married","satisfied_mean","bench_tertiary","bench_urban","bench_old","bias_tertiary","bias_urban","bias_old","gender_deviation","gender_z","gender_flag","gdp_ppp","source_ppp","gdp","source_nominal","pop","gdp_ppp_na","gdp_na","growth","gdp_ppp17","log_gdp_ppp","income_group"
"ALB",1998,3,"WVS",0.0745341614906832,0.0745341614906832,NA,0.0922768304914744,0.490056818181818,704,4.76535750251762,0.0742787981033325,0.402038749364394,0.0985063863238829,0.00343200805495639,NA,-0.0653282957824166,-0.00994318181818182,-0.527644853011087,FALSE,5387.54588745977,"wb",1630.43874131845,"wb",3128530,5387.54588745977,1630.43874131845,0.0523938948826718,4819.06783239106,3.73139098221022,"low"
"ALB",2002,4,"WVS",0.375150784077201,0.375150784077201,NA,0.092,0.487603305785124,726,5.16533066132265,0.0742787981033325,0.431520419609419,0.110358418880641,1.61950248029536,NA,-0.181944845273179,-0.012396694214876,-0.668042657122686,FALSE,7590.45852377781,"wb",2297.10853513924,"wb",3051010,7590.45852377781,2297.10853513924,0.0857845809691783,6753.88119038837,3.88026801151231,"low"
"ALB",2018,7,"EVS",0.107191671459164,0.148148148148148,NA,0.152992954043428,0.624333925399645,1126,7.19264331426914,0.168396263737356,0.56377000259892,0.167565905937213,-0.451701360723017,NA,-0.0909848738303711,0.124333925399645,8.34427937115009,TRUE,16170.9234325287,"wb",4893.82375538717,"wb",2607733,16170.9234325287,4893.82375538717,0.0456098592921531,13317.1192636809,4.20873482078462,"middle"
"AND",2005,5,"WVS",0.328442437923251,0.328442437923251,NA,0.0598205383848455,0.492487479131886,599,7.13559322033898,0.281063899993896,0.899563631945418,0.140101900574804,0.155779549953236,NA,-0.851020965853069,-0.00751252086811355,-0.367730030900448,FALSE,65114.8053663021,"wb",40528.17486238,"wb",77421,65114.8053663021,40528.17486238,0.034458980785363,37938,4.81367974675313,"high"
"AND",2018,7,"WVS",0.401315789473684,0.401315789473684,1,0.151394422310757,0.491496598639456,588,7.53792415169661,0.32229190826416,0.885080998493791,0.157218413624097,0.219290940026465,0.12207611444045,-0.0377475085719354,-0.00850340136054423,-0.412393049421162,FALSE,63048.5985572834,"wb",39242.1448975099,"wb",75162,63048.5985572834,39242.1448975099,0.0190088273919173,57560,4.7996754375292,"high"
"ARG",1984,1,"WVS",NA,NA,NA,0.113432835820896,0.511754068716094,553,6.7700205338809,0.13884,0.845580771403692,0.115814690132518,NA,NA,-0.0207805080034329,0.0117540687160941,0.552816232231333,FALSE,20149.5684446099,"growth",9614.44726215357,"wb",29863093,NA,9614.44726215357,-0.0134762727093747,6988,4.30426574903139,"middle"
"ARG",1991,2,"WVS",NA,NA,NA,0.117764471057884,0.536277602523659,634,7.25302419354839,0.120099096298218,0.872150276705697,0.125271812531617,NA,NA,-0.0617992549483275,0.0362776025236593,1.82689338281594,FALSE,18295.6091996812,"wb",8729.82318518892,"wb",33230294,18295.6091996812,8729.82318518892,-0.0143342756604284,15209.4876309646,4.26234687502268,"middle"
"ARG",1995,3,"WVS",0.139508928571429,0.139508928571429,NA,0.14643188137164,0.508527131782946,645,6.92657992565056,0.0559077554731744,0.881853677511823,0.130759585906528,0.914425494432293,NA,0.113199931720653,0.00852713178294573,0.433124577026986,FALSE,20819.4999479903,"wb",9934.10776139515,"wb",35070020,20819.4999479903,9934.10776139515,0.0404496593537967,17303.9238485647,4.31847029422176,"middle"
"ARG",1999,4,"WVS",0.201932367149758,0.201932367149758,NA,0.13125,0.510752688172043,744,7.29889589905363,0.0833601286902617,0.889851757922053,0.133967663656859,0.884762703454486,NA,-0.0204945533642004,0.010752688172043,0.586588460085413,FALSE,22714.5111302701,"wb",10838.3199346387,"wb",36794682,22714.5111302701,10838.3199346387,0.00902922296156881,18884.9431117375,4.35630339421202,"middle"
"ARG",2006,5,"WVS",0.138855054811206,0.138855054811206,NA,0.13872255489022,0.528028933092224,553,7.70050251256281,0.136834497451782,0.903033726521064,0.136968928432251,0.014658470171231,NA,0.0127218301274438,0.0280289330922242,1.31825409224394,FALSE,24877.2493922296,"wb",11870.2791559298,"wb",39622115,24877.2493922296,11870.2791559298,0.0332543186573499,20679.243097676,4.39580235994907,"middle"
"ARG",2013,6,"WVS",0.140845070422535,0.140845070422535,NA,0.153398058252427,0.518382352941177,544,7.47647058823529,0.1512,0.913014507719473,0.143850348349815,-0.0709429688105652,NA,0.0642627191723402,0.0183823529411765,0.857492925712546,FALSE,29227.6601818437,"wb",13946.0950832252,"wb",42582455,29227.6601818437,13946.0950832252,0.0110365924875119,24424.1364465071,4.46579404933665,"middle"
"ARG",2017,7,"WVS",0.180024660912454,0.180024660912454,1,0.147557328015952,0.529880478087649,502,7.70189431704885,NA,0.916776028433824,0.149920373333367,NA,0.0868920803597659,-0.0158875439199218,0.0298804780876494,1.33896552803235,FALSE,28334.904184742,"wb",13520.1129846159,"wb",44288894,28334.904184742,13520.1129846159,-0.00343643877725412,23597.117752839,4.45232174840126,"middle"
"ARM",1997,3,"WVS",0.225033288948069,0.225033288948069,NA,0.077,0.492946058091286,1205,4.31825037707391,0.33278,0.657324526103198,0.119627572041644,-0.391233268846285,NA,-0.440577928558885,-0.00705394190871367,-0.489728521628324,FALSE,3879.17938009678,"wb",1039.0798243009,"wb",3246289,3879.17938009678,1039.0798243009,0.0424889196011689,3236.06050832406,3.58873986260727,"low"
"ARM",2011,6,"WVS",0.278415015641293,0.278415015641293,NA,0.181818181818182,0.625690607734807,724,5.22627737226277,0.43691650390625,0.643207449145194,0.131998497524967,-0.450629247765011,NA,0.320216646608732,0.125690607734807,6.76397673084922,TRUE,10990.177099035,"wb",2943.83687119315,"wb",3027900,10990.177099035,2943.83687119315,0.0286115322097872,9551.15813085673,4.0410046908324,"middle"
"ARM",2018,7,"EVS",0.00462932904100079,0.404651162790698,NA,0.142316750489057,0.513935340022297,897,6.38796472510365,0.434541193644206,0.648502833795679,0.14722716258768,-4.46485283478367,NA,-0.0339215070500181,0.0139353400222966,0.834725704117724,FALSE,15037.0452420712,"wb",4027.83393010979,"wb",2969000,15037.0452420712,4027.83393010979,0.0419142515058642,13231.4310690444,4.17716250639309,"middle"
"ARM",2021,7,"WVS",0.538185085354897,0.538185085354897,1,0.224856909239575,0.640564826700899,779,6.60655737704918,0.448622646331787,0.653572875314441,0.157598642541626,0.18202042277252,0.425301236734413,0.355412676889405,0.140564826700899,7.8464892847052,TRUE,15921.705281964,"wb",4264.79961505187,"wb",2962300,15921.705281964,4264.79961505187,0.0375994707439492,14193.1168340619,4.20198958066831,"middle"
"AUS",1981,1,"WVS",NA,NA,NA,0.100162866449511,0.506798516687268,809,7.89477977161501,0.34958,0.85707218017469,0.129665662632611,NA,NA,-0.258161786079663,0.00679851668726827,0.386739404664049,FALSE,30733.4725741997,"growth",31333.1633085396,"wb",14923260,NA,31333.1633085396,0.0170372066172519,10500,4.48761163395011,"high"
"AUS",1995,3,"WVS",0.345345345345345,0.345345345345345,NA,0.15234375,0.487946799667498,1203,7.58263854830799,0.4283,0.852868710503009,0.150979405306053,-0.215278967256382,NA,0.0089960418207187,-0.0120532003325021,-0.836113400972093,FALSE,38653.3366778657,"wb",39407.5647528439,"wb",18004882,38653.3366778657,39407.5647528439,0.0127408863604028,33044.8444951246,4.58718698954122,"high"
"AUS",2005,5,"WVS",0.543529411764706,0.543529411764706,NA,0.217021276595745,0.524762908324552,949,7.30425531914894,0.316909904479981,0.856190871221958,0.160588171841376,0.539466300095307,NA,0.301152248566558,0.0247629083245522,1.52568456192881,FALSE,49997.0664953941,"wb",50972.640519744,"wb",20176844,49997.0664953941,50972.640519744,0.0206205185288901,42704.4424723347,4.69894452349127,"high"
"AUS",2012,6,"WVS",0.467479674796748,0.467479674796748,NA,0.282697547683924,0.53281096963761,1021,7.38235294117647,0.412800216674805,0.864451259136625,0.173810001464122,0.124392132355293,NA,0.486414833039291,0.0328109696376102,2.09682377214676,TRUE,54403.8836902433,"wb",55465.4462872577,"wb",22733465,54403.8836902433,55465.4462872577,0.0103378063108376,46360.6071243229,4.73562990346727,"high"
"AUS",2018,7,"WVS",0.449607724803862,0.449607724803862,1,0.31866295264624,0.588286713286713,1144,7.52754590984975,0.432722282409668,0.872267680845925,0.192532235777106,0.038279337821101,0.136658928732704,0.503870371148971,0.0882867132867133,5.97225519948974,TRUE,57647.8455068105,"wb",58772.7063152213,"wb",24963258,57647.8455068105,58772.7063152213,0.00978610171521694,49052.8179535889,4.76078308089372,"high"
"AUT",2018,7,"EVS",0.329649935171335,0.181168831168831,NA,0.217031195818054,0.527675276752767,813,7.87153114655517,0.290104736763314,0.681046787227623,0.219265805674175,0.127789269869911,NA,-0.010243615649681,0.0276752767527675,1.57821890362176,FALSE,63777.9362157476,"wb",45951.5819164034,"wb",8840521,63777.9362157476,45951.5819164034,0.00935647395791541,55217.2865300768,4.80467046183993,"high"
"AZE",1997,3,"WVS",0.317057704502219,0.317057704502219,NA,0.04047976011994,0.473270440251572,1272,5.39276617422313,NA,0.519270782470703,0.0765691142726924,NA,NA,-0.637391688437232,-0.0267295597484277,-1.90662532391295,FALSE,4425.5882352872,"wb",1177.19685990232,"wb",7838250,4425.5882352872,1177.19685990232,-0.11965914985418,3128.1641351317,3.64597100392889,"low"
"AZE",2011,6,"WVS",0.392038600723764,0.392038600723764,NA,0.0678642714570858,0.46865671641791,670,6.74051896207585,0.252725505828857,0.535085461893249,0.0737802350053513,0.439056363639373,NA,-0.0835811748675796,-0.0313432835820895,-1.62260155950114,FALSE,19358.0778100345,"wb",5149.20665913206,"wb",9173082,19358.0778100345,5149.20665913206,0.0739944717699604,13913.8366943419,4.28686223117795,"middle"
"AZE",2018,7,"EVS",0.141979862626108,0.163398692810458,NA,0.0889481375993764,0.492802709568163,1181,6.36180050784984,0.254317302703857,0.571841534654123,0.0835393003002297,-0.582897475579212,NA,0.0627362928719802,-0.00719729043183742,-0.494679567682426,FALSE,19781.8509058437,"wb",5261.92938234432,"wb",9939771,19781.8509058437,5261.92938234432,-0.0061407281401177,14209.5931685619,4.29626692429793,"middle"
"BFA",2007,5,"WVS",0.055185537583254,0.055185537583254,NA,0.0344827586206897,0.501532175689479,979,5.57038025350234,0.0183583998680115,0.229741760828193,0.0497972724286179,1.10061369041573,NA,-0.367500763025305,0.00153217568947905,0.0958804158150885,FALSE,1731.93046335077,"wb",519.26101218434,"wb",14816307,1731.93046335077,519.26101218434,0.0294651707261499,1536.3858137955,3.2385304511979,"low"
"BGD",1996,3,"WVS",0.0714859437751004,0.0714859437751004,NA,0.0301639344262295,0.442594215600351,1141,6.4061456245825,0.058,0.219780786680138,0.0564795265155806,0.20905782926905,NA,-0.627231223497404,-0.0574057843996494,-3.87818456403356,TRUE,2413.54298201505,"wb",552.077107138767,"wb",124862179,2413.54298201505,552.077107138767,0.0276999542627399,2017.21352652899,3.38265503743511,"low"
"BGD",2002,4,"WVS",0.321311475409836,0.321311475409836,NA,0.0180602006688963,0.470338983050847,1180,5.77755240027045,0.07172,0.241132383547332,0.0558535134412265,1.49964133230837,NA,-1.12902177290176,-0.0296610169491525,-2.03777878408854,TRUE,2866.43454328715,"wb",655.672139362272,"wb",138933658,2866.43454328715,655.672139362272,0.0293175731041151,2382.28147136915,3.45734202885489,"low"
"BGD",2018,7,"WVS",0.0774793388429752,0.0774793388429752,1,0.0283333333333333,0.517408123791103,1034,7.60416666666667,0.0972739028930664,0.305175656009959,0.0776899600950651,-0.227519435159248,1.18686774680965,-1.00868706749686,0.0174081237911026,1.11954674442802,FALSE,6392.59334024091,"wb",1462.25050255713,"wb",163523103,6392.59334024091,1462.25050255713,0.0563601313825236,5124.49875458782,3.80567707801329,"low"
"BGR",1997,3,"WVS",0.188533627342889,0.188533627342889,NA,0.191231343283582,0.505194805194805,770,4.66035950804163,0.15918173933063,0.676594467163086,0.188707865740971,0.169229821235283,NA,0.0132837811421153,0.0051948051948052,0.288299988062579,FALSE,12419.3797738056,"wb",3675.36877811444,"wb",8312068,12419.3797738056,3675.36877811444,-0.00852688171661846,10382.8637603486,4.09409990763286,"middle"
"BGR",2006,5,"WVS",0.224780701754386,0.224780701754386,NA,0.188811188811189,0.520289855072464,690,5.22048066875653,0.191810619723233,0.705075225830078,0.201642621621628,0.158616738395398,NA,-0.0657494158992239,0.0202898550724637,1.06594178267763,FALSE,19024.543813813,"wb",5630.08907245392,"wb",7601022,19024.543813813,5630.08907245392,0.0714953905472367,15904.9208093581,4.27931425169654,"middle"
"BGR",2017,7,"EVS",0.180283012277453,0.258176757132916,NA,0.443176090451011,0.563298490127758,861,6.20423797603669,0.256485708559124,0.733904571533203,0.243157960082879,-0.352545039374144,NA,0.6002559127911,0.0632984901277585,3.71471006242094,TRUE,26691.758001902,"wb",7899.11056589871,"wb",6803468,26691.758001902,7899.11056589871,0.0331145897548367,21469.9708893116,4.42637717871002,"middle"
"BIH",1998,3,"WVS",0.144787644787645,0.144787644787645,NA,0.07,0.394768133174792,841,5.45788156797331,NA,0.419075231102159,0.128584784217734,NA,NA,-0.608093244073815,-0.105231866825208,-6.10344827586207,TRUE,6899.29705850819,"wb",2262.03263639383,"wb",4089356,6899.29705850819,2262.03263639383,0.221283111148315,5609.35025725117,3.83880484448182,"low"
"BIH",2001,4,"WVS",0.244126659856997,0.244126659856997,NA,0.0758333333333333,0.487935656836461,746,5.76878130217028,NA,0.428761478375679,0.141523954890801,NA,NA,-0.623931045546528,-0.0120643431635389,-0.659026823344392,FALSE,7982.5188539099,"wb",2617.18230350812,"wb",4179438,7982.5188539099,2617.18230350812,0.111592688066683,6965.45042331636,3.90213995297276,"low"
"BIH",2019,7,"EVS",0.137909682632739,0.182969739619986,NA,0.176923588761272,0.542708333333333,960,7.72163348774318,0.0699684916435059,0.494650440037758,0.227602114880626,0.678553975883277,NA,-0.25188105685313,0.0427083333333333,2.6465386199084,TRUE,17029.2971980343,"wb",5583.29721276458,"wb",3345533,17029.2971980343,5583.29721276458,0.047059630339681,14851.6485875733,4.23119672492597,"middle"
"BLR",1990,2,"WVS",NA,NA,NA,0.0502463054187192,0.481193255512322,771,5.518407960199,NA,0.664269790649414,0.138299060932539,NA,NA,-1.01248142834145,-0.0188067444876783,-1.04440948879515,FALSE,12351.6357110065,"wb",2888.81296582486,"wb",10189348,12351.6357110065,2888.81296582486,NA,8895.17217109963,4.09172447445598,"middle"
"BLR",1996,3,"WVS",0.218151995626025,0.218151995626025,NA,0.153919694072658,0.551136363636364,1408,4.3484555984556,NA,0.682737426757812,0.162570934195281,NA,NA,-0.0546834253065439,0.0511363636363636,3.83761289440099,TRUE,8314.85656685025,"wb",1944.68700512976,"wb",10159569,8314.85656685025,1944.68700512976,-0.0766421487877945,5988.0393518472,3.91985476194246,"low"
"BLR",2011,6,"WVS",0.472727272727273,0.472727272727273,NA,0.155700325732899,0.497136311569301,873,5.80013063357283,0.516569786071777,0.750597534179688,0.16168930462663,-0.0886917610628621,NA,-0.0377434501922616,-0.00286368843069873,-0.169224360855603,FALSE,25404.7566082412,"wb",5941.68999156239,"wb",9461643,25404.7566082412,5941.68999156239,0.0650627661305595,18274.0196249251,4.40491503848252,"middle"
"BLR",2018,7,"EVS",0.699722484910452,0.679351656095842,NA,0.143403224656531,0.541850220264317,908,6.85129392326373,0.606895790100098,0.772132720947266,0.181053795228903,0.142326710218071,NA,-0.233133783259475,0.0418502202643172,2.52214858407989,TRUE,26363.4629778536,"wb",6165.91320019277,"wb",9438785,26363.4629778536,6165.91320019277,0.00164413910850953,18974.7452169516,4.42100245650591,"middle"
"BOL",2017,7,"WVS",0.34955185659411,0.34955185659411,1,0.0783744557329463,0.521555367709214,1183,7.47376093294461,0.20673586933466,0.690838016274736,0.0826855455050737,0.525209939387352,0.369849901978991,-0.0535467499362112,0.0215553677092138,1.48278370180543,FALSE,11755.2556195885,"wb",3160.16421247588,"wb",11344587,11755.2556195885,3160.16421247588,0.0346672869896057,8244.93344575115,4.0702320773546,"middle"
"BRA",1991,2,"WVS",0.149888143176734,0.149888143176734,NA,0,0.484878048780488,1025,7.3683615819209,0.0708069208283929,0.754934501058885,0.0648582447670872,0.749932556023798,NA,-2.56276612620851,-0.0151219512195122,-0.968277323709358,FALSE,12546.5605005559,"wb",6107.64883675747,"wb",151724256,12546.5605005559,6107.64883675747,-0.0122760062975637,10328.9571222146,4.09852468515103,"middle"
"BRA",1997,3,"WVS",0.137614678899083,0.137614678899083,NA,0.0341207349081365,0.485451761102603,653,7.15452151009658,0.0665774216589146,0.790008493879259,0.0708997143035979,0.726092091917553,NA,-0.731361142644555,-0.0145482388973966,-0.743527456185092,FALSE,13896.6249901072,"wb",6764.85842091319,"wb",166661659,13896.6249901072,6764.85842091319,0.0248654966345335,11432.650568882,4.14290933794128,"middle"
"BRA",2006,5,"WVS",0.155778894472362,0.155778894472362,NA,0.0813875917278186,0.565017261219793,869,7.64414715719063,0.0864058971405029,0.832672101364439,0.0808178501737345,0.589381731320969,NA,0.00702496649276839,0.0650172612197929,3.83326245327309,TRUE,15657.4795716983,"wb",7622.04007133264,"wb",186653106,15657.4795716983,7622.04007133264,0.022147964638792,12877.4441830466,4.19472185375003,"middle"
"BRA",2014,6,"WVS",0.154828411811652,0.154828411811652,NA,0.115746971736205,0.617381489841986,886,7.8509777478085,0.131573696136475,0.854331367898168,0.099157922497411,0.162750361618735,NA,0.154692774584783,0.117381489841986,6.98789666310732,TRUE,19183.172744636,"wb",9338.34278278114,"wb",200085127,19183.172744636,9338.34278278114,0.0248777596539544,15695.6431041785,4.28292043763831,"middle"
"BRA",2018,7,"WVS",0.157093425605536,0.157093425605536,1,0.141396933560477,0.5234375,896,7.56328392246294,0.165433902740479,0.864420719945072,0.113517324851517,-0.0517310399153854,0.145695684316153,0.219615599814178,0.0234375,1.40312152004023,FALSE,17917.7492123359,"wb",8722.33630317935,"wb",206107261,17917.7492123359,8722.33630317935,-0.0142555835953701,14619.5911298271,4.25328345364888,"middle"
"CAN",2000,4,"WVS",0.475235849056604,0.475235849056604,NA,0.178146038322113,0.573264781491003,1167,7.84914463452566,0.475545451706984,0.786292995508947,0.155165506108259,-0.000651259466450196,NA,0.138111325337177,0.0732647814910026,5.00565233210646,TRUE,48399.2864445547,"wb",37906.89821012,"wb",30685730,48399.2864445547,37906.89821012,0.0301918693845199,41338.6470179142,4.6848389588453,"high"
"CAN",2006,5,"WVS",0.278947368421053,0.278947368421053,NA,0.200653289780681,0.574436090225564,1330,7.74640704682429,0.438632698059082,0.80219066099279,0.15994208401646,-0.452639263809528,NA,0.226766717388192,0.0744360902255639,5.42924412136011,TRUE,53195.7608573851,"wb",41663.5541588166,"wb",32571193,53195.7608573851,41663.5541588166,0.0173556570068385,45396.8396580252,4.72587702497175,"high"
"CAN",2020,7,"WVS",0.57035175879397,0.57035175879397,1,0.189397710303634,0.449204406364749,2451,7.04156296665007,0.492990112304688,0.819509888710566,0.213797176096518,0.145764173514643,0.199048814110145,-0.121178698880038,-0.0507955936352509,-5.02953334121119,TRUE,54092.8576890836,"wb",42366.1710935265,"wb",38028638,54092.8576890836,42366.1710935265,-0.0057149582664767,46181.7575545756,4.73313992553185,"high"
"CHE",1989,2,"WVS",0.0985144644253323,0.0985144644253323,NA,0.21300929235168,0.516402116402116,945,8.35857142857143,0.24142,0.680160567572947,0.175338031612622,-0.896334770918209,NA,0.194620070841767,0.0164021164021164,1.00843007538015,FALSE,64097.4688544783,"growth",69776.2197877876,"wb",6646912,NA,69776.2197877876,0.0202110663075931,30084,4.80684087999874,"high"
"CHE",1996,3,"WVS",0.0936329588014981,0.0936329588014981,NA,0.154485049833887,0.475130890052356,764,8.02159468438538,0.197088859941495,0.720359167090865,0.180277873828243,-0.74427224728122,NA,-0.1544020772068,-0.024869109947644,-1.3747917500556,FALSE,63243.2134310286,"wb",68846.2811295722,"wb",7071850,63243.2134310286,68846.2811295722,0.00267148848243366,54001.0531544987,4.80101392862115,"high"
"CHE",2007,5,"WVS",0.329381879762913,0.329381879762913,NA,0.264302981466559,0.512605042016807,714,7.90503246753247,0.275190391945952,0.735283795081459,0.19247599568907,0.179754613940598,NA,0.31712465392836,0.0126050420168067,0.673633069708605,FALSE,76161.5600232116,"wb",82909.1358291459,"wb",7551117,76161.5600232116,82909.1358291459,0.0190892296315575,65213.1805367067,4.88173583115548,"high"
"CHE",2017,7,"EVS",0.375780651942556,0.452924393723252,NA,0.220773819441989,0.494408475573867,1699,8.01844916308653,0.37864109457113,0.779126273688843,0.213943312132289,-0.00758317572141296,NA,0.0314276526525272,-0.00559152442613303,-0.460953282007033,FALSE,79333.7437810881,"wb",86362.360972862,"wb",8451840,79333.7437810881,86362.360972862,0.00709101932736793,68193.5054944094,4.89945794924526,"high"
"CHL",1990,2,"WVS",NA,NA,NA,0.0886666666666667,0.51219512195122,902,7.55414438502674,0.186,0.831911973199111,0.0859671750868815,NA,NA,0.030918481756617,0.0121951219512195,0.73251987403323,FALSE,10955.2486481454,"wb",5290.53694835535,"wb",13437176,10955.2486481454,5290.53694835535,0.0483999284711995,9701.82379080639,4.03962223906624,"middle"
"CHL",1996,3,"WVS",0.182728410513141,0.182728410513141,NA,0.09,0.530377668308703,609,6.91675025075226,0.25066,0.848148594016272,0.103734197225145,-0.316096484259177,NA,-0.142022161277077,0.0303776683087028,1.49931566217525,FALSE,15748.4653555533,"wb",7605.28953010603,"wb",14734046,15748.4653555533,7605.28953010603,0.0609704308092198,13825.1561998113,4.1972382393899,"middle"
"CHL",2000,4,"WVS",0.317784256559767,0.317784256559767,NA,0.0916666666666667,0.52319587628866,776,7.11986588432523,0.0835005304273158,0.862710912457813,0.111726859649551,1.33651972978576,NA,-0.197898330565511,0.0231958762886598,1.29232468551193,FALSE,17529.4205997692,"wb",8465.35303258864,"wb",15503635,17529.4205997692,8465.35303258864,0.0323487244333155,15415.7542853766,4.24376756158829,"middle"
"CHL",2006,5,"WVS",0.14993954050786,0.14993954050786,NA,0.139,0.554577464788732,568,7.24395161290323,0.13760652958895,0.868125123390851,0.121107815126117,0.0858337717820499,NA,0.137792750169042,0.0545774647887324,2.60146221071974,TRUE,21973.7382914389,"wb",10611.6144012877,"wb",16509195,21973.7382914389,10611.6144012877,0.0412942308362627,19339.487624585,4.34190394773684,"middle"
"CHL",2012,6,"WVS",0.161328588374852,0.161328588374852,NA,0.121,0.502495840266223,601,7.26923076923077,0.14042525992784,0.870824943735696,0.131643175679764,0.138767817291254,NA,-0.0843045021601007,0.00249584026622296,0.122372552467201,FALSE,26676.8110154019,"wb",12882.834417927,"wb",17519119,26676.8110154019,12882.834417927,0.0306687226923678,23467.9787261648,4.42613391215641,"middle"
"CHL",2018,7,"WVS",0.312080536912752,0.312080536912752,1,0.14,0.502463054187192,609,7.18970736629667,0.178410684297064,0.879620493753008,0.148949223777451,0.559173177719854,0.128264721626826,-0.0619630452403399,0.00246305418719217,0.121566134770969,FALSE,28499.4064000406,"wb",13763.0068844795,"wb",18893191,28499.4064000406,13763.0068844795,0.00861529357665454,25071.9900691942,4.45483581439898,"middle"
"CHN",1990,2,"WVS",NA,NA,NA,0.035,0.391979301423027,773,7.29216867469879,0.0334,0.261957015991211,0.0750701817967475,NA,NA,-0.763075371788949,-0.108020698576973,-6.00657251056781,TRUE,1666.8141224419,"wb",917.187887177205,"wb",1135185000,1666.8141224419,917.187887177205,0.0609865906002707,1423.89634790711,3.22188717145443,"low"
"CHN",1995,3,"WVS",0.0727272727272727,0.0727272727272727,NA,0.0593333333333333,0.464315012305168,1219,6.83344481605351,0.0483,0.290403804779053,0.0834147104806347,0.40928489421103,NA,-0.340653416846669,-0.0356849876948318,-2.49182420304899,TRUE,2807.88647301744,"wb",1545.07897848105,"wb",1204855000,2807.88647301744,1545.07897848105,0.104303592438316,2391.47711558936,3.44837954464766,"low"
"CHN",2001,4,"WVS",0.188864628820961,0.188864628820961,NA,0.006,0.517201834862385,872,6.52976791120081,0.045972264453284,0.376597442626953,0.0946734864768862,1.41299224082987,NA,-2.75867451791907,0.0172018348623854,1.0159281922179,FALSE,4372.43560608339,"wb",2405.99411858042,"wb",1271850000,4372.43560608339,2405.99411858042,0.0716604496330069,3712.33813234069,3.64072342223795,"low"
"CHN",2007,5,"WVS",0.050328227571116,0.050328227571116,NA,0.0773480662983426,0.554701360141928,1691,6.75993804852865,0.0881204032897949,0.458892440795898,0.101603259680995,-0.560137994504351,NA,-0.272760040772509,0.0547013601419278,4.49883354354362,TRUE,8013.78375739131,"wb",4409.69709445986,"wb",1317885000,8013.78375739131,4409.69709445986,0.104840376892558,6795.17401237991,3.90383761932469,"low"
"CHN",2013,6,"WVS",0.14004914004914,0.14004914004914,NA,0.112173913043478,0.507894736842105,1900,6.85834813499112,0.0881204032897949,0.544900016784668,0.114527382368408,0.463289262852659,NA,-0.0207634797389622,0.00789473684210529,0.688247201611688,FALSE,13080.8787864744,"wb",7197.937319496,"wb",1363240000,13080.8787864744,7197.937319496,0.0805635718286776,11101.9389299934,4.11663692130449,"middle"
"CHN",2018,7,"WVS",0.185613119642192,0.185613119642192,1,0.106719367588933,0.554463554463554,2442,7.41666666666667,0.161218109130859,0.615001983642578,0.141006417379391,0.140906342296792,0.486129785745735,-0.278602746412535,0.0544635544635544,5.38280697913374,TRUE,17807.0490552244,"wb",9798.57890566402,"wb",1402760000,17807.0490552244,9798.57890566402,0.0616885727922053,15133.9956182327,4.2505919551052,"middle"
"COL",1997,3,"WVS",0.119409660107335,0.119409660107335,NA,0.0188866799204771,NA,0,8.19109338650714,0.19792,0.728506360383423,0.0652551405863857,-0.505302805536781,NA,-1.23984791854381,NA,NA,NA,11483.5050125907,"wb",4265.6935185646,"wb",37121149,11483.5050125907,4265.6935185646,0.023774741720085,9691.02832371513,4.06007446430745,"middle"
"COL",1998,3,"WVS",0.364451691805952,0.364451691805952,NA,0.0183639398998331,0.474266740453791,1807,8.42103505843072,0.19768,0.733667607289768,0.0659610563972681,0.611744448216807,NA,-1.2786755596238,-0.0257332595462092,-2.18778113064239,TRUE,11343.8799115733,"wb",4213.82800470051,"wb",37792165,11343.8799115733,4213.82800470051,0.0148308567916914,9578.65601184842,4.05476162034101,"middle"
"COL",2005,5,"WVS",0.186291000841043,0.186291000841043,NA,0.0456349206349206,0.511484593837535,1785,8.3078197481776,0.158841695785522,0.76004938901378,0.0716680783308332,0.159401889509529,NA,-0.451372210065172,0.011484593837535,0.970431190078856,FALSE,11999.2549591305,"wb",4457.27537460443,"wb",42128977,11999.2549591305,4457.27537460443,0.0208099483291011,10150.7079222393,4.07915428128234,"middle"
"COL",2012,6,"WVS",0.251864125932063,0.251864125932063,NA,0.082010582010582,0.498868778280543,884,8.38822751322751,0.170867691040039,0.76942211203265,0.0853552865916851,0.388000238884789,NA,-0.0399740996231664,-0.00113122171945701,-0.067267279399631,FALSE,15279.4790008058,"wb",5675.75617978305,"wb",45715810,15279.4790008058,5675.75617978305,0.0274742816389757,12934.965751944,4.18410854593256,"middle"
"COL",2018,7,"WVS",0.218914185639229,0.218914185639229,1,0.0756578947368421,0.49746835443038,790,8.1875,0.212513294219971,0.772804816598084,0.102350704615666,0.0296752591856588,0.257728763445276,-0.302183402952409,-0.00253164556962027,-0.142313613392965,FALSE,17104.1313545678,"wb",6353.5464285392,"wb",49024465,17104.1313545678,6353.5464285392,0.0144461923152225,14426.4343821408,4.23310102312809,"middle"
"CYP",2006,5,"WVS",0.268004722550177,0.268004722550177,NA,0.099236641221374,0.498567335243553,698,7.34571428571429,0.264095001220703,0.682534151682801,0.129860079538189,0.0146957102880469,NA,-0.268950246329464,-0.00143266475644699,-0.0757011164104463,FALSE,42595.203125,"wb",26395.490234375,"wb",1054418,42595.203125,26395.490234375,0.0273725545887896,38847.9765625,4.62936069361817,"high"
"CYP",2011,6,"WVS",0.27239263803681,0.27239263803681,NA,0.143,0.49746192893401,591,7.00402819738167,0.298630294799805,0.673979892758544,0.138555688353397,-0.0919617884731586,NA,0.0315723034718215,-0.00253807106598986,-0.123403510468459,FALSE,41212.6875,"wb",25538.76953125,"wb",1146493,41212.6875,25538.76953125,-0.00659909995276067,37587.21484375,4.61503093600878,"high"
"CYP",2019,7,"WVS",0.474435196195006,0.474435196195006,1,0.12,0.481072555205047,634,6.66566265060241,0.380793584197607,0.667677357070518,0.159180402052092,0.219867581344345,0.403950220524218,-0.282546420362617,-0.0189274447949527,-0.953161764947445,FALSE,45454.17578125,"wb",28167.146484375,"wb",1286671,45454.17578125,28167.146484375,0.0460552179237862,41739.46484375,4.65757378712784,"high"
"CZE",1991,2,"WVS",NA,NA,NA,0.0932754880694143,0.499231950844854,651,6.36471861471861,0.21082,0.751662908993883,0.160026220620205,NA,NA,-0.539780329004379,-0.000768049155145945,-0.0391930900834818,FALSE,24734.7702062546,"wb",10543.6195982395,"wb",10308578,24734.7702062546,10543.6195982395,NA,20895.8797607116,4.39330787998748,"middle"
"CZE",1998,3,"WVS",0.119191919191919,0.119191919191919,NA,0.198779424585876,0.508130081300813,738,6.39473684210526,0.00508472684180771,0.742547289190302,0.164438356390268,3.15449365068676,NA,0.18966002402167,0.00813008130081305,0.441726104299389,FALSE,27801.4387801408,"wb",11850.8396211995,"wb",10294373,27801.4387801408,11850.8396211995,0.0246798293971555,23597.3061804104,4.44406727210897,"middle"
"CZE",2017,7,"EVS",0.18667251454003,0.198281154082259,NA,0.189877479420283,0.595266272189349,845,7.49436803972601,0.208569507598877,0.729121853567256,0.226173392766145,-0.110916532998888,NA,-0.174922910732867,0.0952662721893491,5.53856837503794,TRUE,45177.5226053634,"wb",19257.6930680911,"wb",10594438,45177.5226053634,19257.6930680911,0.0276357379477037,38824.8879170919,4.6549224118805,"high"
"CZE",2022,7,"WVS",0.171195652173913,0.171195652173913,1,0.208333333333333,0.526002971768202,673,7.065,0.223932234493521,0.726967638379524,0.244113613509899,-0.268536414298013,0.318873316360266,-0.158494384992232,0.0260029717682021,1.34915085286048,FALSE,48390.661678675,"wb",20627.348651011,"wb",10672118,48390.661678675,20627.348651011,0.0137414357852265,41666.5081763121,4.68476156055526,"high"
"DEU",1997,3,"WVS",0.272827891532928,0.272827891532928,NA,0.128281327389797,0.502354788069074,1274,6.93178447849728,0.206700085139752,0.800628737777848,0.186475737103302,0.277572283844854,NA,-0.374075412290974,0.00235478806907374,0.168099544404155,FALSE,46670.7053500672,"wb",32795.7833455165,"wb",82034771,46670.7053500672,32795.7833455165,0.00843123753539778,40218.8468799392,4.66904436457333,"high"
"DEU",2006,5,"WVS",0.164427727028479,0.164427727028479,NA,0.270833333333333,0.526235741444867,1315,6.92292682926829,0.215204296112061,0.801960996098884,0.227250548437524,-0.269116667142106,NA,0.175450479114665,0.026235741444867,1.90276964433208,FALSE,53307.1623767517,"wb",37459.261328042,"wb",82376451,53307.1623767517,37459.261328042,0.0100776817260112,45678.0819192686,4.72678556496882,"high"
"DEU",2013,6,"WVS",0.198915989159892,0.198915989159892,NA,0.229227761485826,0.473983739837398,1230,7.3930494371023,0.260114803314209,0.804732318400362,0.239870794996026,-0.268240514206896,NA,-0.0453843232772781,-0.0260162601626016,-1.82485103523904,FALSE,58182.0766176953,"wb",40884.8926759028,"wb",80645605,58182.0766176953,40884.8926759028,0.00938930031432932,49954.173749339,4.76478921789955,"high"
"DEU",2017,7,"EVS",0.260685295997017,0.381873727087576,NA,0.247380927747956,0.477804681194512,1239,7.6344949891881,0.266459857256822,0.809842544038853,0.246046996076303,-0.0219096854871045,NA,0.00540680758780106,-0.0221953188054883,-1.56252522174963,FALSE,61965.4342904965,"wb",43543.4807050551,"wb",82657002,61965.4342904965,43543.4807050551,0.0128464933865402,53071.4555699913,4.79214949783611,"high"
"DEU",2018,7,"WVS",0.368458781362007,0.368458781362007,1,0.259816753926702,0.49290060851927,986,7.73736047275115,0.257418899536133,0.811423036204018,0.248153755494175,0.358624132943975,0.208965737925076,0.045928054055867,-0.00709939148073024,-0.445850828708939,FALSE,62481.1183971045,"wb",43905.8550061973,"wb",82905782,62481.1183971045,43905.8550061973,0.0142574120081605,53431.3928655449,4.79574879470638,"high"
"DNK",2017,7,"EVS",0.36282661661037,0.527144772117963,NA,0.0824767080680118,0.4859375,1920,7.89556605085235,0.34403429349904,0.880161943799509,0.230196021209282,0.0531837371577939,NA,-1.02641528504727,-0.0140625,-1.23237575438662,FALSE,64989.4459872347,"wb",55601.0145717787,"wb",5764980,64989.4459872347,55601.0145717787,0.0154377864689472,55356.680780178,4.81284283477116,"high"
"DOM",1996,3,"WVS",0.662393162393162,0.662393162393162,NA,0,0.585365853658537,164,7.12682926829268,0.1373,0.578287488204273,0.0625822750713592,1.57369096776976,NA,-2.52704417975367,0.0853658536585366,2.18643266644048,TRUE,9036.88352149896,"wb",3419.50600399521,"wb",8032894,9036.88352149896,3419.50600399521,0.0441661466613418,7650.11337062146,3.9560186845938,"low"
"DZA",2002,4,"WVS",0.573234984193888,0.573234984193888,NA,0.0280811232449298,0.480739599383667,649,5.67454688731284,0.1102,0.613812658601162,0.0663850069278616,1.64899883050934,NA,-0.860373651749069,-0.0192604006163328,-0.981335839973575,FALSE,12213.1263531246,"wb",3754.66081538446,"wb",31750835,12213.1263531246,3754.66081538446,0.0259687294871359,9299.68213373874,4.08682685019502,"middle"
"DZA",2014,6,"WVS",0.139931740614334,0.139931740614334,NA,0.0641666666666667,0.48576512455516,562,6.30102915951973,0.0311806011199951,0.695468765157615,0.0711900616501218,1.50135859420073,NA,-0.103869360049804,-0.0142348754448399,-0.674919264975357,FALSE,15073.7629403565,"wb",4634.10149179952,"wb",39205031,15073.7629403565,4634.10149179952,0.013293375212794,11561.2597954385,4.1782216809965,"middle"
"ECU",2013,6,"WVS",0.26255230125523,0.26255230125523,NA,0.0823627287853577,0.533613445378151,714,7.91846921797005,0.155452332228902,0.628837286624122,0.0895680685596875,0.524111165589556,NA,-0.0838658647596337,0.0336134453781513,1.79635485255629,FALSE,13689.1520460125,"wb",5893.32172683036,"wb",15807128,13689.1520460125,5893.32172683036,0.0352948551509506,11806.9238358507,4.13637654724698,"middle"
"ECU",2018,7,"WVS",0.247357293868922,0.247357293868922,1,0.07,0.544494720965309,663,7.78547579298831,0.157990685255552,0.630433276812321,0.0991001133447337,0.448297748077638,0.461347955010068,-0.347635343026935,0.0444947209653092,2.29137013027282,TRUE,14083.5069982304,"wb",6063.0956178776,"wb",17049547,14083.5069982304,6063.0956178776,0.00568013971507924,11608.4190498367,4.14871081392047,"middle"
"EGY",2001,4,"WVS",0.207353569901667,0.207353569901667,1,0.0684245660881175,0.467455621301775,2028,5.35723815877251,0.0855,0.427835506765333,0.0634098607318791,0.885909027392726,0.849016487261578,0.0761125320855434,-0.0325443786982249,-2.93116290511656,TRUE,10117.3331821542,"wb",2492.03441188861,"wb",74652029,10117.3331821542,2492.03441188861,0.031053239875105,7981.62268420183,4.00506605233544,"middle"
"EGY",2008,5,"WVS",0.185462720119895,0.185462720119895,1,0.0839069157653228,0.5875,2320,5.77770491803279,0.126225923263722,0.429608989120873,0.0591595236737861,0.384780548999696,0.844879811609576,0.349470452425952,0.0875,8.42911620515461,TRUE,12391.5847624938,"wb",3052.2129784594,"wb",85864789,12391.5847624938,3052.2129784594,0.0379406305059089,9770.22119807632,4.09312685194458,"middle"
"EGY",2013,6,"WVS",0.155226209048362,0.155226209048362,NA,0.0820748522652659,0.679522497704316,1089,5.01050558108995,0.139750141752768,0.427514277188751,0.0617719979539629,0.105027339860243,NA,0.284181509150926,0.179522497704316,11.8484848484848,TRUE,13058.0748238237,"wb",3216.37839024454,"wb",95333553,13058.0748238237,3216.37839024454,0.0104778217645119,10264.0641579955,4.11587915281804,"middle"
"EGY",2018,7,"WVS",0.21871921182266,0.21871921182266,1,0.0333333333333333,0.478991596638655,833,5.86800334168755,0.157031267538193,0.424577177449969,0.0677440959831591,0.33134382756498,0.856661481864223,-0.709179414482542,-0.0210084033613445,-1.21267812518166,FALSE,14488.2094340261,"wb",3568.63966286365,"wb",105682094,14488.2094340261,3568.63966286365,0.0207856946608491,11363.3180205488,4.16101471528671,"middle"
"ESP",1990,2,"WVS",NA,NA,NA,0.18476821192053,0.552083333333333,960,7.1454302868579,0.0844641017913818,0.748374358949045,0.168861912846533,NA,NA,0.0900208338146556,0.0520833333333334,3.22748612183952,TRUE,31773.2267420042,"wb",19174.77083233,"wb",38867322,31773.2267420042,19174.77083233,0.0419321614853889,27543.221532287,4.50206132200646,"high"
"ESP",1995,3,"WVS",0.135509396636993,0.135509396636993,NA,0.183319570602808,0.522464698331194,779,6.61097256857855,0.136852127787221,0.75588297274636,0.180587131532795,-0.0098599978933127,NA,0.0150175328283576,0.0224646983311938,1.25400513682503,FALSE,33501.7314182929,"wb",20217.9031940372,"wb",39724050,33501.7314182929,20217.9031940372,0.0105946225617142,29041.6084538504,4.52506725258847,"high"
"ESP",2000,4,"WVS",0.264621284755513,0.264621284755513,NA,0.206782464846981,0.522448979591837,735,6.97676348547718,0.18401175686308,0.761650552349602,0.194260006148127,0.363300038135791,NA,0.0624698466064483,0.0224489795918368,1.21722333737948,FALSE,39945.8971298178,"wb",24106.8818529374,"wb",40567864,39945.8971298178,24106.8818529374,0.0351857690369926,34756.7433745749,4.60147217925991,"high"
"ESP",2007,5,"WVS",0.155206286836935,0.155206286836935,NA,0.208333333333333,0.484126984126984,756,7.31380753138075,0.241841697692871,0.777738937890987,0.192404472832404,-0.443528255448982,NA,0.0795395755372372,-0.0158730158730159,-0.872871560943969,FALSE,45301.2843416374,"wb",27338.79541774,"wb",45226803,45301.2843416374,27338.79541774,0.0162503734182067,39519.8386999597,4.65611051491745,"high"
"ESP",2011,6,"WVS",0.164605137963844,0.164605137963844,NA,0.196804037005887,0.488111888111888,715,6.77054794520548,0.264915790557861,0.78695397956495,0.202006049550011,-0.475862501403432,NA,-0.026089147571089,-0.0118881118881119,-0.635763953205751,FALSE,42271.8346788238,"wb",25510.5579678829,"wb",46742697,42271.8346788238,25510.5579678829,-0.0106000265052813,36883.3229775247,4.62605109745282,"high"
"ESP",2017,7,"EVS",0.296270967564102,0.22152466367713,NA,0.220562221005666,0.525876460767947,599,7.49206018958506,0.315901148354408,0.794663233085683,0.222974286839541,-0.0641548764522614,NA,-0.0108766226468268,0.0258764607679466,1.26662566199043,FALSE,45446.2508575695,"wb",27426.281015093,"wb",46571232,45446.2508575695,27426.281015093,0.0204256325832876,39550.1890761123,4.65749806139673,"high"
"EST",1996,3,"WVS",0.225446428571429,0.225446428571429,NA,0.114593535749265,0.514880952380952,672,4.99705882352941,0.391886565008812,0.684475740642067,0.174582715984633,-0.552889859527513,NA,-0.421007250820551,0.0148809523809523,0.771516749810457,FALSE,15666.1330451502,"wb",7637.25708286963,"wb",1415594,15666.1330451502,7637.25708286963,-0.0246081213901608,13558.5685292989,4.19496181048242,"middle"
"EST",2011,6,"WVS",0.347696879643388,0.347696879643388,NA,0.243313763861709,0.502768549280177,903,6.20039292730845,0.355301094055176,0.678775556334506,0.207783281819247,-0.0216345175705186,NA,0.157856197553423,0.00276854928017722,0.166389581409933,FALSE,32453.1008476709,"wb",15820.922342204,"wb",1327439,32453.1008476709,15820.922342204,-0.00516125620500816,27990.136407635,4.51125619933959,"high"
"EST",2018,7,"EVS",0.382864991943902,0.323840520748576,NA,0.242026156005487,0.553398058252427,515,7.23008699337011,0.402903594970703,0.692803532930133,0.235251076299699,-0.0510148893089562,NA,0.028392449396896,0.0533980582524272,2.42358957081577,TRUE,40849.8473475564,"wb",19914.3454922878,"wb",1321977,40849.8473475564,19914.3454922878,0.0338988409615371,34979.8670494407,4.61119043794952,"high"
"ETH",2007,5,"WVS",0.152023692003949,0.152023692003949,NA,0.00133333333333333,0.486697965571205,639,4.99328859060403,0.00504570007324219,0.160948330261902,0.0501810943025764,3.40549996721196,NA,-2.30620043581076,-0.013302034428795,-0.672509606309851,FALSE,1109.14330259683,"wb",338.799064654308,"wb",83103217,1109.14330259683,338.799064654308,0.0559938989968842,991.883400804938,3.04498766112339,"low"
"ETH",2020,7,"WVS",0.147619047619048,0.147619047619048,1,0.0178861788617886,0.503045066991474,821,5.77949552481692,0.0628919628564445,0.216260051727295,0.0515379990630459,0.85321657373465,1.53127365227447,-1.05829109750564,0.00304506699147378,0.174501203189942,FALSE,2516.54907638899,"wb",768.705424484873,"wb",118917671,2516.54907638899,768.705424484873,0.0502528115483232,2253.23578832192,3.40080540419356,"low"
"FIN",1981,1,"WVS",NA,NA,NA,NA,NA,0,7.90581162324649,0.19042,0.63181697845459,0.151437346389344,NA,NA,NA,NA,NA,NA,29951.0629211944,"growth",24150.5782368449,"wb",4799964,NA,24150.5782368449,0.0299336630269536,10546,4.47641223950056,"middle"
"FIN",1996,3,"WVS",0.119951040391677,0.119951040391677,NA,0.131979695431472,0.49,600,7.77822990844354,0.32932,0.652098222301322,0.177606291915767,-1.00994625963752,NA,-0.296921169118545,-0.01,-0.489897948556636,FALSE,38301.5126175582,"wb",30883.8347237846,"wb",5124573,38301.5126175582,30883.8347237846,0.0105906738103094,32548.0151553704,4.58321592562624,"high"
"FIN",2005,5,"WVS",0.263099219620959,0.263099219620959,NA,0.196252465483235,0.496742671009772,614,7.83925049309665,0.295404605865479,0.685140529517604,0.192827689734564,-0.115814739988451,NA,0.0176049287360635,-0.00325732899022801,-0.161426862454252,FALSE,52744.048034135,"wb",42529.3506920884,"wb",5246096,52744.048034135,42529.3506920884,0.0231932985783477,44786.9096643071,4.72217345824888,"high"
"FIN",2017,7,"EVS",0.349871459877905,0.475332068311195,NA,0.253929657248323,0.480798771121352,651,7.89836465477008,0.352476501464844,0.719563038312956,0.252332790124982,-0.00741812798298732,NA,0.00630847667048357,-0.0192012288786482,-0.979827252087025,FALSE,55637.2262781223,"wb",44862.220404205,"wb",5508214,55637.2262781223,44862.220404205,0.00613053991141399,47570.133583848,4.74536547067061,"high"
"FRA",2006,5,"WVS",0.230419977298524,0.230419977298524,NA,0.20979020979021,0.495253164556962,632,6.864,0.145428214075415,0.773467240068648,0.201636104592947,0.460221041277353,NA,0.0396434199791223,-0.004746835443038,-0.23866718525272,FALSE,49223.247197008,"wb",35645.4162427116,"wb",63622342,49223.247197008,35645.4162427116,0.0115769394626586,42362.985412525,4.69217026018404,"high"
"FRA",2018,7,"EVS",0.31565115379005,0.313190005810575,NA,0.25974512563119,0.512064343163539,746,7.26401541498594,0.314932524195543,0.786714432536599,0.243732783880939,0.00227925311327155,NA,0.0636283870355718,0.0120643431635389,0.659026823344392,FALSE,52560.9536243841,"wb",38062.4435961412,"wb",67158348,52560.9536243841,38062.4435961412,0.00972415758954881,45245.9608684875,4.7206632361189,"high"
"GBR",1998,3,"WVS",0.03831891223733,0.03831891223733,NA,0.205855443732845,0.523668639053254,676,7.58150183150183,0.3522,0.79391563988228,0.197508999952971,-2.21825562965331,NA,0.0413900403249632,0.0236686390532544,1.23076923076923,FALSE,41004.8386335287,"wb",36773.9287790406,"wb",58487141,41004.8386335287,36773.9287790406,0.0350500279570134,36486.0577717854,4.61283510715517,"high"
"GBR",2005,5,"WVS",0.283446712018141,0.283446712018141,NA,0.188280499519693,0.493220338983051,590,7.55298651252408,0.3967,0.804455938127627,0.195031062677916,-0.336156186682692,NA,-0.0352259720640221,-0.00677966101694916,-0.329354787837048,FALSE,48304.6753205932,"wb",43320.5628684438,"wb",60401206,48304.6753205932,43320.5628684438,0.0194951516681662,42678.5981372048,4.68398916734921,"high"
"GBR",2018,7,"EVS",0.4067735548854,0.502089552238806,NA,0.232118417233106,0.511820330969267,846,7.71293044010308,0.451440391540527,0.824465657551295,0.222771787177911,-0.104186686570189,NA,0.0410997889853224,0.0118203309692672,0.68761416417253,FALSE,52983.039541197,"wb",47516.2099770322,"wb",66287000,52983.039541197,47516.2099770322,0.0172675654684387,46606.8772699466,4.72413686936521,"high"
"GBR",2022,7,"WVS",0.518981481481481,0.518981481481481,1,0.290805994329688,0.526460481099656,1455,7.31727062451812,0.486701393127441,0.830753982997505,0.229818429669325,0.0642174221461966,0.185421577299095,0.235366797751178,0.0264604810996564,2.01864164460835,TRUE,53979.7679116234,"wb",48410.095170282,"wb",67636000,53979.7679116234,48410.095170282,0.00582940036344546,46831.0854340415,4.73223101295636,"high"
"GEO",1996,3,"WVS",0.218455743879473,0.218455743879473,NA,0.0991035856573705,0.519805982215036,1237,4.68052078117176,NA,0.533941759015751,0.147761856022306,NA,NA,-0.399436273977628,0.0198059822150364,1.39319282838865,FALSE,4339.0046688347,"wb",1187.123206219,"wb",4491699,4339.0046688347,1187.123206219,-0.169376955312841,3740.48545328952,3.6373901174369,"low"
"GEO",2009,5,"WVS",0.315548780487805,0.315548780487805,NA,0.174666666666667,0.485177865612648,1012,4.9559620596206,0.323346808827809,0.547033821122222,0.172752342904291,-0.0244121754444868,NA,0.0110203706989095,-0.0148221343873518,-0.943041920192899,FALSE,10553.0896395853,"wb",2887.25607935922,"wb",3814419,10553.0896395853,2887.25607935922,0.0631977768356565,9097.42124780979,4.02337962712013,"middle"
"GEO",2014,6,"WVS",0.376699029126214,0.376699029126214,NA,0.162229617304493,0.533505154639175,776,5.44666666666667,0.308818302154541,0.570237612994258,0.173208133079656,0.198693452352252,NA,-0.0654812303098606,0.0335051546391752,1.86669121240612,FALSE,14475.3135356035,"wb",3960.35080091901,"wb",3719414,14475.3135356035,3960.35080091901,0.0632052019669194,12254.6456549529,4.1606279793292,"middle"
"GEO",2018,7,"EVS",0.31204838263134,0.324938271604938,NA,0.185006597366039,0.594353640416048,1346,6.71169024180235,0.338729796286608,0.583038181862576,0.182725587923539,-0.0820444801335792,NA,0.012405977987216,0.0943536404160475,6.92326868836911,TRUE,17228.6790847503,"wb",4713.65354845303,"wb",3726549,17228.6790847503,4713.65354845303,0.0427503195835374,14253.4089858441,4.23625198155744,"middle"
"GHA",2007,5,"WVS",0.0687022900763359,0.0687022900763359,1,0.0371577574967406,0.524869109947644,764,6.11976439790576,0.0395891561378976,0.488125122665918,0.0561163574355607,0.55122728725797,0.717183507088002,-0.412254781530486,0.024869109947644,1.3747917500556,FALSE,3923.12567803728,"wb",1205.31705804209,"wb",23642279,3923.12567803728,1205.31705804209,0.0271213496832367,3240.59260789284,3.59363222105429,"low"
"GHA",2012,6,"WVS",0.092511013215859,0.092511013215859,NA,0.0309278350515464,0.57410071942446,695,6.42203608247423,0.0586641376467491,0.519197918381031,0.0549668969505255,0.455499102077354,NA,-0.575074541260158,0.0741007194244604,3.90701269532604,TRUE,5339.71321903045,"wb",1640.54072088003,"wb",26734268,5339.71321903045,1640.54072088003,0.0616566488616007,4402.54595248917,3.72751793292049,"low"
"GRC",2017,7,"WVS",0.25022502250225,0.25022502250225,1,0.255833333333333,0.5,694,6.18166666666667,0.252617380502988,0.778895342613411,0.253053761203364,-0.00951541094132354,0.249878590515104,0.0109242297646052,0,0,FALSE,31995.4108838386,"wb",18352.0884461258,"wb",10754679,31995.4108838386,18352.0884461258,0.00471316941367768,28604.8609402657,4.50508769173399,"high"
"GTM",2004,5,"WVS",0.146272855133615,0.146272855133615,NA,0.016,0.517355371900826,605,7.95095095095095,0.0274895195112131,0.47326819486636,0.0656604123785161,1.67166892497127,NA,-1.41190747032744,0.0173553719008265,0.85377140959083,FALSE,9003.86136388797,"wb",3250.20561194529,"wb",12807402,9003.86136388797,3250.20561194529,0.00759314409172056,6676.70453318824,3.95442879937135,"low"
"GTM",2020,7,"WVS",0.469304229195089,0.469304229195089,1,0.0374288039056143,0.545643153526971,482,7.49959316517494,0.0467655752173953,0.545483167911628,0.0686622676399467,2.30610387448919,0.606083330442403,-0.606759248668199,0.0456431535269709,2.00414508216682,TRUE,11097.1503902986,"wb",4005.83916360689,"wb",17357325,11097.1503902986,4005.83916360689,0.0056886443624677,8389.10673604404,4.04521147170093,"middle"
"HKG",2005,5,"WVS",0.121042830540037,0.121042830540037,NA,0.15670436187399,0.543367346938776,784,6.40836012861736,0.152062902450562,1,0.144587020882412,-0.22814981278415,NA,0.0804794378709875,0.0433673469387755,2.42857142857143,TRUE,47938.8533561286,"wb",32401.3558626573,"wb",6813200,47938.8533561286,32401.3558626573,0.0369680115412546,43689.3580987291,4.68068764198254,"high"
"HKG",2014,6,"WVS",0.234375,0.234375,NA,0.111675126903553,0.54983922829582,622,6.84954864593781,0.205518207550049,1,0.167189493859122,0.131387765496458,NA,-0.403533859303085,0.0498392282958199,2.48597351327034,TRUE,61839.8044187474,"wb",41796.8593150091,"wb",7229500,61839.8044187474,41796.8593150091,0.0302019750347103,56358.0490951869,4.79126810736575,"high"
"HKG",2018,7,"WVS",0.379659211927583,0.379659211927583,1,0.146258503401361,0.508130081300813,1230,6.63355834136934,0.234531566281471,1,0.194484119754707,0.481683849792734,0,-0.284974885882862,0.00813008130081305,0.570265948512204,FALSE,66993.9592604441,"wb",45280.4971892076,"wb",7452600,66993.9592604441,45280.4971892076,0.0200561958905812,61055.3296945359,4.82603564481831,"high"
"HRV",1996,3,"WVS",NA,NA,NA,0.132661628883291,0.501302083333333,768,6.18288590604027,0.13542,0.553155603054641,0.172199391517725,NA,NA,-0.260851315754749,0.00130208333333337,0.0721687836487053,FALSE,18850.1633100668,"wb",7858.19280544609,"wb",4557097,18850.1633100668,7858.19280544609,0.000396118796271949,16215.7120424335,4.27531511710699,"middle"
"HRV",2017,7,"EVS",0.168653060686525,0.318045112781955,NA,0.241751323386532,0.556291390728477,755,7.45610140597764,0.21630715086276,0.559009887365155,0.235697428969235,-0.248855682843012,NA,0.0253607066947163,0.0562913907284768,3.09346673229906,TRUE,32348.5888556174,"wb",13485.3711360576,"wb",4041407,32348.5888556174,13485.3711360576,0.0270305222570933,27206.9357140804,4.50985534016436,"high"
"HTI",2016,6,"WVS",0.0178018575851393,0.0178018575851393,NA,0.0370741482965932,0.512698412698413,630,5.58942065491184,NA,0.50087821148256,0.0631079919803914,NA,NA,-0.531927502002774,0.0126984126984127,0.637455258311674,FALSE,3415.58218112308,"wb",1416.74881879698,"wb",10671457,3415.58218112308,1416.74881879698,0.00683210812404038,3165.29569176077,3.53346473920351,"low"
"HUN",1982,1,"WVS",NA,NA,NA,NA,0.487068965517241,928,6.92723492723493,0.069764199256897,0.585060126756435,0.163532819521965,NA,NA,NA,-0.0129310344827586,-0.787838597158335,FALSE,19495.1522448651,"growth",7914.90849326563,"wb",10705535,NA,7914.90849326563,0.0245185051257359,7790,4.28992663110372,"middle"
"HUN",1998,3,"WVS",0.163568773234201,0.163568773234201,NA,0.184899845916795,0.510416666666667,384,5.86089644513138,0.122075417874048,0.636080202030422,0.17728924198111,0.29259450026394,NA,0.042031770746344,0.0104166666666666,0.408248290463862,FALSE,20438.3829550506,"wb",8297.85419511945,"wb",10266570,20438.3829550506,8297.85419511945,0.0241532275589783,17925.7221674663,4.31044653229051,"middle"
"HUN",2009,5,"WVS",0.185142857142857,0.185142857142857,NA,0.148957298907646,0.444846292947559,553,5.89421157684631,0.187380695343018,0.684592590332031,0.191458057549886,-0.0120146235303038,NA,-0.251009083645121,-0.0551537070524412,-2.59398385893163,TRUE,27445.959458479,"wb",11142.885928524,"wb",10022650,27445.959458479,11142.885928524,0.00650140055419754,24158.2079741803,4.4384784174911,"middle"
"HUN",2018,7,"EVS",0.232322414800393,0.282282282282282,NA,0.22555431016838,0.539094650205761,729,7.14789209567238,0.227951803367923,0.704711761474609,0.22385552738987,0.0189919079963358,NA,0.00756009649856046,0.0390946502057613,2.11111111111111,TRUE,35798.0412754022,"wb",14533.7783144312,"wb",9706964,35798.0412754022,14533.7783144312,0.0428724596029717,31117.2783813426,4.55385926444956,"high"
"IDN",2001,4,"WVS",0.618615209988649,0.618615209988649,1,0.046,0.451871657754011,748,6.95757575757576,0.0830813086417843,0.429018895186157,0.0736115006076913,2.00766369723911,0.846254316301084,-0.470159875295361,-0.0481283422459893,-2.63258072685767,TRUE,6190.51954040991,"wb",1868.59172307292,"wb",219097902,6190.51954040991,1868.59172307292,-0.0156806330893943,5744.49398762402,3.79172709878825,"low"
"IDN",2006,5,"WVS",0.305710306406685,0.305710306406685,NA,0.0253227408142999,0.455748552522746,1209,6.9087093389297,0.0694960021972656,0.470017588692457,0.0789568782150744,1.48136871387437,NA,-1.13719901963244,-0.0442514474772539,-3.07730560070532,TRUE,7434.48785352221,"wb",2244.0802226202,"wb",233951652,7434.48785352221,2244.0802226202,0.0366221357931366,6899.85120377747,3.8712510562406,"low"
"IDN",2018,7,"WVS",0.106329113924051,0.106329113924051,1,0.0490625,0.548465266558966,2476,7.55663329161452,0.0999415016174316,0.550956840515137,0.0862139985349556,0.0619541013717719,0.596098802270745,-0.563737564939383,0.0484652665589661,4.82320722634885,TRUE,12262.2310300771,"wb",3701.32155461912,"wb",269951846,12262.2310300771,3701.32155461912,0.0383661956661648,11397.4314013759,4.08856949431792,"middle"
"IND",1990,2,"WVS",0.389412997903564,0.389412997903564,NA,0.036,0.492164828786999,1723,6.70012190166599,0.0737,0.255784017345035,0.0657207882752362,1.66463767249637,NA,-0.601896349090754,-0.00783517121300059,-0.650460794746334,FALSE,2139.82749174123,"wb",537.870269536103,"wb",864972221,2139.82749174123,537.870269536103,0.0352447773972322,1819.02159651277,3.3303787628797,"low"
"IND",1995,3,"WVS",0.208784596871239,0.208784596871239,NA,0.0240196078431373,0.473717542748575,1579,6.53090909090909,0.0452611994395368,0.265661772139368,0.0667748735706504,1.52885294256487,NA,-1.0224563753762,-0.026282457251425,-2.08875271483643,TRUE,2469.3516292637,"wb",620.699954336366,"wb",960301044,2469.3516292637,620.699954336366,0.0286460806917521,2103.72715529461,3.39258293674262,"low"
"IND",2001,4,"WVS",0.450140845070423,0.450140845070423,NA,0.0851703406813627,0.440469208211144,1705,5.14191919191919,0.0577693187672285,0.279028652096636,0.0688115033613434,2.05310270526985,NA,0.213282328178531,-0.0595307917888563,-4.9162487189193,TRUE,3097.16224022342,"wb",778.507377522499,"wb",1077898575,3097.16224022342,778.507377522499,0.0347454062639713,2646.87822424888,3.49096395582119,"low"
"IND",2006,5,"WVS",0.194695259593679,0.194695259593679,NA,0.0950475237618809,0.438055720213397,1687,5.79569892473118,0.0637308211813107,0.294309857146804,0.0706116928512602,1.11676727028737,NA,0.297181264734025,-0.0619442797866034,-5.08848788450953,TRUE,4011.08647585805,"wb",1008.23275344818,"wb",1172878890,4011.08647585805,1008.23275344818,0.0517151720719276,3432.819251416,3.60326202512877,"low"
"IND",2012,6,"WVS",0.110804851157663,0.110804851157663,NA,0.087138978030116,0.445104697226938,3534,6.51677355698076,0.0891821877763498,0.315898935604399,0.0731971453666524,0.217089225326535,NA,0.174347870229236,-0.0548953027730617,-6.52677216944914,TRUE,5303.50197767655,"wb",1333.09626557649,"wb",1278674502,5303.50197767655,1333.09626557649,0.0441099246445768,4551.86212668931,3.72456273513619,"low"
"IND",2023,7,"WVS",0.232025650631366,0.225577264653641,NA,0.0800080183859101,0.442703232125367,1021,7.20137714858965,0.123699246623116,0.350676918424186,0.0923615153987284,0.628994739595761,NA,-0.14358353239857,-0.0572967678746327,-3.66161763195777,TRUE,8870.55027609345,"wb",2229.71491223037,"wb",1438069596,8870.55027609345,2229.71491223037,0.0337635052855591,NA,3.94795056170977,"low"
"IRN",2000,4,"WVS",0.517105263157895,0.517105263157895,1,0.065955766192733,0.462975778546713,1445,6.37699680511182,0.201,0.644780120849609,0.0631809418737791,0.944941549511946,0.438845918212848,0.0429816050882281,-0.0370242214532872,-2.81481498344091,TRUE,11643.1218077696,"wb",3885.30183360649,"wb",66418659,11643.1218077696,3885.30183360649,0.0213353532828084,11026.1018073584,4.06606944097642,"middle"
"IRN",2007,5,"WVS",0.230857142857143,0.230857142857143,NA,0.0248213614140654,0.535908267954134,1657,6.42707161604799,0.0900635924852798,0.68806189933608,0.0640091954531176,0.941283086038047,NA,-0.947322122228259,0.0359082679541339,2.92338293302192,TRUE,15237.4237850549,"wb",5084.71796043623,"wb",74602648,15237.4237850549,5084.71796043623,0.0382808441795287,14689.5604478366,4.18291154636636,"middle"
"IRN",2020,7,"WVS",0.37315875613748,0.37315875613748,1,0.0613742494996664,0.463288521199586,967,6.20093457943925,0.213988382165985,0.755986404418945,0.0948412700252383,0.556082224160824,0.279731886537134,-0.43521429441935,-0.0367114788004136,-2.28320607691438,TRUE,15381.5845437266,"wb",5132.82430762118,"wb",87723443,15381.5845437266,5132.82430762118,0.00714327948550135,14432.36271404,4.18700107689259,"middle"
"IRQ",2004,4,"WVS",0.366358192705498,0.366358192705498,1,0.0498924731182796,0.504161712247325,1682,5.22709677419355,0.145200948760403,0.682202223846538,0.0525053362862737,0.925492886879836,0.382429149186813,-0.051044655913248,0.00416171224732464,0.341361894365922,FALSE,10210.5631004936,"wb",3354.26588756715,"wb",27577878,10210.5631004936,3354.26588756715,-0.0191730191346426,7044.68682500453,4.00904969357502,"middle"
"IRQ",2006,5,"WVS",0.159702878365831,0.159702878365831,1,0.046279155868197,0.504365690806369,1947,4.46179775280899,0.145200948760403,0.685590667282222,0.0518037187025046,0.0951964421072983,0.377474524273391,-0.112770273820504,0.00436569080636873,0.385270667734432,FALSE,10568.9137652953,"wb",3471.98744698568,"wb",28616515,10568.9137652953,3471.98744698568,-0.0340354974102077,7292.88705736069,4.02403035438599,"middle"
"IRQ",2013,6,"WVS",0.238353196099675,0.238353196099675,NA,0.0308333333333333,0.484921592279855,829,5.91435768261965,0.107404699325562,0.69444450378418,0.0507055278681191,0.79714965435507,NA,-0.4974385797328,-0.0150784077201447,-0.868285889558984,FALSE,13712.931714296,"wb",4504.82687537354,"wb",35281989,13712.931714296,4504.82687537354,0.0349909316178035,9503.87503980183,4.13713031337658,"middle"
"IRQ",2018,7,"WVS",0.280982905982906,0.280982905982906,1,0.0191666666666667,0.510982658959538,865,4.465,0.165937873338467,0.698765148865842,0.0532896286457882,0.526680373374582,0.358440574796719,-1.02256906859579,0.0109826589595375,0.646019380872142,FALSE,14456.2357053191,"wb",4749.00921836896,"wb",40265624,14456.2357053191,4749.00921836896,0.0105573099601951,9995.04951307618,4.16005522067386,"middle"
"ISL",2017,7,"EVS",0.363035816147157,0.469896193771626,NA,0.115745552341242,0.50232991612302,1073,8.05933199613325,0.395869907254272,0.937718982310092,0.174314383207228,-0.0865841437766398,NA,-0.409466201425924,0.00232991612301958,0.152640627718167,FALSE,65462.5033306299,"wb",56657.9800322797,"wb",343400,65462.5033306299,56657.9800322797,0.0235059300075488,55638.4920591796,4.81599260900577,"high"
"ISR",2001,4,"WVS",0.699465240641711,0.699465240641711,NA,0.135180520570949,0.560606060606061,726,7.02605042016807,0.282069702148438,0.91365021842149,0.135600075423253,0.908161890015048,NA,-0.00309885711352013,0.0606060606060606,3.2659863237109,TRUE,32591.2116817431,"wb",28804.0396341969,"wb",6439000,32591.2116817431,28804.0396341969,0.0139667463637625,29865.8684346456,4.51310050704117,"high"
"ITA",2005,5,"WVS",0.260335195530726,0.260335195530726,NA,0.143280632411067,0.496774193548387,620,6.88767395626243,0.100619497299194,0.675897169318419,0.228629395913121,0.950623965254947,NA,-0.467297162584312,-0.00322580645161291,-0.1606438657805,FALSE,51585.6445807938,"wb",33407.6754716472,"wb",58166682,51585.6445807938,33407.6754716472,0.00483537715427786,44260.8274173515,4.71252886157408,"high"
"ITA",2018,7,"EVS",0.137566670807308,0.169089147286822,NA,0.273573958988807,0.48328025477707,1256,7.27759440664871,0.161890761891087,0.694800033569336,0.2627973686418,-0.162813120279743,NA,0.040188728302308,-0.01671974522293,-1.18509856076451,FALSE,49355.8751913504,"wb",31963.6417148824,"wb",59877221,49355.8751913504,31963.6417148824,0.0104922016200909,42045.9214694407,4.69333885733619,"high"
"JOR",2001,4,"WVS",0.380848748639826,0.380848748639826,NA,0.0605069501226492,0.548661800486618,822,5.60115131578947,0.0140940999984741,0.782902365290261,0.0461828819648269,3.29664604112069,NA,0.270149027312869,0.0486618004866181,2.79032042566063,TRUE,9056.19447281902,"wb",3841.98511846743,"wb",5498894,9056.19447281902,3841.98511846743,0.0151474829430715,9140.06707262594,3.95694573998878,"low"
"JOR",2007,5,"WVS",0.253668763102725,0.253668763102725,NA,0.0633333333333333,0.52969696969697,825,7.20217209690894,0.159274101257324,0.793358270749644,0.0523294271412811,0.465402708414161,NA,0.19085291021039,0.0296969696969697,1.70596102836584,FALSE,11034.2922176813,"wb",4681.17006766931,"wb",6827227,11034.2922176813,4681.17006766931,0.0324832124626326,11028.312191709,4.04274448105783,"middle"
"JOR",2014,6,"WVS",0.228541882109617,0.228541882109617,NA,0.0858333333333333,0.544819557625146,859,6.61,0.186712104874513,0.880371754329978,0.0514962512418057,0.202151600636496,NA,0.510898417836664,0.0448195576251456,2.62720609664952,TRUE,11086.6905487513,"wb",4703.39944986815,"wb",8791710,11086.6905487513,4703.39944986815,-0.0139679620328728,10605.349315358,4.04480192568817,"middle"
"JOR",2018,7,"WVS",0.258126195028681,0.258126195028681,1,0.118869492934331,0.499412455934195,851,6.86783042394015,0.228436603546143,0.912008859099729,0.0550400167488332,0.122189867704256,0.092105575029844,0.769965695339395,-0.000587544065804912,-0.0342795585095517,FALSE,10183.0248366235,"wb",4320.029787425,"wb",10462306,10183.0248366235,4320.029787425,-0.0295453470978462,9584.50713792695,4.00787680302275,"middle"
"JPN",1981,1,"WVS",NA,NA,NA,0.0996677740863787,0.526923076923077,780,6.57931638913234,0.143146095275879,0.762503223945228,0.121259363879809,NA,NA,-0.196089358814971,0.0269230769230769,1.50384123548281,FALSE,25369.2946533094,"growth",20291.567958628,"wb",117661000,NA,20291.567958628,0.0348676107712279,10358,4.40430839262835,"middle"
"JPN",1990,2,"WVS",NA,NA,NA,0.0797607178464606,0.510855683269476,783,6.52626158599382,0.211348896026611,0.773404178010312,0.148321351986449,NA,NA,-0.620350091416662,0.0108556832694764,0.607530436408085,FALSE,36137.8442587458,"wb",28904.7658863073,"wb",123478000,36137.8442587458,28904.7658863073,0.0436355613937813,32846.3896070232,4.55796224190352,"high"
"JPN",1995,3,"WVS",NA,NA,NA,0.119544592030361,0.495641344956413,803,6.60835762876579,0.3853,0.780190838015653,0.173774539165972,NA,NA,-0.374069250250121,-0.00435865504358657,-0.247024635634206,FALSE,38137.9346304016,"wb",30504.5332529005,"wb",125472000,38137.9346304016,30504.5332529005,0.0107737625456739,34867.5803906089,4.58135717001813,"high"
"JPN",2000,4,"WVS",0.772384937238494,0.772384937238494,NA,0.162261380323054,0.525050100200401,998,6.48404255319149,0.4355,0.786126803295375,0.203713292640305,0.572988252826821,NA,-0.227505083279402,0.0250501002004008,1.58272234458229,FALSE,39731.7953686304,"wb",31779.3788459032,"wb",126843000,39731.7953686304,31779.3788459032,0.00818846233313018,36323.0952973411,4.59913819005089,"high"
"JPN",2005,5,"WVS",0.247743229689067,0.247743229689067,NA,0.166970802919708,0.544895448954489,813,6.99074074074074,0.4833,0.859573620483714,0.23515890916719,-0.668244733202762,NA,-0.342442530524205,0.0448954489544895,2.56022177698641,TRUE,41740.352036905,"wb",33385.9179590327,"wb",127773000,41740.352036905,33385.9179590327,0.00986331552132782,38250.6380111696,4.62055610757181,"high"
"JPN",2010,6,"WVS",0.225590726705305,0.225590726705305,NA,0.240687679083095,0.497345132743363,1695,6.91180176396472,0.343956184387207,0.906228586840649,0.266631345477374,-0.421791864544212,NA,-0.102366820144081,-0.00265486725663716,-0.218603775400767,FALSE,41647.0458542008,"wb",33311.2872381879,"wb",128070000,41647.0458542008,33311.2872381879,-0.000447579485654259,38069.9560385983,4.61958420106764,"high"
"JPN",2019,7,"WVS",0.545094936708861,0.545094936708861,1,0.350332594235033,0.528169014084507,994,6.7593984962406,NA,0.917164207898107,0.326687739718104,NA,0.0864687519847297,0.0698781822494214,0.028169014084507,1.77621214314754,FALSE,46055.3498672487,"wb",36837.2583653113,"wb",126633000,46055.3498672487,36837.2583653113,0.0102501766350624,41654.3279152693,4.66328008584392,"high"
"KAZ",2011,6,"WVS",0.356109324758842,0.356109324758842,NA,0.0753333333333333,0.59447983014862,942,7.25466666666667,0.523822898864746,0.543996086425518,0.0858907021757917,-0.385915872199278,NA,-0.131152872432095,0.0944798301486199,5.79955339081456,TRUE,27946.1603432944,"wb",9223.3021336315,"wb",17066002,27946.1603432944,9223.3021336315,0.042693164046953,21970.0839239319,4.44632214652405,"middle"
"KAZ",2018,7,"WVS",0.578096947935368,0.578096947935368,1,0.0626959247648903,0.517721518987342,790,6.91593973037272,0.739102783203125,0.582388038921695,0.1025673994381,-0.245695410849657,0.540618319876331,-0.492223688225947,0.0177215189873418,0.996195293750747,FALSE,32330.2274546567,"wb",10670.2120148279,"wb",18932727,32330.2274546567,10670.2120148279,0.0137812774482626,25544.3447563035,4.50960876003855,"high"
"KEN",2021,7,"WVS",0.266514806378132,0.266514806378132,1,0.00714853057982526,0.534653465346535,606,5.875,0.0567962925544356,0.312879334021971,0.045971090178375,1.54595874903687,1.16193767707853,-1.86110590225913,0.0346534653465347,1.70613337377502,FALSE,5338.85243382781,"wb",1698.89578271444,"wb",53219166,5338.85243382781,1698.89578271444,0.0225198680591733,4745.63703342904,3.72744791710066,"low"
"KGZ",2003,4,"WVS",0.769922879177378,0.769922879177378,NA,0.0757430488974113,0.543035993740219,639,6.48226270373921,0.24564,0.353086519815317,0.0807791795230968,1.142423303458,NA,-0.0643725767040883,0.043035993740219,2.1757663733554,TRUE,3982.92722017802,"wb",786.350474964134,"wb",5043308,3982.92722017802,786.350474964134,0.030520721849248,3370.43019920369,3.60020237064135,"low"
"KGZ",2011,6,"WVS",0.337199668599834,0.337199668599834,NA,0.046,0.496921723834653,1137,6.96308724832215,0.176226501464844,0.352466507961984,0.0632375110998318,0.648905135545555,NA,-0.318256258655044,-0.00307827616534739,-0.207595439051207,FALSE,5092.85165751678,"wb",1005.4831781815,"wb",5546587,5092.85165751678,1005.4831781815,0.0366469031971143,4334.6607889257,3.7069610264098,"low"
"KGZ",2020,7,"WVS",0.468043264503442,0.468043264503441,1,0.0691666666666667,0.591022443890274,802,8.38313856427379,NA,0.348174315392111,0.0767038964023476,NA,1.05505201832018,-0.103433456632383,0.0910224438902744,5.15543922628908,TRUE,5537.79547319377,"wb",1093.32856461422,"wb",6726596,5537.79547319377,1093.32856461422,-0.00224167569000819,4726.19655886361,3.74333691195423,"low"
"KOR",1982,1,"WVS",NA,NA,NA,NA,NA,0,5.33475026567481,0.10031937789917,0.59950566865243,0.0595776361462055,NA,NA,NA,NA,NA,NA,6949.98088274971,"growth",4675.53053701243,"wb",39326352,NA,4675.53053701243,0.0498195413544511,2840,3.84198360998181,"low"
"KOR",1990,2,"WVS",0.449470644850818,0.449470644850818,NA,0.0296,0.561576354679803,812,6.68597063621533,0.133999996185303,0.739851161168568,0.0658633478516732,1.21023077406878,NA,-0.799807747178873,0.0615763546798029,3.50931203171798,TRUE,14377.8839203268,"wb",9672.57845182894,"wb",42869283,14377.8839203268,9672.57845182894,0.0920130330981369,12656.3960621654,4.15769497301839,"middle"
"KOR",1996,3,"WVS",0.329867674858223,0.329867674858223,NA,0.0264635124298316,0.525443786982248,845,NA,0.20827880859375,0.787508147919442,0.0770605628023541,0.459813980702357,NA,-1.06882474783326,0.0254437869822485,1.47924496973063,FALSE,22139.7963785414,"wb",14894.3278834104,"wb",45524681,22139.7963785414,14894.3278834104,0.0676700766927514,19364.9413736143,4.34517362232037,"middle"
"KOR",2001,4,"WVS",0.831081081081081,0.831081081081081,NA,0.0233333333333333,0.467469879518072,830,6.21398124467178,0.256684461806447,0.798787704357425,0.0939525112496479,1.17487980510072,NA,-1.39290650176067,-0.0325301204819277,-1.87436736315168,FALSE,27440.6564915847,"wb",18460.4288193829,"wb",47370164,27440.6564915847,18460.4288193829,0.0429297993896487,23893.8970105335,4.43839449724106,"middle"
"KOR",2005,5,"WVS",0.489382239382239,0.489382239382239,NA,0.0575,0.511538461538461,780,6.39014202172097,0.315887393951416,0.813901352283669,0.111452863411556,0.437758057929119,NA,-0.661816804040893,0.0115384615384615,0.644503386635487,FALSE,32886.0472450743,"wb",22123.7613066851,"wb",48184561,32886.0472450743,22123.7613066851,0.0439053883387238,28640.7062360909,4.51701167637667,"high"
"KOR",2010,6,"WVS",0.525812619502868,0.525812619502868,NA,0.08,0.505249343832021,762,6.61059714045416,0.353209915161133,0.819685075986486,0.131461867365747,0.397882371877863,NA,-0.496690192881495,0.00524934383202103,0.289809422400889,FALSE,39574.0500732947,"wb",26623.0487122927,"wb",49554112,39574.0500732947,26623.0487122927,0.0370250260709017,34394.4904890551,4.59741049895126,"high"
"KOR",2018,7,"WVS",0.495111111111111,0.495111111111111,1,0.0859437751004016,0.547274749721913,899,6.72690763052209,0.453113742089373,0.813823523035196,0.165594489436908,0.088639024014747,0.206011738652648,-0.655848660505078,0.0472747497219133,2.83490872035155,TRUE,48834.4471157733,"wb",32852.8887488942,"wb",51585058,48834.4471157733,32852.8887488942,0.026800688700051,41965.890535091,4.68872627517289,"high"
"KWT",2014,6,"WVS",0.436500470366886,0.436500470366886,NA,0.0240963855421687,0.351145038167939,786,7.20932069510269,0.143969802856445,1,0.0284085309984631,1.10918587766686,NA,-0.164627635584282,-0.148854961832061,-8.34650358757514,TRUE,60065.6544076232,"wb",31073.1537300624,"wb",3665876,60065.6544076232,31073.1537300624,-0.0245085732867771,55583.5616687852,4.77862621301848,"high"
"LBN",2013,6,"WVS",0.377212389380531,0.377212389380531,NA,0.0316666666666667,0.543147208121827,591,6.50377200335289,NA,0.882165478464663,0.0846223688402513,NA,NA,-0.982934035825519,0.0431472081218274,2.0978596779638,TRUE,16396.4969302163,"wb",8443.53856528784,"wb",5743436,16396.4969302163,8443.53856528784,0.0184025132098739,18158.5628658959,4.21475107204874,"middle"
"LBN",2018,7,"WVS",0.336683417085427,0.336683417085427,1,0.085,0.496522948539638,719,6.68333333333333,0.372118492126465,0.89272833088641,0.11483775845188,-0.10006925712719,0.113472965122056,-0.300869079692571,-0.00347705146036159,-0.186468535157049,FALSE,16290.0516478592,"wb",8388.7235123835,"wb",5984119,16290.0516478592,8388.7235123835,-0.00130262341272136,17937.5684669932,4.21192246124802,"middle"
"LBY",2014,6,"WVS",0.335864485981308,0.335864485981308,NA,0.0427029563585171,0.511591962905719,1294,7.26089015151515,0.2911,0.880142059326172,0.0641521106921013,0.143040912326223,NA,-0.406988839568969,0.0115919629057187,0.833977082624652,FALSE,12499.0829968523,"wb",7644.24843947404,"wb",6427252,12499.0829968523,7644.24843947404,-0.0991388524184448,19569.9004889534,4.09687815188682,"middle"
"LBY",2022,7,"WVS",0.590998043052838,0.590998043052838,1,0.0278481012658228,0.416555407209613,749,7.92887746358183,NA,0.878486088593786,0.0664243290331232,NA,0.129555206888692,-0.869298603595764,-0.0834445927903872,-4.56740059526169,TRUE,11450.0598552928,"wb",7002.68189296358,"wb",7223805,11450.0598552928,7002.68189296358,-0.0596393260375642,19796.5874982858,4.05880775696022,"middle"
"LTU",1997,3,"WVS",0.223638470451912,0.223638470451912,NA,0.161546085232904,0.452135493372607,679,4.98694779116466,0.351799079752246,0.671859759231267,0.16437193820095,-0.453029439669967,NA,-0.0173413164088833,-0.0478645066273932,-2.49447105847334,TRUE,14050.349878771,"wb",5685.44901491024,"wb",3575137,14050.349878771,5685.44901491024,-0.0168606844192965,12302.1012042126,4.14768713908292,"middle"
"LTU",2018,7,"EVS",0.444376163482114,0.431693989071038,NA,0.235678520562313,0.567750677506775,738,6.75390559099247,0.359516875448363,0.671464742010457,0.232256452151487,0.211910301296648,NA,0.0146265170098816,0.0677506775067751,3.68105086916155,TRUE,41035.4018152732,"wb",16604.9021440809,"wb",2819200,41035.4018152732,16604.9021440809,0.0467190236877645,35446.708082914,4.61315869035587,"high"
"LVA",1996,3,"WVS",0.303482587064677,0.303482587064677,NA,0.103333333333333,0.493598862019915,703,4.89831932773109,0.15293868164773,0.688495525824891,0.17493073110816,0.685287167579366,NA,-0.526430064515045,-0.00640113798008535,-0.339441428882121,FALSE,11077.8618422597,"wb",4822.90414861125,"wb",2457222,11077.8618422597,4822.90414861125,-0.0655730188874806,9959.12103256898,4.0444559445335,"middle"
"LVA",2021,7,"EVS",0.30998282009643,0.381260096930533,NA,0.255709896372549,0.619964973730298,571,6.91499968552293,0.354262377898437,0.681808791463693,0.248180659874632,-0.133520942199486,NA,0.0298866364106825,0.119964973730298,5.73327156186601,TRUE,36912.0130602161,"wb",16070.1680032322,"wb",1884490,36912.0130602161,16070.1680032322,0.0306428181038356,32080.2038179281,4.56716773083921,"high"
"MAC",2019,7,"WVS",0.346278317152104,0.346278317152104,1,0.0984009840098401,0.561619718309859,568,6.45988258317025,0.238560104370117,1,0.123663657202152,0.372621548029475,0,-0.22851463424244,0.0616197183098591,2.93713475403841,TRUE,133453.896026037,"wb",75724.6078280261,"wb",672000,133453.896026037,75724.6078280261,-0.0397697862736383,122822.12445644,5.12533125701383,"high"
"MAR",2001,4,"WVS",0.180379746835443,0.180379746835443,1,0.0128205128205128,0.48489666136725,629,5.8617106314948,0.0336803155027975,0.538972613497219,0.0662879349747911,1.67815077623927,0.618090519202187,-1.64296145209209,-0.0151033386327504,-0.757579611687454,FALSE,5417.57861328125,"wb",2078.96606445313,"wb",28814643,5417.57861328125,2078.96606445313,0.0194112254960448,5071.32177734375,3.73380522198845,"low"
"MAR",2007,5,"WVS",0.0452310717797444,0.0452310717797443,NA,0.03,0.434514637904468,649,5.25229741019215,0.0336803155027975,0.565303841299064,0.0703334206462998,0.294870722432164,NA,-0.852049704561615,-0.0654853620955316,-3.33654185591015,TRUE,6620.59033203125,"wb",2540.615234375,"wb",31186468,6620.59033203125,2540.615234375,0.0354910721224092,6212.34228515625,3.8208967154991,"low"
"MAR",2011,6,"WVS",0.0436941410129096,0.0436941410129096,NA,0.0366666666666667,0.485362095531587,649,5.94458653026428,0.0371443515051332,0.58902576690412,0.0740731614512304,0.162402306200431,NA,-0.70318519592916,-0.014637904468413,-0.745815238379917,FALSE,7503.79296875,"wb",2879.53930664063,"wb",32912588,7503.79296875,2879.53930664063,0.0290700902625408,7052.72705078125,3.87528084325883,"low"
"MAR",2021,7,"WVS",0.234131113423517,0.234131113423517,1,0.0433333333333333,0.483483483483483,666,6.68166666666667,NA,0.623173276600289,0.0985144440829514,NA,0.472930666281647,-0.821281016075968,-0.0165165165165165,-0.852482684121342,FALSE,8623.265625,"wb",3309.130859375,"wb",36954442,8623.265625,3309.130859375,0.0114870585546665,8058.39697265625,3.93567176400798,"low"
"MDA",1996,3,"WVS",0.131516587677725,0.131516587677725,NA,0.1353001017294,0.485955056179775,712,3.72505091649694,0.19546,0.450867500305176,0.131309654897952,-0.396222769212176,NA,0.0299369753367634,-0.0140449438202247,-0.74953168899586,FALSE,6063.14051693664,"wb",1425.9518091471,"wb",2947293,6063.14051693664,1425.9518091471,-0.157738710035332,5298.33801553158,3.78269763338803,"low"
"MDA",2002,4,"WVS",0.431137724550898,0.431137724550898,NA,0.121031746031746,0.546478873239437,710,4.55783009211873,0.123293706114074,0.39620719909668,0.132437760261978,1.25185822201753,NA,-0.0900599261108178,0.0464788732394367,2.47693586263465,TRUE,6580.27841436838,"wb",1547.57421231612,"wb",2911385,6580.27841436838,1547.57421231612,0.0123628648830865,5750.24430774866,3.81824426918628,"low"
"MDA",2006,5,"WVS",0.152662721893491,0.152662721893491,NA,0.134799235181644,0.485422740524781,686,5.45052833813641,0.305661392211914,0.392182388305664,0.132215050857684,-0.694246871875678,NA,0.0193567546477689,-0.0145772594752187,-0.763603548321212,FALSE,8577.02858037286,"wb",2017.17730062908,"wb",2880967,8577.02858037286,2017.17730062908,0.06848674949797,7495.12508199306,3.93333685723604,"low"
"MDV",2021,7,"WVS",0.247924080664294,0.247924080664294,1,0.0617760617760618,0.552129221732746,681,7.30183220829315,0.109562445273248,0.407398648710483,0.0495744092957519,0.816627909766349,0.897963092056781,0.220041180553079,0.0521292217327459,2.72072591159968,TRUE,19052.6224904311,"wb",9759.2219360708,"wb",516154,19052.6224904311,9759.2219360708,-0.00304769952466515,18765.2163511231,4.27995476241245,"middle"
"MEX",1981,1,"WVS",NA,NA,NA,0.00326619488296135,NA,0,7.96457765667575,0.0532739019393921,0.669107345260143,0.0551503874364302,NA,NA,-2.40062585838,NA,NA,NA,18960.3079234513,"growth",8875.07151181967,"wb",68892108,NA,8875.07151181967,0.0519347436844996,7498,4.27784538618611,"middle"
"MEX",1990,2,"WVS",NA,NA,NA,0.0222077073807969,0.409210526315789,760,7.4108322324967,0.0916987991333008,0.714590077199915,0.067225602677439,NA,NA,-1.10761475925318,-0.0907894736842105,-5.00578612575908,TRUE,17169.5925859795,"wb",8036.86114405886,"wb",82820170,17169.5925859795,8036.86114405886,-0.00387668155238714,15218.3084360329,4.23475998999142,"middle"
"MEX",1996,3,"WVS",0.205405405405405,0.205405405405405,NA,0.033112582781457,0.497048406139315,847,7.68657718120805,0.18328,0.736269922663634,0.071197784623508,0.113970575484958,NA,-0.76554834849417,-0.00295159386068478,-0.171802033186013,FALSE,17775.8727889128,"wb",8320.65295687947,"wb",92452702,17775.8727889128,8320.65295687947,0.00299421191028593,15825.0937520662,4.24983093362701,"middle"
"MEX",2000,4,"WVS",0.299313893653516,0.299313893653516,0.993485342019544,0.0653167864141084,0.524390243902439,984,8.14342629482072,0.0902966976165771,0.749203113970256,0.0763415076130469,1.19839194576492,0.282209181047228,-0.155967726474023,0.024390243902439,1.53018411135201,FALSE,20470.4937669158,"wb",9581.96970202823,"wb",98625552,20470.4937669158,9581.96970202823,0.0368236674983841,17942.780345094,4.31112831836649,"middle"
"MEX",2005,5,"WVS",0.196825396825397,0.196825396825397,0.9,0.083974358974359,0.515748031496063,1016,8.22685185185185,0.121078195571899,0.764748624380269,0.0835789590416278,0.485880443934984,0.16284757907848,0.00471969963224419,0.015748031496063,1.00392928822105,FALSE,20277.2552852007,"wb",9491.51730268004,"wb",105811504,20277.2552852007,9491.51730268004,-0.00189693845518057,17883.5354077201,4.30700916884852,"middle"
"MEX",2012,6,"WVS",0.174757281553398,0.174757281553398,NA,0.069,0.511773940345369,1274,8.5125,0.163126907348633,0.766585199140734,0.0885191754539053,0.0688695780813959,NA,-0.249112695742221,0.0117739403453689,0.84049772202079,FALSE,20898.935720908,"wb",9782.51776251839,"wb",116818208,20898.935720908,9782.51776251839,-0.0019364654283315,18838.7838966163,4.32012417021126,"middle"
"MEX",2018,7,"WVS",0.138794854434665,0.138794854434665,1,0.138585393904543,0.482352941176471,1190,8.13735632183908,0.164495906829834,0.780271223924494,0.0975299100253547,-0.169888711813276,0.248113696760004,0.351327597668029,-0.0176470588235294,-1.21751917487014,FALSE,21997.7730219494,"wb",10296.8690940459,"wb",124573711,21997.7730219494,10296.8690940459,0.0111462301924085,20278.2163070623,4.34237871658433,"middle"
"MKD",1998,3,"WVS",0.245327102803738,0.245327102803738,NA,0.0542713567839196,0.472041612483745,769,5.70173646578141,NA,0.593418252359274,0.122733953148999,NA,NA,-0.816022441830775,-0.0279583875162549,-1.55061965884543,FALSE,11092.8286175909,"wb",3038.13983382569,"wb",2007523,11092.8286175909,3038.13983382569,0.00600527179973085,9461.01921295634,4.04504230326125,"middle"
"MKD",2001,4,"WVS",0.278212290502793,0.278212290502793,NA,0.123222748815166,0.447643979057592,764,5.12357414448669,NA,0.580943199277127,0.129510287029823,NA,NA,-0.0497666309808553,-0.0523560209424084,-2.89429842116969,TRUE,11571.8112316434,"wb",3169.32514368931,"wb",2034882,11571.8112316434,3169.32514368931,0.0184603822528739,9869.54113918858,4.06340134048543,"middle"
"MKD",2019,7,"EVS",0.192721786359232,0.394678492239468,NA,0.173787819270864,0.511013215859031,681,7.28736870360261,0.199681690611266,0.606286848102132,0.190420443586656,-0.0354769242896044,NA,-0.0913993627443592,0.0110132158590308,0.574801248929509,FALSE,21766.8842062487,"wb",5961.58475399191,"wb",1876262,21766.8842062487,5961.58475399191,0.0330411599268153,16773.081717702,4.33779626694291,"middle"
"MLI",2007,5,"WVS",0.0718390804597701,0.0718390804597701,NA,0.0560224089635854,0.513736263736264,1092,6.09230769230769,0.017580078262782,0.217398043631622,0.0542146693262477,1.40766228002089,NA,0.0328002471546843,0.0137362637362637,0.9078412990032,FALSE,2515.94692366143,"wb",784.893915013531,"wb",14457775,2515.94692366143,784.893915013531,0.00485404594862562,1925.06343823198,3.4007014750069,"low"
"MMR",2020,7,"WVS",0.0923694779116466,0.0923694779116466,1,0.0575,0.482204362801378,871,7.2,0.0935006999969482,0.301593049968842,0.0869398267292649,-0.0121723244184144,1.19867668698374,-0.413431284763233,-0.0177956371986223,-1.05039492873613,FALSE,5926.83450206681,"wb",1301.31386350667,"wb",53016522,5926.83450206681,1301.31386350667,0.0218333670870013,4947.09396139339,3.77282280038856,"low"
"MNE",1996,3,"WVS",0.194174757281553,0.194174757281553,NA,0.0708333333333333,0.482142857142857,168,6.21030042918455,NA,0.540859585564272,0.128440253030403,NA,NA,-0.595134139551065,-0.0178571428571428,-0.462910049886276,FALSE,14638.7363489702,"nearest",4448.0424963957,"nearest",611003,NA,NA,NA,12579,4.16550358899318,"middle"
"MNE",2001,4,"WVS",0.565874730021598,0.565874730021598,NA,0.121928166351607,0.483594864479315,701,5.63929618768328,0.154417400360107,0.601387879596705,0.145881920095217,1.2987134007833,NA,-0.179365457083609,-0.0164051355206847,-0.868698010790573,FALSE,14552.4956785923,"wb",4421.83790075206,"wb",607389,14552.4956785923,4421.83790075206,-0.00118173732719953,12505.1770585822,4.16293747899187,"middle"
"MNE",2019,7,"EVS",0.152015621335025,0.22737556561086,NA,0.166206089055332,0.457038391224863,547,7.53869162264413,0.238347651285551,0.651686759904159,0.19858721681713,-0.44974704003888,NA,-0.177999864394164,-0.0429616087751371,-2.00957488660236,TRUE,24585.1159529158,"wb",7470.29237568568,"wb",626753,24585.1159529158,7470.29237568568,0.0349649580211995,21533.963774298,4.39067226093176,"middle"
"MNG",2020,7,"WVS",0.56140350877193,0.56140350877193,1,0.061050061050061,0.509450171821306,1164,6.45604395604396,0.341467399597168,0.680894771770775,0.0640501036481481,0.497187701873473,0.384347504932484,-0.0479714460222862,0.00945017182130581,0.644831419936602,FALSE,14801.3420829185,"wb",4066.03410882791,"wb",3327204,14801.3420829185,4066.03410882791,0.0114953392250758,11666.779701199,4.17030109598821,"middle"
"MYS",2006,5,"WVS",0.128950695322377,0.128950695322377,NA,0.00166666666666667,0.528,625,6.8375,0.17568,0.679191992840997,0.0640004365368091,-0.309234033822411,NA,-2.54945199178995,0.028,1.4,FALSE,21444.4857715028,"wb",7469.8106921211,"wb",26417909,21444.4857715028,7469.8106921211,0.0329582429978093,18535.0517667065,4.3313156365263,"middle"
"MYS",2012,6,"WVS",0.114018691588785,0.114018691588785,NA,0.0438461538461538,0.496651785714286,896,7.13384615384615,0.2228,0.719680127926087,0.0717378610790355,-0.669912111793687,NA,-0.492331653392068,-0.0033482142857143,-0.200445931434319,FALSE,25006.3587781537,"wb",8710.52671359902,"wb",29662831,25006.3587781537,8710.52671359902,0.0228627945992869,21690.4540176525,4.39805045791674,"middle"
"MYS",2018,7,"WVS",0.30259623992838,0.30259623992838,1,0.0289413556740289,0.489182692307692,832,6.98933739527799,0.198047326405843,0.745634625145296,0.0834179977062862,0.423893351010956,0.293519577384713,-1.0585925215131,-0.0108173076923077,-0.624037720753384,FALSE,30459.9655338061,"wb",10610.1950240479,"wb",32910967,30459.9655338061,10610.1950240479,0.0337017454360033,26835.8064127879,4.4837294075855,"high"
"NGA",1990,2,"WVS",0.450437317784256,0.450437317784257,NA,0.01998001998002,0.478339350180505,554,6.58575727181545,NA,0.351866181650421,0.057376984726879,NA,NA,-1.05491048675112,-0.0216606498194946,-1.01966229278901,FALSE,5423.80689586993,"wb",1577.19616627771,"wb",97120925,5423.80689586993,1577.19616627771,0.0197449159335777,3259.58117509029,3.73430421892114,"low"
"NGA",1995,3,"WVS",0.409712722298222,0.409712722298222,NA,0.0182833925850686,0.52896725440806,1191,6.59175465057818,NA,0.391364103583649,0.0556148761670311,NA,NA,-1.11245758363143,0.0289672544080605,1.99937017790912,TRUE,4797.5115213682,"wb",1395.07488456803,"wb",110819428,4797.5115213682,1395.07488456803,-0.0245401195555546,2895.35058850418,3.68101602638002,"low"
"NGA",2000,4,"WVS",0.34113475177305,0.34113475177305,NA,0.013353115727003,0.568159203980099,1005,6.87438180019782,NA,0.432785051250243,0.0539836265679938,NA,NA,-1.39693104347644,0.0681592039800994,4.3215300404541,TRUE,4889.00321921229,"wb",1421.67987952016,"wb",126382494,4889.00321921229,1421.67987952016,0.00377821832477867,2963.27409777631,3.68922032322941,"low"
"NGA",2012,6,"WVS",0.197301854974705,0.197301854974705,NA,0.0221716884593519,0.563817980022198,901,6.26208072768619,NA,0.53302114902293,0.0541922086842679,NA,NA,-0.893720966525411,0.0638179800221975,3.83120547675342,TRUE,8265.90551181051,"wb",2403.65387896987,"wb",176200625,8265.90551181051,2403.65387896987,0.0346960291738437,5045.47172028816,3.91729043652108,"low"
"NGA",2018,7,"WVS",0.121590909090909,0.121590909090909,1,0.0242522231204527,0.556834532374101,695,5.61731391585761,0.154628235629544,0.581553347527729,0.0525727126614782,-0.240361550177825,0.542052569997116,-0.773688926189457,0.0568345323741007,2.99664080515298,TRUE,8362.62330860296,"wb",2431.77857832597,"wb",204938755,8362.62330860296,2431.77857832597,-0.00516050093858667,5089.77763402092,3.92234253458467,"low"
"NIC",2020,7,"WVS",0.207017543859649,0.207017543859649,1,0.03,0.497093023255814,688,7.94333333333333,NA,0.587045922689128,0.0741718527064369,NA,0.532652229353546,-0.905187352963185,-0.00290697674418605,-0.152498570332605,FALSE,6523.36944661195,"wb",1950.19181218473,"wb",6565267,6523.36944661195,1950.19181218473,-0.0123542634290512,5230.56142287352,3.81447197519294,"low"
"NIR",2022,7,"WVS",0.397333333333333,0.397333333333333,1,0.28125,0.482213438735178,253,7.48654708520179,0.486701393127441,0.830753982997505,0.229818429669325,-0.202875220272704,0.185421577299095,0.201954392584626,-0.0177865612648221,-0.565825152115739,FALSE,53979.7679116234,"wb",48410.095170282,"wb",1900000,NA,NA,0.00582940036344546,34575,4.73223101295636,"high"
"NLD",2006,5,"WVS",0.201129943502825,0.201129943502825,NA,0.158095238095238,0.501557632398754,642,7.72163965681602,0.251791852720268,0.846532280358545,0.174212766336367,-0.224651580665868,NA,-0.0970797230590513,0.00155763239875384,0.078933703796383,FALSE,60391.5155033324,"wb",43841.0915818567,"wb",16346101,60391.5155033324,43841.0915818567,0.0119549578525774,51097.3626113331,4.78097592820868,"high"
"NLD",2012,6,"WVS",0.34533183352081,0.34533183352081,NA,0.290220820189274,0.508571428571429,1225,7.49256110520723,0.292833499908447,0.885342462391333,0.197531913269633,0.164901603257231,NA,0.384741924691005,0.00857142857142856,0.599999999999999,FALSE,61480.8416416324,"wb",44631.8855633239,"wb",16754962,61480.8416416324,44631.8855633239,-0.0036132415132947,51860.0559942119,4.78873980414024,"high"
"NLD",2017,7,"EVS",0.298374785061618,0.424324324324324,NA,0.235164579594018,0.498814229249012,1265,7.83567374040789,0.336621976897977,0.911219700676602,0.219847243689389,-0.120610206173522,NA,0.0673526494038854,-0.00118577075098814,-0.0843482335673295,FALSE,65665.9910229578,"wb",47670.0858101833,"wb",17131296,65665.9910229578,47670.0858101833,0.0131711085536079,55088.6338006744,4.81734050296715,"high"
"NLD",2022,7,"WVS",0.500794912559618,0.500794912559618,1,0.268997668997669,0.502758077226162,1269,7.35724672806592,0.388489626093683,0.949856177734136,0.235103570790914,0.253930194117707,0.051444697707259,0.13467657030563,0.00275807722616228,0.196502114915517,FALSE,71324.0360229425,"wb",51777.5314828276,"wb",17700982,71324.0360229425,51777.5314828276,0.016530446141164,58584.6237903865,4.85323591067968,"high"
"NOR",1996,3,"WVS",0.331632653061225,0.331632653061224,NA,0.14019520851819,0.518377693282636,789,7.65803571428571,0.246794263286933,0.741999969482422,0.196972662834529,0.295472842266515,NA,-0.340029153802166,0.0183776932826363,1.03242733903791,FALSE,68964.9756218258,"wb",60732.7551542334,"wb",4381336,68964.9756218258,60732.7551542334,0.0348046811975003,51678.4038047188,4.83862858702707,"high"
"NOR",2007,5,"WVS",0.50109409190372,0.50109409190372,NA,0.154146341463415,0.485250737463127,678,7.95503421309873,0.288691291809082,0.784072502632828,0.181293878182744,0.551435968888264,NA,-0.16221693052546,-0.0147492625368731,-0.768095372642568,FALSE,87670.8617980792,"wb",77205.7545984008,"wb",4709153,87670.8617980792,77205.7545984008,0.0214556778711607,64477.9879829163,4.94285527565792,"high"
"NOR",2018,7,"EVS",0.376949132085964,0.497991967871486,NA,0.217120713026138,0.483185840707965,565,8.00729593853677,0.414345053946336,0.822452112401723,0.207444640642769,-0.0945888401354127,NA,0.0455889681074816,-0.0168141592920354,-0.799336007632175,FALSE,90064.0687974358,"wb",79313.2889434042,"wb",5311916,90064.0687974358,79313.2889434042,0.00929580974105946,64696.4908872919,4.95455156306172,"high"
"NZL",1998,3,"WVS",0.330409356725146,0.330409356725146,NA,0.189991518235793,0.528894472361809,796,7.70136518771331,0.24658239364624,0.856005599181034,0.15044018749004,0.292636168856637,NA,0.233413850420598,0.0288944723618091,1.63042677151917,FALSE,33565.7312220905,"wb",28766.2686680046,"wb",3815000,33565.7312220905,28766.2686680046,0.0189422139257253,30529.7676508616,4.525896112634,"high"
"NZL",2004,5,"WVS",0.467517401392111,0.467517401392111,NA,0.196120689655172,0.536776212832551,639,7.89212513484358,0.280037376403809,0.859017708294597,0.151925666087564,0.512513488848035,NA,0.255338870942582,0.0367762128325508,1.8592912645037,FALSE,40091.1399487332,"wb",34358.6289046143,"wb",4087500,40091.1399487332,34358.6289046143,0.0260943931478689,36461.4598789337,4.6030484051257,"high"
"NZL",2011,6,"WVS",0.521970705725699,0.521970705725699,NA,0.248792270531401,0.569727891156463,588,7.64897466827503,0.368750190734863,0.858233151875134,0.167761565182011,0.347492042107483,NA,0.394074576948317,0.0697278911564626,3.38162300525352,TRUE,41961.9202263641,"wb",35961.911959259,"wb",4384000,41961.9202263641,35961.911959259,0.00174771123165449,38100.7250000863,4.6228553537978,"high"
"NZL",2020,7,"WVS",0.574489795918367,0.574489795918367,1,0.393968871595331,0.550068587105624,729,7.54536585365854,0.366420288085938,0.838138977095908,0.192893648291099,0.449701332776588,0.176571348460749,0.71413290817368,0.0500685871056241,2.7037037037037,TRUE,46326.3804672976,"wb",39702.3112090418,"wb",5072400,46326.3804672976,39702.3112090418,0.00537909614384233,42052.1409677726,4.66582836960771,"high"
"PAK",1997,3,"WVS",0.199021207177814,0.199021207177814,NA,0.0313778990450205,0.481203007518797,532,NA,0.09762,0.323647607033211,0.0617941653193016,0.712328997320181,NA,-0.677705154672852,-0.018796992481203,-0.867109969524121,FALSE,3462.58145605889,"wb",1028.99804758369,"wb",142531804,3462.58145605889,1028.99804758369,0.00340550542678422,3319.86947219481,3.53939999882363,"low"
"PAK",2001,4,"WVS",0.347852389594676,0.347852389594676,NA,0.03,0.566237698713096,1321,4.85292380389841,0.12512,0.331988471664032,0.0610992988827274,1.02250494516146,NA,-0.711303009535112,0.0662376987130961,4.81489299461407,TRUE,3559.72784658715,"wb",1057.86767778646,"wb",159270907,3559.72784658715,1057.86767778646,0.00189596997647179,3382.20483841959,3.55141679593818,"low"
"PAK",2012,6,"WVS",0.053156146179402,0.053156146179402,NA,0.0191666666666667,0.481735159817352,876,7.47833333333333,0.0806536192811808,0.352160229383731,0.061662146900881,-0.416929943485318,NA,-1.16849758108969,-0.0182648401826484,-1.08117980543918,FALSE,4292.02110293486,"wb",1275.48806898966,"wb",207667125,4292.02110293486,1275.48806898966,0.00159513111730778,4150.32564036774,3.63266184863073,"low"
"PAK",2018,7,"WVS",0.102333931777379,0.102333931777379,1,0.0196374622356495,0.492744860943168,1654,7.66935483870968,0.0871902627479724,0.367478511550359,0.063738778104938,0.160148647943813,1.00109043401061,-1.17735405831036,-0.00725513905683195,-0.590124287525886,FALSE,5255.06350681272,"wb",1561.68169819559,"wb",226928892,5255.06350681272,1561.68169819559,0.0351929069399434,5113.43429232337,3.72057796879274,"low"
"PER",1996,3,"WVS",0.234762979683973,0.234762979683973,NA,0.0264244426094137,0.525658807212205,721,6.36188077246012,0.125402687858136,0.71271133088093,0.0610867830232041,0.627046345833854,NA,-0.838006087416351,0.0256588072122053,1.37795200703914,FALSE,7436.18931908276,"wb",3186.90077024092,"wb",24811171,7436.18931908276,3186.90077024092,0.0324733776628372,6171.95520218406,3.87135043801034,"low"
"PER",2001,4,"WVS",0.610762331838565,0.610762331838565,1,0.016655562958028,0.532183908045977,870,6.44026845637584,0.173717352357006,0.731565814081586,0.06866700110467,1.25727833455153,0.312568091165743,-1.41652447834909,0.032183908045977,1.89857781013827,FALSE,7610.63949294843,"wb",3261.6642505136,"wb",26964601,7610.63949294843,3261.6642505136,0.00463773444910203,6329.41288016819,3.88142115040923,"low"
"PER",2006,5,"WVS",0.208226221079691,0.208226221079692,1,0.062,0.522752497225305,901,7.0248322147651,0.169434299468994,0.752766672012397,0.0884465781841744,0.206159852109501,0.283999963725544,-0.355264348370016,0.0227524972253053,1.36590803953818,FALSE,9546.62529545456,"wb",4091.36268615581,"wb",28324491,9546.62529545456,4091.36268615581,0.045328103651261,7938.43495182095,3.97984987686364,"low"
"PER",2012,6,"WVS",0.209227467811159,0.209227467811159,NA,0.0925619834710744,0.525399129172714,689,7.13432835820895,0.221546897888184,0.786488061451268,0.106529550273873,-0.0572122728283839,NA,-0.140543902336398,0.025399129172714,1.33339380607905,FALSE,13393.5923851679,"wb",5740.04346272472,"wb",29550366,13393.5923851679,5740.04346272472,0.052818615214488,11084.8739365499,4.12689707766974,"middle"
"PER",2018,7,"WVS",0.203345070422535,0.203345070422535,1,0.0771428571428571,0.50445434298441,898,7.63467048710602,0.219098300933838,0.826854929960921,0.115510312296078,-0.0746161015965241,0.190126016563595,-0.403700819421992,0.00445434298440983,0.266963457706402,FALSE,15384.1846082423,"wb",6593.14437459526,"wb",31897584,15384.1846082423,6593.14437459526,0.0181400772256247,12696.2362890388,4.18707448273978,"middle"
"PHL",1996,3,"WVS",0.321232123212321,0.321232123212321,NA,0.0475,0.514492753623188,828,6.83986655546289,0.31062,0.37713489030079,0.0487923330170856,0.0335936869310751,NA,-0.0268434791697666,0.0144927536231884,0.834057656228296,FALSE,4631.77197705972,"wb",1752.23800104559,"wb",72190242,4631.77197705972,1752.23800104559,0.0112514438276705,4337.19641301663,3.66574717085274,"low"
"PHL",2001,4,"WVS",0.599169262720665,0.599169262720665,NA,0.0775,0.521158129175947,898,6.65166666666667,0.0861266040802002,0.395375185608843,0.049350215839801,1.93972577950764,NA,0.451335796835859,0.0211581291759465,1.2680764241054,FALSE,4778.4008437474,"wb",1807.70892524758,"wb",81401488,4778.4008437474,1807.70892524758,0.00623328554055238,4495.36104914987,3.67928257842469,"low"
"PHL",2012,6,"WVS",0.278578290105668,0.278578290105668,NA,0.0983333333333333,0.507027027027027,925,7.335,0.266534067789714,0.479182784810426,0.052675278635531,0.0441970638041284,NA,0.62421681828437,0.00702702702702707,0.427437366993931,FALSE,6697.55620962768,"wb",2533.74141964959,"wb",100175512,6697.55620962768,2533.74141964959,0.0274000514015142,6298.16008566834,3.82591636713709,"low"
"PHL",2019,7,"WVS",0.161413562559694,0.161413562559694,1,0.114166666666667,0.508474576271186,885,7.36833333333333,0.281452407836914,0.537157859948017,0.0657594941998893,-0.555993583953047,0.621463261289279,0.551655309923349,0.00847457627118642,0.504219484089609,FALSE,9452.2939715981,"wb",3575.88170922922,"wb",110804683,9452.2939715981,3575.88170922922,0.0505738713130802,8731.86086888555,3.97553721997023,"low"
"POL",1989,2,"WVS",NA,NA,NA,0.106109324758842,0.503597122302158,695,6.63900862068966,0.0787414979934692,0.612259791140646,0.132602590551456,NA,NA,-0.222886685878694,0.00359712230215825,0.189660810452719,FALSE,13623.1218654128,"imf",3031.93979286156,"imf",37961529,NA,NA,-0.0581217475920663,7000,4.13427664161216,"middle"
"POL",1997,3,"WVS",0.1259765625,0.1259765625,NA,0.196877710320902,0.497229916897507,722,6.42119089316988,0.117008555366943,0.616758780811754,0.148058659993576,0.0738488228255566,NA,0.284974229648853,-0.00277008310249305,-0.148864585512956,FALSE,16031.7211485265,"wb",6391.13172823376,"wb",38649660,16031.7211485265,6391.13172823376,0.055592362028445,13985.4335763903,4.20498015025069,"middle"
"POL",2005,5,"WVS",0.10887573964497,0.10887573964497,NA,0.179,0.486798679867987,606,7.01617795753286,0.152763823243564,0.615497010774856,0.158467747836886,-0.33868586114941,NA,0.121834716907988,-0.0132013201320132,-0.64995557096191,FALSE,21568.9476594356,"wb",8598.57681241557,"wb",38165445,21568.9476594356,8598.57681241557,0.0299807240401098,18844.5574819997,4.33382895656063,"middle"
"POL",2012,6,"WVS",0.257378984651712,0.257378984651712,NA,0.18944099378882,0.53910149750416,601,7.06010362694301,0.217925491333008,0.606341632788866,0.165276421687328,0.166396425627272,NA,0.13645824247814,0.0391014975041597,1.91716998865281,FALSE,28952.9157305301,"wb",11542.2353368014,"wb",38063164,28952.9157305301,11542.2353368014,0.0335296780061984,25258.5933172132,4.46169230629891,"middle"
"POL",2017,7,"EVS",0.295289389609106,0.292522596548891,NA,0.194134065119589,0.532332563510393,866,7.56168404453187,0.261399778278172,0.60145888199417,0.194190159882241,0.121904904236694,NA,-0.000288906843459381,0.0323325635103926,1.90295746488564,FALSE,34354.5987616319,"wb",13695.6452848724,"wb",37974826,34354.5987616319,13695.6452848724,0.0342129948405642,29958.1207092074,4.53598488064212,"high"
"PRI",1995,3,"WVS",0.466902030008826,0.466902030008826,NA,0.155594405594406,0.658321060382916,679,8.0993091537133,NA,0.91464320458156,0.14027350444056,NA,NA,0.103658537379229,0.158321060382916,8.25094273187337,TRUE,31310.1801642693,"wb",21936.4179114827,"wb",3683103,31310.1801642693,21936.4179114827,0.0315654110788198,25288.1062238848,4.49568556663074,"high"
"PRI",2001,4,"WVS",0.854838709677419,0.854838709677419,NA,0.177622377622378,0.605326876513317,413,8.49372384937239,0.253258495330811,0.943774462314518,0.155154028101445,1.21650211968782,NA,0.13524146956322,0.105326876513317,4.28099013235457,TRUE,39568.5528383032,"wb",27722.3671872748,"wb",3818774,39568.5528383032,27722.3671872748,0.0444873096513547,31958.0967518315,4.59735016687375,"high"
"PRI",2018,7,"WVS",0.571,0.571,1,0.262222222222222,0.596885813148789,578,8.40463458110517,0.30377919149424,0.938986961132283,0.245541011992378,0.631088115934173,0.0629536857783961,0.0657283324422153,0.096885813148789,4.65858585252314,TRUE,41119.3088051648,"wb",28808.8518638025,"wb",3290690,41119.3088051648,28808.8518638025,-0.0021165998129085,34223.0927593609,4.61404580577745,"high"
"PRT",2020,7,"EVS",0.163763989704461,0.145118733509235,NA,0.183828218593156,0.530944625407166,614,7.36213130229355,0.225477790832519,0.611042566768691,0.263813709755082,-0.319795361369001,NA,-0.361241482258979,0.0309446254071661,1.5335551933154,FALSE,36852.2287338103,"wb",19778.7139525722,"wb",10297081,36852.2287338103,19778.7139525722,0.00577488446188461,32011.3251586829,4.56646375807094,"high"
"PSE",2013,6,"WVS",0.345597897503285,0.345597897503285,NA,0.051,0.5,676,5.62211055276382,0.225374507904053,0.848178459889593,0.0519286424385387,0.427512455231126,NA,-0.0180448826476656,0,0,FALSE,6142.20204342591,"wb",3309.63120243098,"wb",4076708,6142.20204342591,3309.63120243098,0.0417577742585662,6118.25718135648,3.78832409815423,"low"
"QAT",2010,6,"WVS",0.475294117647059,0.475294117647059,NA,0.0332383665716999,0.514363885088919,731,8.01322001888574,0.3138,0.985066232166665,0.0100156197876008,0.415177967159993,NA,1.19955897520347,0.0143638850889193,0.776713057528074,FALSE,132502.281828313,"wb",74271.9022959058,"wb",1616832,132502.281828313,74271.9022959058,0.0311634447834535,103902.519309744,5.12222335734386,"high"
"ROU",1998,3,"WVS",0.159156279961649,0.159156279961649,NA,0.129943502824859,0.488054607508532,879,4.85980551053485,0.0785301332989199,0.532201892003114,0.160447312443941,0.70640419752585,NA,-0.210865854962457,-0.0119453924914676,-0.70831242022263,FALSE,14509.9931843509,"wb",4463.60791806212,"wb",22507344,14509.9931843509,4463.60791806212,0.0156925423165372,11894.8948267569,4.16166720844053,"middle"
"ROU",2005,5,"WVS",0.187618445988629,0.187618445988629,NA,0.219031531531532,0.532,1250,5.75331724969843,0.096945135376802,0.53074507031037,0.177550710430535,0.660265154092907,NA,0.209959438368955,0.032,2.26274169979695,TRUE,20570.925514681,"wb",6328.09022324183,"wb",21319685,20570.925514681,6328.09022324183,0.0651272014470539,16863.4810766196,4.31325383164984,"middle"
"ROU",2012,6,"WVS",0.23139880952381,0.23139880952381,NA,0.195333333333333,0.552475247524753,1010,6.64295302013423,0.132501697540283,0.539563092496073,0.193063669069038,0.55754721310929,NA,0.011687474856853,0.0524752475247525,3.33537891029603,TRUE,26767.4556487181,"wb",8234.28553425194,"wb",20058035,26767.4556487181,8234.28553425194,0.0191085396385066,21953.2303312849,4.42760709176081,"middle"
"ROU",2018,7,"EVS",0.15584565538027,0.203389830508475,NA,0.195513171969765,0.521199586349535,967,7.50273557909172,0.14873142441619,0.531445711571868,0.217128449178122,0.0467239701400648,NA,-0.104861357154213,0.0211995863495347,1.31847111483788,FALSE,34828.8958637884,"wb",10714.1701157127,"wb",19473970,34828.8958637884,10714.1701157127,0.0513527008177309,28736.0949971045,4.54193970679057,"high"
"ROU",2018,7,"WVS",0.180582524271845,0.180582524271845,1,0.220967741935484,0.595151515151515,825,7.18364073777065,0.14873142441619,0.531445711571868,0.217128449178122,0.194045712718162,0.632154228332557,0.0175276166567138,0.0951515151515151,5.46603839700891,TRUE,34828.8958637884,"wb",10714.1701157127,"wb",19473970,34828.8958637884,10714.1701157127,0.0513527008177309,28736.0949971045,4.54193970679057,"high"
"RUS",1990,2,"WVS",NA,NA,NA,0.103008669046405,0.52060737527115,1383,5.37486910994764,0.4828,0.737116088867188,0.129581637365909,NA,NA,-0.229497936701182,0.0206073752711496,1.53272332170913,FALSE,29643.595703125,"wb",7849.51904296875,"wb",147969406,29643.595703125,7849.51904296875,NA,21482.748046875,4.47193088147035,"middle"
"RUS",1995,3,"WVS",0.2061521856449,0.2061521856449,NA,0.181550539744848,0.49768875192604,1298,4.45314823996034,0.5558,0.729352798461914,0.150750072614272,-0.991793856005051,NA,0.185910753543844,-0.00231124807395994,-0.166538214496011,FALSE,18363.712890625,"wb",4862.646484375,"wb",148375787,18363.712890625,4862.646484375,-0.0957738855387127,13308.205078125,4.26396049412491,"middle"
"RUS",2006,5,"WVS",0.298412698412698,0.298412698412698,NA,0.11460895228726,0.512376237623762,1212,6.14831349206349,0.80298,0.732439193725586,0.163455956957438,-0.98985238460983,NA,-0.355017658722368,0.0123762376237624,0.86172748443214,FALSE,30022.671875,"wb",7949.89697265625,"wb",143049637,30022.671875,7949.89697265625,0.0694026329619288,21757.46484375,4.47744933977045,"high"
"RUS",2011,6,"WVS",0.29693924166286,0.29693924166286,NA,0.1652,0.481481481481481,1377,6.12697768762678,0.567686346311356,0.738534851074219,0.148847927305016,-0.648041514651331,NA,0.10423169844481,-0.0185185185185185,-1.37436854187256,FALSE,34444.64453125,"wb",9120.8203125,"wb",143018195,34444.64453125,9120.8203125,0.0274801554838771,24972.078125,4.53712170719201,"high"
"RUS",2017,7,"EVS",0.308560973835936,0.66687306501548,NA,0.151099001104822,0.451497005988024,835,6.37410038130798,0.481184228383535,0.74460036813029,0.172529801237787,-0.444330738006403,NA,-0.13263472391374,-0.0485029940119761,-2.80312058783423,TRUE,35570.703125,"wb",9418.99609375,"wb",145293260,35570.703125,9418.99609375,-0.000953550122589064,25926.443359375,4.55109244995636,"high"
"RUS",2017,7,"WVS",0.672682016179216,0.672682016179216,1,0.158563535911602,0.461267605633803,852,6.54651810584958,0.481184228383535,0.74460036813029,0.172529801237787,0.335022522915754,0.294907623143575,-0.0844146118668675,-0.0387323943661972,-2.26112274243085,TRUE,35570.703125,"wb",9418.99609375,"wb",145293260,35570.703125,9418.99609375,-0.000953550122589064,25926.443359375,4.55109244995636,"high"
"RWA",2007,5,"WVS",0.028003613369467,0.028003613369467,NA,0.0517584605175846,0.466981132075472,848,4.96540252827678,0.01522,0.169140836058266,0.0465607067665991,0.609723198325107,NA,0.105830924042263,-0.0330188679245283,-1.92304789528165,FALSE,1573.96811218011,"wb",493.803359157317,"wb",9549933,1573.96811218011,493.803359157317,0.0433589821553195,1253.81931174618,3.19699592951955,"low"
"RWA",2012,6,"WVS",0.141809290953545,0.141809290953545,NA,0.0222658808120498,0.502564102564103,975,6.46758349705305,0.0362481999397278,0.169410248882148,0.0480953907984454,1.36409341025311,NA,-0.770130848744357,0.00256410256410255,0.160128153805087,FALSE,2063.66474823031,"wb",647.436613845487,"wb",10829901,2063.66474823031,647.436613845487,0.0541767031102431,1637.72562206832,3.314639145562,"low"
"SAU",2003,4,"WVS",0.72778297474275,0.72778297474275,NA,0.00399467376830892,0.541905855338691,871,7.28179384203481,0.176377804279327,0.805414456330177,0.035198189574191,1.41737458256047,NA,-1.95155673629586,0.0419058553386912,2.4735106386367,TRUE,52234.649280791,"wb",20765.9387688082,"wb",18786767,52234.649280791,20765.9387688082,-0.021993926337824,40163.9611677465,4.71795868306712,"high"
"SGP",2002,4,"WVS",0.323499491353001,0.323499491353001,NA,0.0403439153439153,0.559782608695652,736,7.23809523809524,0.291275596618652,1,0.0790251662522066,0.104927655211002,NA,-0.672325775476053,0.0597826086956522,3.24372303540774,TRUE,68328.932172058,"wb",34598.8267483781,"wb",4175950,68328.932172058,34598.8267483781,0.0104634165362544,55491.8994487127,4.83460463372713,"high"
"SGP",2012,6,"WVS",0.275510204081633,0.275510204081633,NA,0.111913357400722,0.584092792046396,1207,6.97108066971081,0.395674705505371,1,0.0898430162965407,-0.361967756619031,NA,0.219661093320069,0.084092792046396,5.84308767440954,TRUE,102061.11936105,"wb",51679.352717333,"wb",5312437,102061.11936105,51679.352717333,0.0225074428481388,82886.7829947222,5.00886032717142,"high"
"SGP",2020,7,"WVS",0.507575757575758,0.507575757575758,1,0.179920477137177,0.529363110008271,1209,6.98556495769039,0.483171081542969,1,0.131908736844408,0.049275178757225,0,0.310404663662858,0.0293631100082713,2.04195044532783,TRUE,116684.213596572,"wb",59083.8574841572,"wb",5685807,116684.213596572,59083.8574841572,0.0119909231546423,94910.1014313726,5.06701210358904,"high"
"SLV",1999,3,"WVS",0.171891891891892,0.171891891891892,NA,0.076555023923445,0.529644268774704,759,7.49552481692433,0.1525,0.556870076151174,0.0705510691265411,0.119701147642477,NA,0.0816729169052677,0.0296442687747036,1.63339651944142,FALSE,7498.46741097206,"wb",2946.4330235012,"wb",5913900,7498.46741097206,2946.4330235012,0.0196874260028688,6464.53168554616,3.87497250832867,"low"
"SRB",1996,3,"WVS",0.205058717253839,0.205058717253839,NA,0.128526645768025,0.472189349112426,845,5.56126482213439,0.19072,0.534716215363434,0.172883349438608,0.0724899798779177,NA,-0.296480843465016,-0.027810650887574,-1.61684915296139,FALSE,10035.0139750021,"wb",3200.76825835814,"wb",7622185,10035.0139750021,3200.76825835814,NA,8245.98550496882,4.00151798163288,"middle"
"SRB",2001,4,"WVS",0.635426429240862,0.635426429240862,NA,0.17,0.501269035532995,788,5.62216624685139,0.132008399963379,0.560482321112049,0.195564417372362,1.57143075897289,NA,-0.140091388727642,0.00126903553299496,0.0712470499879114,FALSE,11879.1763909711,"wb",3788.98233947399,"wb",7503433,11879.1763909711,3788.98233947399,0.0337413218597117,9529.23465279688,4.07478633111185,"middle"
"SRB",2006,5,"WVS",0.258490566037736,0.258490566037736,NA,0.0934426229508197,0.474903474903475,777,6.00936170212766,0.0938823094058818,0.581709152910668,0.204959240274596,1.01281722803247,NA,-0.785463541791382,-0.0250965250965251,-1.39911720650164,FALSE,15727.4033683685,"wb",5016.41289322251,"wb",7411569,15727.4033683685,5016.41289322251,0.0561235288304527,12955.9774280394,4.19665702549187,"middle"
"SRB",2017,7,"WVS",0.392739273927393,0.392739273927393,1,0.179290508149569,0.554794520547945,584,6.70406189555126,0.207765407562256,0.60621208190918,0.232281628628828,0.636736371640839,0.500525383990929,-0.258943111133019,0.0547945205479452,2.64833884352758,TRUE,19438.9917129776,"wb",6200.26118592152,"wb",7020858,19438.9917129776,6200.26118592152,0.0154505718122465,16611.047931719,4.28867373462079,"middle"
"SRB",2018,7,"EVS",0.115337783648681,0.330609212481426,NA,0.210247112197293,0.535248041775457,766,6.69985500866101,0.214781529087204,0.608433609008789,0.238958041884259,-0.621756295528692,NA,-0.128004415881389,0.0352480417754569,1.9510993085308,FALSE,20454.225884367,"wb",6524.08029755191,"wb",6982604,20454.225884367,6524.08029755191,0.0237583352332852,17452.8285464542,4.31078304773028,"middle"
"SVK",1990,2,"WVS",NA,NA,NA,0.0862068965517241,0.489028213166144,319,6.1511879049676,0.0959595966339111,0.567967872243793,0.137257083617686,NA,NA,-0.465105509245841,-0.0109717868338558,-0.391924757669098,FALSE,17521.025057579,"wb",8597.46391527645,"wb",5299187,17521.025057579,8597.46391527645,NA,8000,4.24355951072633,"middle"
"SVK",1998,3,"WVS",0.120430107526882,0.120430107526882,NA,0.136986301369863,0.471279373368146,766,6.06678865507777,0.0858141723129614,0.563273931206821,0.141648037837874,0.338885392803732,NA,-0.0334644431669411,-0.0287206266318538,-1.58978462176583,FALSE,18272.5224455534,"wb",8966.21926231252,"wb",5390516,18272.5224455534,8966.21926231252,0.0510352816655796,15497.1511546105,4.26179850403386,"middle"
"SVK",2017,7,"EVS",0.188870842749917,0.158536585365854,NA,0.157414363784178,0.616336633663366,808,7.30811439591112,0.208929805755615,0.536126018237016,0.179977763889891,-0.100934928162154,NA,-0.133951720924157,0.116336633663366,6.61381692046474,TRUE,35042.7858925618,"wb",17195.2888721963,"wb",5439232,35042.7858925618,17195.2888721963,0.025199537224583,30142.3674521189,4.54459862516934,"high"
"SVK",2022,7,"WVS",0.188646288209607,0.188646288209607,1,0.273333333333333,0.524590163934426,671,6.78,0.25926378745484,0.531902831072528,0.209095437528727,-0.317972257099872,0.631294454682645,0.267901264959757,0.0245901639344263,1.2739508701956,FALSE,38648.9855746919,"wb",18964.8298400624,"wb",5431752,38648.9855746919,18964.8298400624,0.0195901518529137,33172.2257962936,4.58713809941617,"high"
"SVN",1995,3,"WVS",0.135552913198573,0.135552913198573,NA,0.136683417085427,0.533333333333333,690,6.463,0.120870393888885,0.502029106884133,0.149563000055433,0.114643220756417,NA,-0.090050281558035,0.0333333333333333,1.75119007154183,FALSE,24722.6569167591,"wb",13278.7428559643,"wb",1989872,24722.6569167591,13278.7428559643,-0.00501012864039794,21480.327975747,4.39309514207543,"middle"
"SVN",2005,5,"WVS",0.229398663697105,0.229398663697105,1,0.189971070395371,0.506006006006006,666,7.24394966118103,0.181287708282471,0.50648781400021,0.178822507540297,0.235376061676848,0.680255014812422,0.0604780635756867,0.00600600600600598,0.30999370331685,FALSE,35565.0427189638,"wb",19102.2776603905,"wb",2000474,35565.0427189638,19102.2776603905,0.033625539940406,31128.8298416043,4.55102333468716,"high"
"SVN",2011,6,"WVS",0.258872651356994,0.258872651356994,NA,0.209737827715356,0.561781609195402,696,7.35155513666352,0.222077598571777,0.499463818748723,0.192427808789802,0.15330938326383,NA,0.0861372472002681,0.0617816091954023,3.25982158738929,TRUE,38233.2905622851,"wb",20535.4155754108,"wb",2052843,38233.2905622851,20535.4155754108,0.00362531378969528,33568.067345579,4.5824416773427,"high"
"SVN",2017,7,"EVS",0.252721732144656,0.328497409326425,NA,0.212318498874051,0.554285714285714,700,7.67241830432672,0.281766605377197,0.552451133728027,0.223576872815777,-0.108790077270856,NA,-0.0516678044271396,0.0542857142857143,2.87252999487013,TRUE,41700.651085028,"wb",22397.7634988337,"wb",2066388,41700.651085028,22397.7634988337,0.02369984215056,36507.5530416531,4.62014283579936,"high"
"SWE",1996,3,"WVS",0.311791383219955,0.311791383219955,NA,0.153617443012884,0.465909090909091,704,7.77259185700099,0.251020902152771,0.839365712484942,0.214942780500392,0.216798109468298,NA,-0.335906479951618,-0.0340909090909091,-1.80906806746658,FALSE,41008.3531746727,"wb",35605.4537507466,"wb",8840998,41008.3531746727,35605.4537507466,0.00765168259730231,34719.1107469171,4.61287232911404,"high"
"SWE",2006,5,"WVS",0.503311258278146,0.503311258278146,NA,0.181455633100698,0.470866141732283,635,7.72155688622755,0.280866394042969,0.844553200620359,0.209090912110973,0.583329692228874,NA,-0.141757965465656,-0.0291338582677165,-1.46830021174521,FALSE,55373.9338115393,"wb",48078.3520110084,"wb",9080505,55373.9338115393,48078.3520110084,0.0269639087830011,47292.3136933265,4.7433053772587,"high"
"SWE",2011,6,"WVS",0.525720164609053,0.525720164609053,NA,0.250414593698176,0.503576537911302,699,7.62043189368771,0.292780895233154,0.853600748880524,0.223626364102128,0.585344533287672,NA,0.113141277305979,0.00357653791130186,0.189117368618058,FALSE,56846.1368290625,"wb",49356.5905257047,"wb",9449213,56846.1368290625,49356.5905257047,0.00524785798418712,48947.4393112155,4.75470095608043,"high"
"SWE",2017,7,"EVS",0.422061439446125,0.480074142724745,NA,0.155496279089163,0.512520868113522,599,7.64268820521389,0.328181190490723,0.87237373786911,0.240535931428622,0.251585028648637,NA,-0.436247678769967,0.0125208681135225,0.612883384834075,FALSE,59769.0136237,"wb",51894.3748177808,"wb",10057698,59769.0136237,51894.3748177808,0.0123378631034694,51947.9542478244,4.77647608867091,"high"
"THA",2007,5,"WVS",0.113702623906706,0.113702623906706,NA,0.138542350623769,0.50388265746333,1159,7.21279373368146,0.0922171596909347,0.407036878697821,0.100824854890499,0.209440250915776,NA,0.317791158026079,0.0038826574633305,0.264363072950724,FALSE,15744.3652449147,"wb",4760.66708464831,"wb",67102394,15744.3652449147,4760.66708464831,0.0459342210830606,13330.2088760218,4.19712515616419,"middle"
"THA",2013,6,"WVS",0.165031222123104,0.165031222123104,NA,0.0443514644351464,0.464692482915718,878,7.56605351170569,0.168965606689453,0.458321343847773,0.117038746021333,-0.0235605025103604,NA,-0.970359314382382,-0.0353075170842825,-2.09239865189477,TRUE,18244.4071505088,"wb",5516.61164164135,"wb",69845114,18244.4071505088,5516.61164164135,0.0275895640921902,15442.3800948974,4.26112975559073,"middle"
"THA",2018,7,"WVS",0.120639534883721,0.120639534883721,1,0.0740493662441628,0.537616229923922,1183,6.59732441471572,0.193189296722412,0.545843734741211,0.141867864239882,-0.470863471410875,0.605422544307971,-0.650164108672343,0.0376162299239222,2.58760293060163,TRUE,20882.1707419576,"wb",6314.19948412043,"wb",71376079,20882.1707419576,6314.19948412043,0.027007428958737,17669.0455750573,4.3197756424266,"middle"
"TJK",2020,7,"WVS",0.421810699588477,0.421810699588477,1,0.0666666666666667,0.494469026548673,904,7.94916666666667,0.22869930267334,0.261925442328719,0.0512947761504161,0.61214858228499,1.33969538698356,0.262116160314758,-0.00553097345132741,-0.332595052618869,FALSE,3724.7489591466,"wb",1171.90127480359,"wb",9749310,3724.7489591466,1171.90127480359,0.0405333583674752,3651.94266028347,3.57109700746516,"low"
"TTO",2006,5,"WVS",0.0815085158150852,0.0815085158150852,NA,0.12874251497006,0.563265306122449,490,7.26026026026026,0.13548,0.551782455797922,0.0692354780832168,-0.508116524632648,NA,0.620300981391683,0.063265306122449,2.80087449900628,TRUE,33348.7507470886,"wb",17021.2241679562,"wb",1297944,33348.7507470886,17021.2241679562,0.098623297971513,26162.6444225462,4.52307956977258,"high"
"TTO",2010,6,"WVS",0.0779976717112922,0.0779976717112922,NA,0.172344689378758,0.53927813163482,471,7.46593186372746,0.212596397399902,0.540899565963587,0.0780835076450565,-1.00271654393752,NA,0.791717614655536,0.0392781316348195,1.70487000706114,FALSE,35145.1253639062,"wb",17938.0949459463,"wb",1317714,35145.1253639062,17938.0949459463,0.0347722384714014,27329.4246816572,4.5458650967992,"high"
"TUN",2013,6,"WVS",0.121081081081081,0.121081081081081,NA,0.105394190871369,0.504918032786885,610,5.58263772954925,0.130610888054695,0.674999542236328,0.0886074034175671,-0.0757621700871296,NA,0.173492105378194,0.0049180327868853,0.242932899053677,FALSE,12587.9950645596,"wb",3947.58763533174,"wb",11141361,12587.9950645596,3947.58763533174,0.00973085029699909,10563.3745945958,4.09995656396513,"middle"
"TUN",2019,7,"WVS",0.129894937917861,0.129894937917861,1,0.107053941908714,0.537826685006878,727,5.52195526097763,0.161405249712393,0.688206382576031,0.10610094474087,-0.217192327558323,0.373666511357737,0.00894188758927312,0.0378266850068776,2.03983708926878,TRUE,13243.9024233246,"wb",4153.27978615515,"wb",11875081,13243.9024233246,4153.27978615515,0.0064437222531307,11113.8028778222,4.12201597235428,"middle"
"TUR",1990,2,"WVS",0.0890957446808511,0.0890957446808511,NA,0.0400390625,0.506105834464043,737,6.40506329113924,0.1795,0.510313960347918,0.0738574886269115,-0.70046363350507,NA,-0.612281866957448,0.00610583446404345,0.331519260907692,FALSE,12184.1995945303,"wb",5188.18244439241,"wb",56015628,12184.1995945303,5188.18244439241,0.0345782452474001,12535.9196393844,4.08579700474797,"middle"
"TUR",1996,3,"WVS",0.159074982480729,0.159074982480729,NA,0.042766631467793,0.497816593886463,1374,6.17894736842105,0.16288,0.557904438860013,0.0772670728100243,-0.0236380543754547,NA,-0.591509738700304,-0.00218340611353712,-0.161866838365508,FALSE,13826.9201097072,"wb",5887.67309798528,"wb",61951134,13826.9201097072,5887.67309798528,0.0273788877813754,14205.066788744,4.14072545354979,"middle"
"TUR",2001,4,"WVS",0.307137433561124,0.307137433561124,NA,0.047689137474242,0.520963055209631,2409,5.80029411764706,0.0733287000656128,0.598722461417316,0.0849429012402663,1.43234323897261,NA,-0.577275634596664,0.0209630552096306,2.05779910398109,TRUE,13872.1287284566,"wb",5906.92348536699,"wb",66245128,13872.1287284566,5906.92348536699,0.000652855037107614,14136.6705970308,4.14214311025028,"middle"
"TUR",2007,5,"WVS",0.134831460674157,0.134831460674157,NA,0.0542347696879643,0.529675251959686,893,7.4554234769688,0.0892607975006104,0.653389618154687,0.0954235607373355,0.412463165296791,NA,-0.565003305933434,0.0296752519596865,1.77357737573717,FALSE,19909.083519675,"wb",8477.53328393352,"wb",70158112,19909.083519675,8477.53328393352,0.0621968073143734,19757.8203114617,4.29905126849005,"middle"
"TUR",2011,6,"WVS",0.169710806697108,0.169710806697108,NA,0.0641744548286604,0.536053130929791,1054,7.27232979387883,0.127643203735352,0.710028723528334,0.0975437535258704,0.284856950527095,NA,-0.418695799807623,0.0360531309297912,2.34095619380805,TRUE,21760.4291923634,"wb",9265.85910238578,"wb",74223629,21760.4291923634,9265.85910238578,0.027425693121705,21716.2651537909,4.33766745692857,"middle"
"TUR",2018,7,"WVS",0.168302257114818,0.168302257114818,1,0.0124275062137531,0.53226879574185,1503,6.51808731808732,0.173059776845331,0.881655749576173,0.106296220459033,-0.0278755533481861,0.125953605767772,-2.14631747031066,0.0322687957418496,2.50202845186037,TRUE,28780.3036458151,"wb",12255.0082146169,"wb",81407204,28780.3036458151,12255.0082146169,0.0353522649129509,28157.9779161848,4.45909537163694,"middle"
"TWN",1998,3,"WVS",0.375857338820302,0.375857338820302,NA,0.0756410256410256,0.53,600,6.56041131105398,NA,NA,NA,NA,NA,NA,0.03,1.46969384566991,FALSE,27774.5383701078,"imf",17729.7651475866,"imf",21929000,NA,NA,0.00746915156283414,18527,4.44364684943177,"middle"
"TWN",2006,5,"WVS",0.354536950420954,0.354536950420954,NA,0.118989405052975,0.49559748427673,795,6.66259168704156,NA,NA,NA,NA,NA,NA,-0.00440251572327044,-0.248264415746168,FALSE,39087.3926086822,"imf",19590.1759585367,"imf",22877000,NA,NA,0.0226117236557812,31221,4.59203670104291,"high"
"TWN",2012,6,"WVS",0.39356669820246,0.39356669820246,NA,0.140650406504065,0.525965379494008,751,6.88569078947368,NA,NA,NA,NA,NA,NA,0.025965379494008,1.42313021207921,FALSE,47366.1418963946,"imf",22186.5818493197,"imf",23316000,NA,NA,0.0205589359257928,41741,4.67546801167869,"high"
"TWN",2019,7,"WVS",0.49009009009009,0.49009009009009,NA,0.198036006546645,0.492647058823529,680,7.06868356500409,NA,NA,NA,NA,NA,NA,-0.00735294117647056,-0.383482494423684,FALSE,55488.5971451196,"imf",24203.4561144354,"imf",23603000,NA,NA,0.0101111159510804,53487,4.74420374518117,"high"
"TZA",2001,4,"WVS",0.249723756906077,0.249723756906077,NA,0.0488656195462478,0.382916053019146,679,3.86637554585153,0.00930390000343323,0.225963228653037,0.049997792556891,3.28992166709223,NA,-0.0229047831487754,-0.117083946980854,-6.10185997380402,TRUE,1899.74536132813,"wb",573.400146484375,"wb",35198299,1899.74536132813,573.400146484375,0.0186556022057855,1413.24450683594,3.27869539275216,"low"
"UGA",2001,4,"WVS",0.620790629575403,0.620790629575403,NA,0.00199600798403194,0.45489443378119,521,5.65069860279441,0.0480753993988037,0.119013889740088,0.0506463668759896,2.55822327537554,NA,-2.31542958569754,-0.04510556621881,-2.05910738539012,TRUE,1516.96423755695,"wb",519.456547890884,"wb",24745676,1516.96423755695,519.456547890884,0.0206801945368529,1266.72736140786,3.18097534241181,"low"
"UKR",1996,3,"WVS",0.216482649842271,0.216482649842271,NA,0.156172180718605,0.558059774620284,2041,3.95279130760584,0.50278,0.677194202781316,0.167775656537843,-0.842642293742991,NA,-0.0716685880901176,0.0580597746202842,5.24598257431482,TRUE,9969.5009765625,"wb",1355.57336425781,"wb",51226109,9969.5009765625,1355.57336425781,-0.146932133139875,7179.677734375,3.99867342024253,"low"
"UKR",2006,5,"WVS",0.353365384615385,0.353365384615385,NA,0.129,0.635294117647059,595,5.80823293172691,0.6474,0.680293347798948,0.180964716557113,-0.605461735992534,NA,-0.338489671753085,0.135294117647059,6.60035649661084,TRUE,16901.5078125,"wb",2298.13232421875,"wb",47278694,16901.5078125,2298.13232421875,0.0791198589992003,12259.158203125,4.22792545049759,"middle"
"UKR",2011,6,"WVS",0.310657596371882,0.310657596371882,NA,0.202666666666667,0.549411764705882,850,5.89866666666667,0.6706,0.687234299826222,0.170434988408958,-0.769481504668712,NA,0.17320866894189,0.0494117647058824,2.88117623039415,TRUE,17783.95703125,"wb",2418.12084960938,"wb",46307853,17783.95703125,2418.12084960938,0.0101787939989009,12933.3564453125,4.25002840037056,"middle"
"UKR",2020,7,"EVS",0.223759058825346,0.553898305084746,NA,0.217267120947858,0.608695652173913,920,6.19788432531809,0.47213115135608,0.693839100516745,0.20180608167378,-0.746686967325637,NA,0.0738203240253425,0.108695652173913,6.59380473395787,TRUE,17092.5390625,"wb",2324.107421875,"wb",44680014,17092.5390625,2324.107421875,0.0208067343286944,12407.7900390625,4.23280658108978,"middle"
"UKR",2020,7,"WVS",0.663858466722831,0.663858466722831,1,0.197827773467805,0.587962962962963,864,6.09651898734177,0.47213115135608,0.693839100516745,0.20180608167378,0.340812164199036,0.365515188991037,-0.0199104233987042,0.0879629629629629,5.17114501254226,TRUE,17092.5390625,"wb",2324.107421875,"wb",44680014,17092.5390625,2324.107421875,0.0208067343286944,12407.7900390625,4.23280658108978,"middle"
"URY",1996,3,"WVS",0.151972157772622,0.151972157772622,NA,0.187,0.570247933884298,605,7.13453815261044,0.102117900848389,0.907987169022654,0.167027692035259,0.397569295092122,NA,0.11294899761413,0.0702479338842975,3.4557414197724,TRUE,17433.6866851628,"wb",10316.2027570949,"wb",3206324,17433.6866851628,10316.2027570949,0.0372000343642505,13747.2931243277,4.24138923666355,"middle"
"URY",2006,5,"WVS",0.112280701754386,0.112280701754386,NA,0.205,0.553415061295972,571,7.45820745216516,0.0960365962982178,0.924845482788191,0.179785062178158,0.156272671248228,NA,0.131247940762706,0.053415061295972,2.55277054944399,TRUE,19560.0743506382,"wb",11574.470540231,"wb",3289506,19560.0743506382,11574.470540231,0.0167694173882872,15368.6178797876,4.29137050127012,"middle"
"URY",2011,6,"WVS",0.119718309859155,0.119718309859155,NA,0.189,0.529090909090909,550,7.60040363269425,0.10940710067749,0.946036824756941,0.183051801205011,0.090065771911159,NA,0.0319778355799912,0.0290909090909091,1.36448458467591,FALSE,26099.3116487704,"wb",15443.9961926395,"wb",3326825,26099.3116487704,15443.9961926395,0.0576836949227424,20496.4343642184,4.4166290532738,"middle"
"URY",2022,7,"WVS",0.306593406593407,0.306593406593407,1,0.254,0.661764705882353,476,8.12812812812813,0.134545314108318,0.954977416992188,0.192917324452129,0.82362141112289,0.0460675859096034,0.275072540604956,0.161764705882353,7.05857842711723,TRUE,30840.0709827676,"wb",18249.2912168828,"wb",3390913,30840.0709827676,18249.2912168828,0.00711365140738494,24426.6593485458,4.48911536897,"high"
"USA",1995,3,"WVS",0.407885304659498,0.407885304659498,NA,0.247368421052632,0.475099601593626,1004,7.66623207301173,0.429818085973608,0.771977052961919,0.15861966798979,-0.0523760444458915,NA,0.444369496995676,-0.0249003984063745,-1.57798600774451,FALSE,47227.0083257008,"wb",41710.8207256668,"wb",266278000,47227.0083257008,41710.8207256668,0.0124164318733431,43042.2138221145,4.6741904353334,"high"
"USA",1999,4,"WVS",0.687562189054726,0.687562189054726,NA,0.113333333333333,0.606824925816024,674,7.66333333333333,0.332317657187403,0.78812318408817,0.155518038786907,0.727060972023073,NA,-0.316428401009617,0.106824925816024,5.54667275355369,TRUE,53480.8969962416,"wb",47234.2455290381,"wb",279040000,53480.8969962416,47234.2455290381,0.0277882069085141,48743.8828368156,4.72819868275695,"high"
"USA",2006,5,"WVS",0.11013986013986,0.11013986013986,NA,0.184147317854283,0.457182320441989,724,7.26188557614827,0.374542388916016,0.803713066436159,0.152602350441586,-1.22395397058487,NA,0.187900556416389,-0.042817679558011,-2.30421185336621,TRUE,60684.3399832539,"wb",53596.315236412,"wb",298379912,60684.3399832539,53596.315236412,0.0195819564272291,55307.7191487452,4.78307663281637,"high"
"USA",2011,6,"WVS",0.59222333000997,0.59222333000997,NA,0.19489247311828,0.50236326806212,1481,7.4413357400722,0.39944938659668,0.806957554256024,0.162513925884149,0.393796745075752,NA,0.181684290723062,0.00236326806212017,0.181894895117159,FALSE,60253.2035796719,"wb",53215.5362314388,"wb",311839461,60253.2035796719,53215.5362314388,-0.00142598639699116,54954.4639140964,4.77998014269896,"high"
"USA",2017,7,"WVS",0.524496937882765,0.524496937882765,1,0.130970724191063,0.447105788423154,1503,7.22222222222222,0.446631667831651,0.804018678392891,0.184294712802234,0.16070534404879,0.218132778241071,-0.341562357499348,-0.0528942115768463,-4.10126313243093,TRUE,66164.0320014289,"wb",58435.9707535619,"wb",326608609,66164.0320014289,58435.9707535619,0.0157864031650586,59907.7542608847,4.82062196302901,"high"
"UZB",2011,6,"WVS",0.147699757869249,0.147699757869249,NA,0.0706666666666667,0.601092896174863,1098,7.8881446751507,0.519322891235352,0.513395500183105,0.0663469522438059,-1.2573442806305,NA,0.0630761608126473,0.101092896174863,6.69964520714637,TRUE,6170.84149747534,"wb",2512.68783806993,"wb",28823196,6170.84149747534,2512.68783806993,0.0658403715059718,5185.6846199257,3.79034439138994,"low"
"UZB",2022,7,"WVS",0.518789144050104,0.518789144050104,NA,0.0304243394715773,0.522875816993464,918,6.96066433566434,0.615149002075195,0.509847412109375,0.0798619828621259,-0.170366991150668,NA,-0.965057001971612,0.0228758169934641,1.38620656016735,FALSE,10091.3877869999,"wb",4109.08421031655,"wb",34938955,10091.3877869999,4109.08421031655,0.0363737216134201,8073.21043996643,4.003950895354,"middle"
"VEN",1996,3,"WVS",0.183895538628945,0.183895538628945,NA,0.0475,0.501449275362319,690,6.72283066554339,0.1625,0.868229097584563,0.0670143742352843,0.123689869779731,NA,-0.344177426164917,0.00144927536231887,0.0761386987626896,FALSE,18629.2983232097,"imf",3881.59743994053,"wb",22662113,NA,3881.59743994053,-0.00722297682722051,11516,4.27019649740312,"middle"
"VEN",2000,4,"WVS",0.646924829157175,0.646924829157175,NA,0.0558333333333333,0.522189349112426,676,7.51752921535893,0.231873798370361,0.88219476430842,0.0706329506344809,1.02603685295015,NA,-0.235125695888946,0.022189349112426,1.15384615384615,FALSE,17644.87691864,"imf",3732.15152475602,"wb",24526708,NA,3732.15152475602,-0.0125354669294861,11639,4.24661863329718,"middle"
"VEN",2021,7,"WVS",0.290988056460369,0.290988056460369,1,0.0689075630252101,0.510301109350238,631,7.01680672268908,NA,0.891766444746891,0.118853844372112,NA,0.114551013929832,-0.545128599563055,0.0103011093502378,0.517521828627723,FALSE,6135.44718849626,"imf",1272.94397516527,"wb",28237826,NA,1272.94397516527,-0.194978876825043,6165,3.78784622222496,"low"
"VNM",2001,4,"WVS",0.28622754491018,0.28622754491018,NA,0.111,0.496240601503759,798,6.51713709677419,0.06728,0.249489362725143,0.0873030208036377,1.4479240903981,NA,0.240145136503718,-0.00375939849624063,-0.212397697621438,FALSE,4570.26846577385,"wb",1273.8052690094,"wb",77969361,4570.26846577385,1273.8052690094,0.0486168732947988,3879.33895784048,3.65994171205664,"low"
"VNM",2006,5,"WVS",0.0733718054410552,0.0733718054410552,NA,0.107023411371237,0.456204379562044,1096,7.0944669365722,0.0669601011276245,0.280458290558422,0.0847388886836276,0.0914428033209641,NA,0.233472977703734,-0.0437956204379562,-2.89978604798485,TRUE,6098.24495436514,"wb",1699.67620343393,"wb",82167897,6098.24495436514,1699.67620343393,0.0576858137912716,5186.43206476845,3.78520486512488,"low"
"VNM",2020,7,"WVS",0.207377866400798,0.207377866400798,1,0.0283333333333333,0.574223245109321,869,8.02583333333333,0.1368091165921,0.355706676299742,0.100081194775875,0.415955925998415,1.03364883073594,-1.26194283647337,0.0742232451093211,4.37602527851529,TRUE,11851.3965685649,"wb",3303.16949807493,"wb",98079191,11851.3965685649,3303.16949807493,0.0496071623383699,10450.6223815693,4.07376953062322,"middle"
"YEM",2014,6,"WVS",0.167919799498747,0.167919799498747,NA,0.04,0.47247119078105,781,5.88730964467005,0.0498841274948543,0.318626162180918,0.0471235393179418,1.2137836156014,NA,-0.163893195268111,-0.0275288092189501,-1.5386609739737,FALSE,2598.21934015485,"imf",1950.1625450589,"wb",30226309,NA,1950.1625450589,-0.0292663115824499,2095,3.41467581117041,"low"
"ZAF",1982,1,"WVS",NA,NA,NA,0.0613052076466711,NA,0,6.78640153944836,0.0173286995887756,0.486334150579768,0.0643675780687044,NA,NA,-0.0487452674137591,NA,NA,NA,12588.6973818073,"growth",5291.38261097586,"wb",31615339,NA,5291.38261097586,0.0051958876692396,5922,4.09998079371699,"middle"
"ZAF",1990,2,"WVS",0.258281325012002,0.258281325012002,NA,0.0650822669104205,0.562348668280872,1652,6.72440652818991,0.0575,0.519679908313922,0.0634834372191899,1.50226445007964,NA,0.0248730737357261,0.0623486682808717,5.06829866244277,TRUE,10811.1515328296,"wb",4544.23023212165,"wb",40746268,10811.1515328296,4544.23023212165,-0.0136440144676865,10391.9641372069,4.03387195461185,"middle"
"ZAF",1996,3,"WVS",0.163429054054054,0.163429054054054,NA,0,0.474321984997115,1733,6.0830201571575,0.09986,0.535749191516739,0.0694008861463021,0.492609770935559,NA,-2.63046172367584,-0.0256780150028852,-2.13791643206968,TRUE,10623.8603593151,"wb",4465.50649854807,"wb",45123018,10623.8603593151,4465.50649854807,0.00312111232576804,10097.4734410329,4.02628235366763,"middle"
"ZAF",2001,4,"WVS",0.593387720051524,0.593387720051524,NA,0.0783333333333333,0.499375780274657,1602,6.31318864774624,0.0428889081350047,0.570014339378269,0.0730249859009804,2.62723477255327,NA,0.0701715702733978,-0.000624219725343322,-0.0499687792663909,FALSE,11387.492366782,"wb",4786.482450463,"wb",47566800,11387.492366782,4786.482450463,0.0138826287024791,10789.0511567594,4.05642809886663,"middle"
"ZAF",2006,5,"WVS",0.0822701275846898,0.0822701275846898,NA,0.091061265483763,0.494929006085193,1479,7.20053745381256,0.0416617012023926,0.605276465215157,0.0742917992068272,0.680425801594012,NA,0.203531955496906,-0.00507099391480731,-0.390038225619258,FALSE,13444.2332126058,"wb",5650.9883176549,"wb",49998277,13444.2332126058,5650.9883176549,0.0332069328815386,12776.8779422812,4.12853603742354,"middle"
"ZAF",2013,6,"WVS",0.115073529411765,0.115073529411765,NA,0.0464457660719343,0.504424778761062,1582,6.67821641579097,0.113041939107,0.630524024097034,0.0741509564514826,0.0178124178364397,NA,-0.467817656496472,0.00442477876106195,0.351985518607989,FALSE,14681.096638957,"wb",6170.87670863373,"wb",54678791,14681.096638957,6170.87670863373,0.00529256457539056,14017.4110148759,4.16675849743696,"middle"
"ZMB",2007,5,"WVS",0.172067039106145,0.172067039106145,NA,0.0166666666666667,0.458477508650519,578,6.05878332194122,0.02854,0.384034874343601,0.0367590121889928,1.79657755107222,NA,-0.790972708467394,-0.041522491349481,-1.99653679393849,TRUE,2796.3529332184,"wb",1013.08567432637,"wb",12565085,2796.3529332184,1013.08567432637,0.0391394020907871,2641.03156431319,3.44659198369601,"low"
"ZWE",2001,4,"WVS",0.0869565217391304,0.0869565217391304,NA,0.0518962075848303,0.559800664451827,602,3.945,0.0154263997077942,0.324999278382836,0.0582572295880223,1.72932793513161,NA,-0.115622481924757,0.0598006644518272,2.9345009253812,TRUE,6217.43872434863,"wb",1690.14666163116,"wb",11971901,6217.43872434863,1690.14666163116,-0.00809303755935407,2772.325233759,3.79361151379587,"low"
"ZWE",2012,6,"WVS",0.0964419475655431,0.0964419475655431,NA,0.0406666666666667,0.523636363636364,825,6.04133333333333,0.0339971995353699,0.327931752128328,0.0548470723535213,1.04266309307455,NA,-0.299140053726033,0.0236363636363637,1.35780571645445,FALSE,5003.50873397069,"wb",1360.15230034275,"wb",13817887,5003.50873397069,1360.15230034275,0.0640957875113825,2310.8072166663,3.69927466221256,"low"
"ZWE",2020,7,"WVS",0.083864118895966,0.083864118895966,1,0.0957886044591247,0.497368421052632,760,4.9505766062603,0.185999024444028,0.370097671560802,0.0619493114502893,-0.796543571902071,0.993988330988358,0.43582723312591,-0.00263157894736843,-0.145095250022003,FALSE,4527.73949219254,"wb",1230.81933361016,"wb",15526888,4527.73949219254,1230.81933361016,-0.0239108286456768,1990.31941919825,3.65588143135205,"low"
