"","factor(source)","factor(wording)","factor(scale)"
"1","0.0877013866716117","0.0854754735250553","0.0735914421377069"
"2","R^2","0.246768302334374","R^2"
