"","factor(source)","factor(wording)","factor(scale)"
"1","0.0328664711105769","0.0326262444890768","0.0313155485471725"
"2","R^2","0.0968082641468262","R^2"
